billing_account_id,project_id,project_name,service_description,sku_description,usage_start_time,usage_end_time,cost,currency,usage_amount,usage_unit,labels
000000-000000-000000,proj-anon,proj-anon,Cloud SQL,Storage PD Snapshot,2026-03-01 00:00:00,2026-03-01 01:00:00,1.0E-6,EUR,1.7395892825E10,byte-seconds,bigalloc-enabled:false;cloud_sql_backup_id:REDACTED;cloud_sql_bill_to:REDACTED;dg_storage_retention_plan_id:REDACTED;physical-block-size:4096
000000-000000-000000,proj-anon,proj-anon,Cloud Composer,Cloud Composer Network Inter Zone Data Transfer Out,2026-03-01 00:00:00,2026-03-01 01:00:00,1.0E-6,EUR,114531.0,bytes,goog-composer-cluster-name:REDACTED;goog-composer-image-version:cloud-composer-service-2026-02-09-rc3;goog-composer-location:europe-west1;goog-composer-namespace-name:REDACTED;goog-composer-pod-name:REDACTED;goog-terraform-provisioned:true;resource-type:composer;team:ml
000000-000000-000000,proj-anon,proj-anon,Cloud Monitoring,Metric Volume,2026-03-01 00:00:00,2026-03-01 01:00:00,2.23E-4,EUR,1088.0,bytes,goog-agent-metric-class:REDACTED;goog-metric-domain:REDACTED
000000-000000-000000,proj-anon,proj-anon,Networking,Network Intelligence Center Network Analyzer Resource Hours,2026-03-01 00:00:00,2026-03-01 01:00:00,0.003677,EUR,4.0,requests,
000000-000000-000000,proj-anon,proj-anon,Cloud Logging,Log Storage cost,2026-03-01 00:00:00,2026-03-01 01:00:00,1.4E-5,EUR,35844.0,bytes,goog-resource-type:REDACTED
000000-000000-000000,proj-anon,proj-anon,Cloud Composer,Cloud Composer 3 database storage (europe-west1),2026-03-01 00:00:00,2026-03-01 01:00:00,7.55E-4,EUR,1.2562712611081E13,byte-seconds,goog-terraform-provisioned:true;resource-type:composer;team:ml
000000-000000-000000,proj-anon,proj-anon,Artifact Registry,Artifact Registry Storage,2026-03-01 00:00:00,2026-03-01 01:00:00,0.001863,EUR,5.7892382613995E13,byte-seconds,goog-managed-by:REDACTED
000000-000000-000000,proj-anon,proj-anon,Cloud Logging,Log Storage cost,2026-03-01 00:00:00,2026-03-01 01:00:00,1.2E-5,EUR,30548.0,bytes,goog-resource-type:REDACTED
000000-000000-000000,proj-anon,proj-anon,Cloud Composer,Cloud Composer Network Inter Zone Data Transfer Out,2026-03-01 00:00:00,2026-03-01 01:00:00,1.0E-6,EUR,146050.0,bytes,goog-composer-cluster-name:REDACTED;goog-composer-image-version:cloud-composer-service-2026-02-09-rc3;goog-composer-location:europe-west1;goog-composer-namespace-name:REDACTED;goog-composer-pod-name:REDACTED;goog-terraform-provisioned:true;resource-type:composer;team:ml
000000-000000-000000,proj-anon,proj-anon,Secret Manager,Secret access operations,2026-03-01 00:00:00,2026-03-01 01:00:00,0.001454,EUR,580.0,requests,
000000-000000-000000,proj-anon,proj-anon,Cloud Monitoring,Metric Volume,2026-03-01 00:00:00,2026-03-01 01:00:00,5.33E-4,EUR,2592.0,bytes,goog-agent-metric-class:REDACTED;goog-metric-domain:REDACTED
000000-000000-000000,proj-anon,proj-anon,Cloud Composer,Cloud Composer Network Inter Zone Data Transfer Out,2026-03-01 00:00:00,2026-03-01 01:00:00,1.0E-6,EUR,141690.0,bytes,goog-composer-cluster-name:REDACTED;goog-composer-image-version:cloud-composer-service-2026-02-09-rc3;goog-composer-location:europe-west1;goog-composer-namespace-name:REDACTED;goog-composer-pod-name:REDACTED;goog-terraform-provisioned:true;resource-type:composer;team:ml
000000-000000-000000,proj-anon,proj-anon,Cloud Logging,Log Storage cost,2026-03-01 00:00:00,2026-03-01 01:00:00,3.0E-6,EUR,6574.0,bytes,goog-resource-type:REDACTED
000000-000000-000000,proj-anon,proj-anon,Cloud Logging,Log Storage cost,2026-03-01 00:00:00,2026-03-01 01:00:00,1.0E-6,EUR,3806.0,bytes,goog-resource-type:REDACTED
000000-000000-000000,proj-anon,proj-anon,Cloud Logging,Log Storage cost,2026-03-01 00:00:00,2026-03-01 01:00:00,6.51E-4,EUR,1671695.0,bytes,goog-resource-type:REDACTED
000000-000000-000000,proj-anon,proj-anon,Cloud Composer,Cloud Composer 3 standard milli DCU-hours (europe-west1),2026-03-01 00:00:00,2026-03-01 01:00:00,0.058548,EUR,3820944.0,seconds,goog-composer-cluster-name:REDACTED;goog-composer-image-version:cloud-composer-service-2025-10-28-rc0;goog-composer-location:europe-west1;goog-composer-namespace-name:REDACTED;goog-composer-pod-name:REDACTED;goog-terraform-provisioned:true;resource-type:composer;team:ml
000000-000000-000000,proj-anon,proj-anon,Cloud Logging,Log Storage cost,2026-03-01 00:00:00,2026-03-01 01:00:00,4.0E-6,EUR,10913.0,bytes,goog-resource-type:REDACTED
000000-000000-000000,proj-anon,proj-anon,Cloud Logging,Log Storage cost,2026-03-01 00:00:00,2026-03-01 01:00:00,6.0E-6,EUR,15525.0,bytes,goog-resource-type:REDACTED
000000-000000-000000,proj-anon,proj-anon,Cloud Logging,Log Storage cost,2026-03-01 00:00:00,2026-03-01 01:00:00,1.3E-5,EUR,34603.0,bytes,goog-resource-type:REDACTED
000000-000000-000000,proj-anon,proj-anon,Kubernetes Engine,Regional Kubernetes Clusters,2026-03-01 00:00:00,2026-03-01 01:00:00,0.003227,EUR,139.0,seconds,goog-gke-cluster-id-base32:REDACTED;goog-k8s-cluster-location:REDACTED;goog-k8s-cluster-name:REDACTED
000000-000000-000000,proj-anon,proj-anon,Cloud Logging,Log Storage cost,2026-03-01 00:00:00,2026-03-01 01:00:00,9.8E-5,EUR,251292.0,bytes,goog-resource-type:REDACTED
000000-000000-000000,proj-anon,proj-anon,Compute Engine,SSD backed PD Capacity in Milan,2026-03-01 00:00:00,2026-03-01 01:00:00,0.007545,EUR,1.18919054491648E14,byte-seconds,goog-gke-cluster-id-base32:REDACTED;goog-gke-volume:REDACTED;goog-k8s-cluster-location:REDACTED;goog-k8s-node-pool-name:REDACTED
000000-000000-000000,proj-anon,proj-anon,Cloud Logging,Log Storage cost,2026-03-01 00:00:00,2026-03-01 01:00:00,0.001223,EUR,3143387.0,bytes,goog-resource-type:REDACTED
000000-000000-000000,proj-anon,proj-anon,Networking,Networking Telemetry,2026-03-01 00:00:00,2026-03-01 01:00:00,7.61E-4,EUR,3913869.0,bytes,
000000-000000-000000,proj-anon,proj-anon,Cloud Logging,Log Storage cost,2026-03-01 00:00:00,2026-03-01 01:00:00,4.4E-5,EUR,112067.0,bytes,goog-resource-type:REDACTED
000000-000000-000000,proj-anon,proj-anon,Artifact Registry,Artifact Registry Storage,2026-03-01 00:00:00,2026-03-01 01:00:00,2.1E-4,EUR,6.534323795123E12,byte-seconds,
000000-000000-000000,proj-anon,proj-anon,Cloud Logging,Log Storage cost,2026-03-01 00:00:00,2026-03-01 01:00:00,0.020144,EUR,5.1759481E7,bytes,goog-resource-type:REDACTED
000000-000000-000000,proj-anon,proj-anon,Compute Engine,SSD backed PD Capacity in Milan,2026-03-01 00:00:00,2026-03-01 01:00:00,0.015091,EUR,2.37838108983296E14,byte-seconds,goog-gke-cluster-id-base32:REDACTED;goog-gke-node-pool-provisioning-model:REDACTED;goog-gke-volume:REDACTED;goog-k8s-cluster-location:REDACTED;goog-k8s-node-pool-name:REDACTED
000000-000000-000000,proj-anon,proj-anon,Cloud Run,Requests,2026-03-01 00:00:00,2026-03-01 01:00:00,4.0E-6,EUR,14.0,requests,
000000-000000-000000,proj-anon,proj-anon,Cloud Logging,Vended Logs Storage,2026-03-01 00:00:00,2026-03-01 01:00:00,2.01E-4,EUR,1035766.0,bytes,goog-resource-type:REDACTED
000000-000000-000000,proj-anon,proj-anon,Cloud Composer,Cloud Composer 3 standard milli DCU-hours (europe-west1),2026-03-01 00:00:00,2026-03-01 01:00:00,0.003618,EUR,236126.0,seconds,goog-composer-cluster-name:REDACTED;goog-composer-image-version:cloud-composer-service-2026-02-09-rc3;goog-composer-location:europe-west1;goog-composer-namespace-name:REDACTED;goog-composer-pod-name:REDACTED;goog-terraform-provisioned:true;resource-type:composer;team:ml
000000-000000-000000,proj-anon,proj-anon,Compute Engine,E2 Instance Core running in Milan,2026-03-01 00:00:00,2026-03-01 01:00:00,0.005087,EUR,866.0,seconds,env:bastion
000000-000000-000000,proj-anon,proj-anon,Compute Engine,Storage Image,2026-03-01 00:00:00,2026-03-01 01:00:00,3.3E-5,EUR,2.044531811328E12,byte-seconds,cal-account:REDACTED;cal-activity:backup;cal-calid:REDACTED;cal-instanceid:REDACTED;cal-instancename:instance-anon;cal-last-tagged-at:REDACTED;cal-solinstid:REDACTED;cal-solution:REDACTED;cal-userid:REDACTED;cal-volumesnapshot:REDACTED;name:REDACTED
000000-000000-000000,proj-anon,proj-anon,Cloud Logging,Log Storage cost,2026-03-01 00:00:00,2026-03-01 01:00:00,1.0E-6,EUR,2347.0,bytes,goog-resource-type:REDACTED
000000-000000-000000,proj-anon,proj-anon,BigQuery,Analysis (europe-west1),2026-03-01 00:00:00,2026-03-01 01:00:00,2.39E-4,EUR,4.194304E7,bytes,data_source_id:REDACTED;dts_config_id:REDACTED;dts_run_id:REDACTED
000000-000000-000000,proj-anon,proj-anon,Cloud Logging,Log Storage cost,2026-03-01 00:00:00,2026-03-01 01:00:00,7.24E-4,EUR,1859342.0,bytes,goog-resource-type:REDACTED
000000-000000-000000,proj-anon,proj-anon,Cloud Run,Services Min Instance Memory (Request-based billing),2026-03-01 00:00:00,2026-03-01 01:00:00,0.007146,EUR,3.672204128377368E12,byte-seconds,env:qa;scope:REDACTED
000000-000000-000000,proj-anon,proj-anon,Cloud SQL,Cloud SQL for PostgreSQL: Zonal - Standard storage in Netherlands,2026-03-01 00:00:00,2026-03-01 01:00:00,0.002326,EUR,3.8654705664E13,byte-seconds,env:qa;scope:REDACTED
000000-000000-000000,proj-anon,proj-anon,Cloud Logging,Log Storage cost,2026-03-01 00:00:00,2026-03-01 01:00:00,4.06E-4,EUR,1042122.0,bytes,goog-resource-type:REDACTED
000000-000000-000000,proj-anon,proj-anon,Cloud SQL,Storage PD Snapshot,2026-03-01 00:00:00,2026-03-01 01:00:00,2.0E-6,EUR,7.5428482924E10,byte-seconds,bigalloc-enabled:false;cloud_sql_backup_id:REDACTED;cloud_sql_bill_to:REDACTED;dg_storage_retention_plan_id:REDACTED;physical-block-size:4096
000000-000000-000000,proj-anon,proj-anon,Networking,Networking Private Service Connect Partner Select End Point,2026-03-01 00:00:00,2026-03-01 01:00:00,3.22E-4,EUR,139.0,seconds,
000000-000000-000000,proj-anon,proj-anon,Cloud Memorystore for Redis,Redis Capacity Basic M1 Netherlands,2026-03-01 00:00:00,2026-03-01 01:00:00,0.04098,EUR,3.716220452864E12,byte-seconds,env:dev;goog-terraform-provisioned:true;scope:REDACTED
000000-000000-000000,proj-anon,proj-anon,Cloud Logging,Log Storage cost,2026-03-01 00:00:00,2026-03-01 01:00:00,4.7E-5,EUR,119617.0,bytes,goog-resource-type:REDACTED
000000-000000-000000,proj-anon,proj-anon,Cloud Logging,Log Storage cost,2026-03-01 00:00:00,2026-03-01 01:00:00,3.7E-5,EUR,94760.0,bytes,goog-resource-type:REDACTED
000000-000000-000000,proj-anon,proj-anon,Cloud Logging,Log Storage cost,2026-03-01 00:00:00,2026-03-01 01:00:00,3.0E-6,EUR,6953.0,bytes,goog-resource-type:REDACTED
000000-000000-000000,proj-anon,proj-anon,BigQuery,Analysis (europe-west1),2026-03-01 00:00:00,2026-03-01 01:00:00,5.67E-4,EUR,9.961472E7,bytes,airflow-dag:REDACTED;airflow-task:REDACTED
000000-000000-000000,proj-anon,proj-anon,Cloud Logging,Vended Logs Storage,2026-03-01 00:00:00,2026-03-01 01:00:00,1.1E-4,EUR,566576.0,bytes,goog-resource-type:REDACTED
000000-000000-000000,proj-anon,proj-anon,Cloud Composer,Cloud Composer Network Inter Zone Data Transfer Out,2026-03-01 00:00:00,2026-03-01 01:00:00,1.0E-6,EUR,171714.0,bytes,goog-composer-cluster-name:REDACTED;goog-composer-image-version:cloud-composer-service-2026-02-09-rc3;goog-composer-location:europe-west1;goog-composer-namespace-name:REDACTED;goog-composer-pod-name:REDACTED;goog-terraform-provisioned:true;resource-type:composer;team:ml
000000-000000-000000,proj-anon,proj-anon,Kubernetes Engine,Regional Kubernetes Clusters,2026-03-01 00:00:00,2026-03-01 01:00:00,0.080352,EUR,3461.0,seconds,goog-gke-cluster-id-base32:REDACTED;goog-k8s-cluster-location:REDACTED;goog-k8s-cluster-name:REDACTED
000000-000000-000000,proj-anon,proj-anon,Cloud Run,Cloud Run Network Inter Region Data Transfer Out Europe to Europe,2026-03-01 00:00:00,2026-03-01 01:00:00,1.0E-5,EUR,716228.0,bytes,
000000-000000-000000,proj-anon,proj-anon,Compute Engine,Storage Image,2026-03-01 00:00:00,2026-03-01 01:00:00,7.0E-5,EUR,4.365154741056E12,byte-seconds,cal-account:REDACTED;cal-activity:backup;cal-calid:REDACTED;cal-instanceid:REDACTED;cal-instancename:instance-anon;cal-last-tagged-at:REDACTED;cal-solinstid:REDACTED;cal-solution:REDACTED;cal-userid:REDACTED;cal-volumesnapshot:REDACTED;name:REDACTED
000000-000000-000000,proj-anon,proj-anon,Cloud Composer,Cloud Composer 3 standard milli DCU-hours (europe-west1),2026-03-01 00:00:00,2026-03-01 01:00:00,0.002351,EUR,153456.0,seconds,goog-composer-cluster-name:REDACTED;goog-composer-image-version:cloud-composer-service-2025-10-28-rc0;goog-composer-location:europe-west1;goog-composer-namespace-name:REDACTED;goog-composer-pod-name:REDACTED;goog-terraform-provisioned:true;resource-type:composer;team:ml
000000-000000-000000,proj-anon,proj-anon,Vertex AI,Metadata storage,2026-03-01 00:00:00,2026-03-01 01:00:00,4.6E-5,EUR,1.4516486144E10,byte-seconds,
000000-000000-000000,proj-anon,proj-anon,Cloud Logging,Log Storage cost,2026-03-01 00:00:00,2026-03-01 01:00:00,2.3E-5,EUR,58707.0,bytes,goog-resource-type:REDACTED
000000-000000-000000,proj-anon,proj-anon,Artifact Registry,Artifact Registry Storage,2026-03-01 00:00:00,2026-03-01 01:00:00,8.68E-4,EUR,2.6983578052625E13,byte-seconds,
000000-000000-000000,proj-anon,proj-anon,Cloud SQL,Storage PD Snapshot,2026-03-01 00:00:00,2026-03-01 01:00:00,1.0E-6,EUR,2.58566916E10,byte-seconds,bigalloc-enabled:false;cloud_sql_backup_id:REDACTED;cloud_sql_bill_to:REDACTED;dg_storage_retention_plan_id:REDACTED;physical-block-size:4096
000000-000000-000000,proj-anon,proj-anon,Cloud Logging,Log Storage cost,2026-03-01 00:00:00,2026-03-01 01:00:00,3.3E-5,EUR,85715.0,bytes,goog-resource-type:REDACTED
000000-000000-000000,proj-anon,proj-anon,Compute Engine,Network Internet Data Transfer Out from Belgium to Apac(Excluding Korea and Indonesia),2026-03-01 00:00:00,2026-03-01 01:00:00,1.2E-5,EUR,129740.0,bytes,
000000-000000-000000,proj-anon,proj-anon,Cloud Logging,Log Storage cost,2026-03-01 00:00:00,2026-03-01 01:00:00,3.0E-6,EUR,7936.0,bytes,goog-resource-type:REDACTED
000000-000000-000000,proj-anon,proj-anon,Networking,Network Intelligence Center Network Analyzer Resource Hours,2026-03-01 00:00:00,2026-03-01 01:00:00,9.19E-4,EUR,1.0,requests,
000000-000000-000000,proj-anon,proj-anon,Compute Engine,Storage PD Snapshot in US,2026-03-01 00:00:00,2026-03-01 01:00:00,2.1E-5,EUR,1.009879043264E12,byte-seconds,
000000-000000-000000,proj-anon,proj-anon,Networking,Networking Telemetry,2026-03-01 00:00:00,2026-03-01 01:00:00,1.0E-6,EUR,0.0,bytes,
000000-000000-000000,proj-anon,proj-anon,Compute Engine,External IP Charge on a Standard VM,2026-03-01 00:00:00,2026-03-01 01:00:00,0.008036,EUR,6922.0,seconds,goog-ops-agent-policy:REDACTED
000000-000000-000000,proj-anon,proj-anon,Artifact Registry,Artifact Registry Storage,2026-03-01 00:00:00,2026-03-01 01:00:00,2.98E-4,EUR,9.268645400439E12,byte-seconds,
000000-000000-000000,proj-anon,proj-anon,Cloud Run,Requests,2026-03-01 00:00:00,2026-03-01 01:00:00,5.0E-6,EUR,14.0,requests,
000000-000000-000000,proj-anon,proj-anon,Cloud Composer,Cloud Composer 3 standard milli DCU-hours (europe-west1),2026-03-01 00:00:00,2026-03-01 01:00:00,0.003699,EUR,241400.0,seconds,goog-composer-cluster-name:REDACTED;goog-composer-image-version:cloud-composer-service-2025-10-28-rc0;goog-composer-location:europe-west1;goog-composer-namespace-name:REDACTED;goog-composer-pod-name:REDACTED;goog-terraform-provisioned:true;resource-type:composer;team:ml
000000-000000-000000,proj-anon,proj-anon,Cloud Logging,Log Storage cost,2026-03-01 00:00:00,2026-03-01 01:00:00,0.004253,EUR,1.0928696E7,bytes,goog-resource-type:REDACTED
000000-000000-000000,proj-anon,proj-anon,Compute Engine,Static Ip Charge,2026-03-01 00:00:00,2026-03-01 01:00:00,0.008034,EUR,3461.0,seconds,
000000-000000-000000,proj-anon,proj-anon,Cloud Logging,Log Storage cost,2026-03-01 00:00:00,2026-03-01 01:00:00,4.46E-4,EUR,1146332.0,bytes,goog-resource-type:REDACTED
000000-000000-000000,proj-anon,proj-anon,Cloud Composer,Cloud Composer Network Inter Zone Data Transfer Out,2026-03-01 00:00:00,2026-03-01 01:00:00,1.0E-6,EUR,152645.0,bytes,goog-composer-cluster-name:REDACTED;goog-composer-image-version:cloud-composer-service-2026-02-09-rc3;goog-composer-location:europe-west1;goog-composer-namespace-name:REDACTED;goog-composer-pod-name:REDACTED;goog-terraform-provisioned:true;resource-type:composer;team:ml
000000-000000-000000,proj-anon,proj-anon,Compute Engine,E2 Instance Core running in EMEA,2026-03-01 00:00:00,2026-03-01 01:00:00,0.003097,EUR,556.0,seconds,goog-ops-agent-policy:REDACTED
000000-000000-000000,proj-anon,proj-anon,Cloud Logging,Log Storage cost,2026-03-01 00:00:00,2026-03-01 01:00:00,0.011158,EUR,2.8669301E7,bytes,goog-resource-type:REDACTED
000000-000000-000000,proj-anon,proj-anon,Cloud Logging,Log Storage cost,2026-03-01 00:00:00,2026-03-01 01:00:00,9.0E-6,EUR,24122.0,bytes,goog-resource-type:REDACTED
000000-000000-000000,proj-anon,proj-anon,Cloud Logging,Log Storage cost,2026-03-01 00:00:00,2026-03-01 01:00:00,3.3E-5,EUR,87038.0,bytes,goog-resource-type:REDACTED
000000-000000-000000,proj-anon,proj-anon,Cloud Logging,Log Storage cost,2026-03-01 00:00:00,2026-03-01 01:00:00,4.0E-6,EUR,11111.0,bytes,goog-resource-type:REDACTED
000000-000000-000000,proj-anon,proj-anon,Dataplex,Dataplex Premium Processing (milli DCU-hr) Belgium,2026-03-01 00:00:00,2026-03-01 01:00:00,0.003677,EUR,161800.0,seconds,goog-dataplex-workload-type:REDACTED
000000-000000-000000,proj-anon,proj-anon,Compute Engine,Static Ip Charge,2026-03-01 00:00:00,2026-03-01 01:00:00,0.008036,EUR,3461.0,seconds,
000000-000000-000000,proj-anon,proj-anon,Compute Engine,E2 Instance Ram running in Milan,2026-03-01 00:00:00,2026-03-01 01:00:00,0.002724,EUR,3.716220452864E12,byte-seconds,env:bastion
000000-000000-000000,proj-anon,proj-anon,Compute Engine,Network Internet Data Transfer Out from Belgium to Apac(Excluding Korea and Indonesia),2026-03-01 00:00:00,2026-03-01 01:00:00,2.9E-5,EUR,308993.0,bytes,goog-gke-cluster-id-base32:REDACTED;goog-gke-node:REDACTED;goog-gke-node-pool-provisioning-model:REDACTED;goog-k8s-cluster-location:REDACTED;goog-k8s-cluster-name:REDACTED;goog-k8s-namespace:REDACTED;goog-k8s-node-pool-name:REDACTED;k8s-namespace:REDACTED
000000-000000-000000,proj-anon,proj-anon,Vertex AI,Vertex AI: Online/Batch Prediction N1 Predefined Instance Ram running in EMEA for AI Platform,2026-03-01 00:00:00,2026-03-01 01:00:00,0.017654,EUR,1.3608478628255E13,byte-seconds,resource-type:vertexai-endpoint;team:ml
000000-000000-000000,proj-anon,proj-anon,Cloud Logging,Log Storage cost,2026-03-01 00:00:00,2026-03-01 01:00:00,2.0E-6,EUR,4563.0,bytes,goog-resource-type:REDACTED
000000-000000-000000,proj-anon,proj-anon,Networking,Cloud Load Balancer Forwarding Rule Minimum Global,2026-03-01 00:00:00,2026-03-01 01:00:00,8.06E-4,EUR,139.0,seconds,
000000-000000-000000,proj-anon,proj-anon,Artifact Registry,Artifact Registry Storage,2026-03-01 00:00:00,2026-03-01 01:00:00,1.03E-4,EUR,3.214049807276E12,byte-seconds,
000000-000000-000000,proj-anon,proj-anon,Cloud Logging,Log Storage cost,2026-03-01 00:00:00,2026-03-01 01:00:00,6.0E-6,EUR,15197.0,bytes,goog-resource-type:REDACTED
000000-000000-000000,proj-anon,proj-anon,Compute Engine,Network Internet Data Transfer Out from Milan to EMEA,2026-03-01 00:00:00,2026-03-01 01:00:00,1.4E-5,EUR,153840.0,bytes,env:bastion
000000-000000-000000,proj-anon,proj-anon,Cloud Logging,Log Storage cost,2026-03-01 00:00:00,2026-03-01 01:00:00,2.0E-6,EUR,6057.0,bytes,goog-resource-type:REDACTED
000000-000000-000000,proj-anon,proj-anon,Cloud Logging,Vended Logs Storage,2026-03-01 00:00:00,2026-03-01 01:00:00,3.0E-6,EUR,18300.0,bytes,goog-resource-type:REDACTED
000000-000000-000000,proj-anon,proj-anon,Cloud Composer,Cloud Composer 3 standard milli DCU-hours (europe-west1),2026-03-01 00:00:00,2026-03-01 01:00:00,9.12E-4,EUR,59500.0,seconds,goog-composer-cluster-name:REDACTED;goog-composer-image-version:cloud-composer-service-2026-02-09-rc3;goog-composer-location:europe-west1;goog-composer-namespace-name:REDACTED;goog-composer-pod-name:REDACTED;goog-terraform-provisioned:true;resource-type:composer;team:ml
000000-000000-000000,proj-anon,proj-anon,Notebooks,Workbench Instances Storage for GCE usage - Balanced Persistent Disk in europe-west4,2026-03-01 00:00:00,2026-03-01 01:00:00,0.023675,EUR,5.574330679296E14,byte-seconds,consumer-project-id:REDACTED;consumer-project-number:REDACTED;notebooks-product:REDACTED;resource-name:REDACTED
000000-000000-000000,proj-anon,proj-anon,Cloud Logging,Log Storage cost,2026-03-01 00:00:00,2026-03-01 01:00:00,2.0E-6,EUR,5723.0,bytes,goog-resource-type:REDACTED
000000-000000-000000,proj-anon,proj-anon,Compute Engine,Storage PD Snapshot in European Union,2026-03-01 00:00:00,2026-03-01 01:00:00,0.001031,EUR,4.2724044678809E13,byte-seconds,
000000-000000-000000,proj-anon,proj-anon,Cloud Run,Requests,2026-03-01 00:00:00,2026-03-01 01:00:00,4.0E-6,EUR,11.0,requests,resource-name:REDACTED;resource-type:cloudrun-service;team:ml
000000-000000-000000,proj-anon,proj-anon,Cloud SQL,Network Inter Connect Data Transfer Out Americas,2026-03-01 00:00:00,2026-03-01 01:00:00,4.0E-6,EUR,122506.0,bytes,cloud_sql_bill_to:REDACTED
000000-000000-000000,proj-anon,proj-anon,Cloud Composer,Cloud Composer 3 database storage (europe-west1),2026-03-01 00:00:00,2026-03-01 01:00:00,3.87E-4,EUR,6.442450944E12,byte-seconds,goog-terraform-provisioned:true;resource-type:composer;team:ml
000000-000000-000000,proj-anon,proj-anon,Cloud Run,Services Memory (Request-based billing),2026-03-01 00:00:00,2026-03-01 01:00:00,0.017903,EUR,9.2011084382208E12,byte-seconds,
000000-000000-000000,proj-anon,proj-anon,Cloud Composer,Cloud Composer 3 standard milli DCU-hours (europe-west1),2026-03-01 00:00:00,2026-03-01 01:00:00,0.010413,EUR,679591.0,seconds,goog-terraform-provisioned:true;resource-type:composer;team:ml
000000-000000-000000,proj-anon,proj-anon,Cloud Logging,Log Storage cost,2026-03-01 00:00:00,2026-03-01 01:00:00,0.002256,EUR,5797261.0,bytes,goog-resource-type:REDACTED
000000-000000-000000,proj-anon,proj-anon,Cloud Monitoring,Metric Volume,2026-03-01 00:00:00,2026-03-01 01:00:00,0.001264,EUR,6144.0,bytes,goog-agent-metric-class:REDACTED;goog-metric-domain:REDACTED
000000-000000-000000,proj-anon,proj-anon,Cloud Composer,Cloud Composer Network Inter Zone Data Transfer Out,2026-03-01 00:00:00,2026-03-01 01:00:00,1.0E-6,EUR,0.0,bytes,goog-composer-cluster-name:REDACTED;goog-composer-image-version:cloud-composer-service-2026-02-09-rc3;goog-composer-location:europe-west1;goog-composer-namespace-name:REDACTED;goog-composer-pod-name:REDACTED;goog-terraform-provisioned:true;resource-type:composer;team:ml
000000-000000-000000,proj-anon,proj-anon,Cloud Composer,Cloud Composer Network Inter Zone Data Transfer Out,2026-03-01 00:00:00,2026-03-01 01:00:00,3.9E-5,EUR,5108376.0,bytes,goog-composer-cluster-name:REDACTED;goog-composer-image-version:cloud-composer-service-2026-02-09-rc3;goog-composer-location:europe-west1;goog-composer-namespace-name:REDACTED;goog-composer-pod-name:REDACTED;goog-terraform-provisioned:true;resource-type:composer;team:ml
000000-000000-000000,proj-anon,proj-anon,Cloud Logging,Log Storage cost,2026-03-01 00:00:00,2026-03-01 01:00:00,1.4E-5,EUR,34846.0,bytes,goog-resource-type:REDACTED
000000-000000-000000,proj-anon,proj-anon,Cloud Logging,Log Storage cost,2026-03-01 00:00:00,2026-03-01 01:00:00,0.001528,EUR,3923967.0,bytes,goog-resource-type:REDACTED
000000-000000-000000,proj-anon,proj-anon,Cloud Run,Services Min Instance CPU (Request-based billing),2026-03-01 00:00:00,2026-03-01 01:00:00,0.007146,EUR,3420.006602,seconds,env:qa;scope:REDACTED
000000-000000-000000,proj-anon,proj-anon,Cloud Logging,Log Storage cost,2026-03-01 00:00:00,2026-03-01 01:00:00,6.3E-5,EUR,164061.0,bytes,goog-resource-type:REDACTED
000000-000000-000000,proj-anon,proj-anon,Compute Engine,Storage Image,2026-03-01 00:00:00,2026-03-01 01:00:00,7.0E-5,EUR,4.364448143296E12,byte-seconds,cal-account:REDACTED;cal-activity:backup;cal-calid:REDACTED;cal-instanceid:REDACTED;cal-instancename:instance-anon;cal-last-tagged-at:REDACTED;cal-solinstid:REDACTED;cal-solution:REDACTED;cal-userid:REDACTED;cal-volumesnapshot:REDACTED;name:REDACTED
000000-000000-000000,proj-anon,proj-anon,Cloud Logging,Log Storage cost,2026-03-01 00:00:00,2026-03-01 01:00:00,3.0E-6,EUR,7590.0,bytes,goog-resource-type:REDACTED
000000-000000-000000,proj-anon,proj-anon,Compute Engine,Storage PD Snapshot in European Union,2026-03-01 00:00:00,2026-03-01 01:00:00,2.5E-5,EUR,1.04409122208E12,byte-seconds,
000000-000000-000000,proj-anon,proj-anon,Compute Engine,External IP Charge on a Standard VM,2026-03-01 00:00:00,2026-03-01 01:00:00,1.61E-4,EUR,139.0,seconds,goog-ops-agent-policy:REDACTED
000000-000000-000000,proj-anon,proj-anon,Cloud Logging,Log Storage cost,2026-03-01 00:00:00,2026-03-01 01:00:00,5.0E-6,EUR,14018.0,bytes,goog-resource-type:REDACTED
000000-000000-000000,proj-anon,proj-anon,Compute Engine,Balanced PD Capacity,2026-03-01 00:00:00,2026-03-01 01:00:00,0.00144,EUR,4.47750340608E13,byte-seconds,
000000-000000-000000,proj-anon,proj-anon,Cloud Logging,Log Storage cost,2026-03-01 00:00:00,2026-03-01 01:00:00,1.0E-6,EUR,2727.0,bytes,goog-resource-type:REDACTED
000000-000000-000000,proj-anon,proj-anon,Cloud Logging,Log Storage cost,2026-03-01 00:00:00,2026-03-01 01:00:00,3.3E-5,EUR,85460.0,bytes,goog-resource-type:REDACTED
000000-000000-000000,proj-anon,proj-anon,Secret Manager,Secret version replica storage,2026-03-01 00:00:00,2026-03-01 01:00:00,0.00251,EUR,121135.0,seconds,
000000-000000-000000,proj-anon,proj-anon,Cloud Logging,Log Storage cost,2026-03-01 00:00:00,2026-03-01 01:00:00,6.14E-4,EUR,1576636.0,bytes,goog-resource-type:REDACTED
000000-000000-000000,proj-anon,proj-anon,Compute Engine,Balanced PD Capacity,2026-03-01 00:00:00,2026-03-01 01:00:00,0.035871,EUR,1.1148661358592E15,byte-seconds,
000000-000000-000000,proj-anon,proj-anon,Compute Engine,E2 Instance Ram running in EMEA,2026-03-01 00:00:00,2026-03-01 01:00:00,0.010336,EUR,1.4864881811456E13,byte-seconds,goog-ops-agent-policy:REDACTED
000000-000000-000000,proj-anon,proj-anon,Cloud Composer,Cloud Composer Network Inter Zone Data Transfer Out,2026-03-01 00:00:00,2026-03-01 01:00:00,1.0E-6,EUR,166265.0,bytes,goog-composer-cluster-name:REDACTED;goog-composer-image-version:cloud-composer-service-2026-02-09-rc3;goog-composer-location:europe-west1;goog-composer-namespace-name:REDACTED;goog-composer-pod-name:REDACTED;goog-terraform-provisioned:true;resource-type:composer;team:ml
000000-000000-000000,proj-anon,proj-anon,Cloud Run,Services CPU (Request-based billing),2026-03-01 00:00:00,2026-03-01 01:00:00,4.59E-4,EUR,22.9,seconds,env:qa;scope:REDACTED
000000-000000-000000,proj-anon,proj-anon,Compute Engine,Storage Image,2026-03-01 00:00:00,2026-03-01 01:00:00,8.92E-4,EUR,5.5430095263872E13,byte-seconds,cal-account:REDACTED;cal-activity:backup;cal-calid:REDACTED;cal-instanceid:REDACTED;cal-instancename:instance-anon;cal-last-tagged-at:REDACTED;cal-solinstid:REDACTED;cal-solution:REDACTED;cal-userid:REDACTED;cal-volumesnapshot:REDACTED;name:REDACTED
000000-000000-000000,proj-anon,proj-anon,Cloud Composer,Cloud Composer Network Inter Zone Data Transfer Out,2026-03-01 00:00:00,2026-03-01 01:00:00,1.0E-6,EUR,123176.0,bytes,goog-composer-cluster-name:REDACTED;goog-composer-image-version:cloud-composer-service-2026-02-09-rc3;goog-composer-location:europe-west1;goog-composer-namespace-name:REDACTED;goog-composer-pod-name:REDACTED;goog-terraform-provisioned:true;resource-type:composer;team:ml
000000-000000-000000,proj-anon,proj-anon,Cloud Logging,Log Storage cost,2026-03-01 00:00:00,2026-03-01 01:00:00,0.002885,EUR,7413727.0,bytes,goog-resource-type:REDACTED
000000-000000-000000,proj-anon,proj-anon,Secret Manager,Secret version replica storage,2026-03-01 00:00:00,2026-03-01 01:00:00,1.7E-5,EUR,834.0,seconds,
000000-000000-000000,proj-anon,proj-anon,Cloud Logging,Log Storage cost,2026-03-01 00:00:00,2026-03-01 01:00:00,2.3E-5,EUR,59553.0,bytes,goog-resource-type:REDACTED
000000-000000-000000,proj-anon,proj-anon,Artifact Registry,Artifact Registry Storage,2026-03-01 00:00:00,2026-03-01 01:00:00,8.0E-6,EUR,2.62430247041E11,byte-seconds,
000000-000000-000000,proj-anon,proj-anon,Cloud SQL,Cloud SQL for PostgreSQL: Zonal - Standard storage in EMEA,2026-03-01 00:00:00,2026-03-01 01:00:00,0.002114,EUR,3.8654705664E13,byte-seconds,
000000-000000-000000,proj-anon,proj-anon,Cloud DNS,ManagedZone,2026-03-01 00:00:00,2026-03-01 01:00:00,0.001243,EUR,18000.0,seconds,goog-terraform-provisioned:true
000000-000000-000000,proj-anon,proj-anon,Cloud Logging,Log Storage cost,2026-03-01 00:00:00,2026-03-01 01:00:00,2.0E-6,EUR,4202.0,bytes,goog-resource-type:REDACTED
000000-000000-000000,proj-anon,proj-anon,Compute Engine,Licensing Fee for Windows Server 2025 Datacenter Edition on VM,2026-03-01 00:00:00,2026-03-01 01:00:00,0.073924,EUR,6922.0,seconds,goog-ops-agent-policy:REDACTED
000000-000000-000000,proj-anon,proj-anon,Networking,Networking Telemetry,2026-03-01 00:00:00,2026-03-01 01:00:00,0.001181,EUR,6071745.0,bytes,
000000-000000-000000,proj-anon,proj-anon,Compute Engine,Storage PD Capacity,2026-03-01 00:00:00,2026-03-01 01:00:00,4.0E-6,EUR,2.98500227072E11,byte-seconds,goog-composer-environment:REDACTED;goog-composer-environment-uuid:REDACTED;goog-composer-location:europe-west1;goog-composer-version:REDACTED;goog-gke-cluster-id-base32:REDACTED;goog-gke-volume:REDACTED;goog-k8s-cluster-location:REDACTED;goog-k8s-node-pool-name:REDACTED
000000-000000-000000,proj-anon,proj-anon,Cloud Logging,Log Storage cost,2026-03-01 00:00:00,2026-03-01 01:00:00,0.414419,EUR,1.064800809E9,bytes,goog-resource-type:REDACTED
000000-000000-000000,proj-anon,proj-anon,Cloud Logging,Log Storage cost,2026-03-01 00:00:00,2026-03-01 01:00:00,1.2E-5,EUR,30255.0,bytes,goog-resource-type:REDACTED
000000-000000-000000,proj-anon,proj-anon,Cloud Logging,Vended Logs Storage,2026-03-01 00:00:00,2026-03-01 01:00:00,2.7E-5,EUR,139836.0,bytes,goog-resource-type:REDACTED
000000-000000-000000,proj-anon,proj-anon,Cloud Composer,Cloud Composer 3 standard milli DCU-hours (europe-west1),2026-03-01 00:00:00,2026-03-01 01:00:00,0.02938,EUR,1917394.0,seconds,goog-composer-cluster-name:REDACTED;goog-composer-image-version:cloud-composer-service-2026-02-09-rc3;goog-composer-location:europe-west1;goog-composer-namespace-name:REDACTED;goog-composer-pod-name:REDACTED;goog-terraform-provisioned:true;resource-type:composer;team:ml
000000-000000-000000,proj-anon,proj-anon,Cloud Logging,Log Storage cost,2026-03-01 00:00:00,2026-03-01 01:00:00,0.119781,EUR,3.07762145E8,bytes,goog-resource-type:REDACTED
000000-000000-000000,proj-anon,proj-anon,Cloud Logging,Log Storage cost,2026-03-01 00:00:00,2026-03-01 01:00:00,2.1E-5,EUR,53699.0,bytes,goog-resource-type:REDACTED
000000-000000-000000,proj-anon,proj-anon,Compute Engine,Balanced PD Capacity in Milan,2026-03-01 00:00:00,2026-03-01 01:00:00,8.24E-4,EUR,2.2089016803328E13,byte-seconds,goog-gke-cluster-id-base32:REDACTED;goog-gke-volume:REDACTED;goog-k8s-cluster-location:REDACTED;goog-k8s-node-pool-name:REDACTED
000000-000000-000000,proj-anon,proj-anon,Cloud Logging,Log Storage cost,2026-03-01 00:00:00,2026-03-01 01:00:00,2.1E-5,EUR,53782.0,bytes,goog-resource-type:REDACTED
000000-000000-000000,proj-anon,proj-anon,Cloud Run,Jobs CPU in europe-west1,2026-03-01 00:00:00,2026-03-01 01:00:00,0.160673,EUR,10679.999998,seconds,resource-name:REDACTED;resource-type:cloudrun-job;team:ml
000000-000000-000000,proj-anon,proj-anon,BigQuery,Long Term Logical Storage,2026-03-01 00:00:00,2026-03-01 01:00:00,1.28E-4,EUR,3.9928061755392E13,byte-seconds,
000000-000000-000000,proj-anon,proj-anon,Compute Engine,Storage Image,2026-03-01 00:00:00,2026-03-01 01:00:00,3.0E-6,EUR,1.75284106326E11,byte-seconds,cal-account:REDACTED;cal-activity:backup;cal-calid:REDACTED;cal-instanceid:REDACTED;cal-instancename:instance-anon;cal-last-tagged-at:REDACTED;cal-solinstid:REDACTED;cal-solution:REDACTED;cal-userid:REDACTED;cal-volumesnapshot:REDACTED;name:REDACTED
000000-000000-000000,proj-anon,proj-anon,Compute Engine,Storage PD Snapshot in European Union,2026-03-01 00:00:00,2026-03-01 01:00:00,2.4E-5,EUR,1.015461026121E12,byte-seconds,
000000-000000-000000,proj-anon,proj-anon,Cloud Composer,Cloud Composer 3 standard milli DCU-hours (europe-west1),2026-03-01 00:00:00,2026-03-01 01:00:00,0.004402,EUR,287300.0,seconds,goog-composer-cluster-name:REDACTED;goog-composer-image-version:cloud-composer-service-2026-02-09-rc3;goog-composer-location:europe-west1;goog-composer-namespace-name:REDACTED;goog-composer-pod-name:REDACTED;goog-terraform-provisioned:true;resource-type:composer;team:ml
000000-000000-000000,proj-anon,proj-anon,Cloud Logging,Log Storage cost,2026-03-01 00:00:00,2026-03-01 01:00:00,2.5E-5,EUR,63318.0,bytes,goog-resource-type:REDACTED
000000-000000-000000,proj-anon,proj-anon,Cloud Monitoring,Metric Volume,2026-03-01 00:00:00,2026-03-01 01:00:00,5.33E-4,EUR,2592.0,bytes,goog-agent-metric-class:REDACTED;goog-metric-domain:REDACTED
000000-000000-000000,proj-anon,proj-anon,Compute Engine,External IP Charge on a Standard VM,2026-03-01 00:00:00,2026-03-01 01:00:00,0.004017,EUR,3461.0,seconds,
000000-000000-000000,proj-anon,proj-anon,Networking,Networking Telemetry,2026-03-01 00:00:00,2026-03-01 01:00:00,0.001344,EUR,6901514.0,bytes,
000000-000000-000000,proj-anon,proj-anon,Cloud Logging,Log Storage cost,2026-03-01 00:00:00,2026-03-01 01:00:00,9.0E-6,EUR,24255.0,bytes,goog-resource-type:REDACTED
000000-000000-000000,proj-anon,proj-anon,Cloud Logging,Log Storage cost,2026-03-01 00:00:00,2026-03-01 01:00:00,2.0E-6,EUR,5432.0,bytes,goog-resource-type:REDACTED
000000-000000-000000,proj-anon,proj-anon,Compute Engine,Storage PD Capacity,2026-03-01 00:00:00,2026-03-01 01:00:00,7.5E-5,EUR,5.97000454144E12,byte-seconds,
000000-000000-000000,proj-anon,proj-anon,Networking,Network Intelligence Center Topology and Google Cloud Performance Resource Hours,2026-03-01 00:00:00,2026-03-01 01:00:00,9.19E-4,EUR,1.0,requests,
000000-000000-000000,proj-anon,proj-anon,Cloud Logging,Log Storage cost,2026-03-01 00:00:00,2026-03-01 01:00:00,3.0E-6,EUR,7936.0,bytes,goog-resource-type:REDACTED
000000-000000-000000,proj-anon,proj-anon,Cloud Logging,Log Storage cost,2026-03-01 00:00:00,2026-03-01 01:00:00,2.41E-4,EUR,620657.0,bytes,goog-resource-type:REDACTED
000000-000000-000000,proj-anon,proj-anon,Networking,Network Intelligence Center Internet to Google Cloud Performance Resource Hours,2026-03-01 00:00:00,2026-03-01 01:00:00,0.001336,EUR,2.0,requests,
000000-000000-000000,proj-anon,proj-anon,Cloud Composer,Cloud Composer 3 standard milli DCU-hours (europe-west1),2026-03-01 00:00:00,2026-03-01 01:00:00,0.127416,EUR,8315452.0,seconds,goog-terraform-provisioned:true;resource-type:composer;team:ml
000000-000000-000000,proj-anon,proj-anon,Compute Engine,Balanced PD Capacity,2026-03-01 00:00:00,2026-03-01 01:00:00,4.8E-4,EUR,1.49250113536E13,byte-seconds,goog-gke-cluster-id-base32:REDACTED;goog-gke-node:REDACTED;goog-gke-node-pool-provisioning-model:REDACTED;goog-gke-volume:REDACTED;goog-k8s-cluster-location:REDACTED;goog-k8s-cluster-name:REDACTED;goog-k8s-node-pool-name:REDACTED
000000-000000-000000,proj-anon,proj-anon,Networking,Network Intelligence Center Network Analyzer Resource Hours,2026-03-01 00:00:00,2026-03-01 01:00:00,9.19E-4,EUR,1.0,requests,
000000-000000-000000,proj-anon,proj-anon,Cloud Logging,Log Storage cost,2026-03-01 00:00:00,2026-03-01 01:00:00,4.2E-5,EUR,108953.0,bytes,goog-resource-type:REDACTED
000000-000000-000000,proj-anon,proj-anon,Cloud Composer,Cloud Composer 3 standard milli DCU-hours (europe-west1),2026-03-01 00:00:00,2026-03-01 01:00:00,0.003621,EUR,236300.0,seconds,goog-composer-cluster-name:REDACTED;goog-composer-image-version:cloud-composer-service-2026-02-09-rc3;goog-composer-location:europe-west1;goog-composer-namespace-name:REDACTED;goog-composer-pod-name:REDACTED;goog-terraform-provisioned:true;resource-type:composer;team:ml
000000-000000-000000,proj-anon,proj-anon,Cloud SQL,Cloud SQL for PostgreSQL: Zonal - Enterprise Plus N vCPU in Iowa,2026-03-01 00:00:00,2026-03-01 01:00:00,0.179529,EUR,14400.0,seconds,
000000-000000-000000,proj-anon,proj-anon,Compute Engine,Storage Image,2026-03-01 00:00:00,2026-03-01 01:00:00,8.89E-4,EUR,5.5275861807168E13,byte-seconds,cal-account:REDACTED;cal-activity:backup;cal-calid:REDACTED;cal-instanceid:REDACTED;cal-instancename:instance-anon;cal-last-tagged-at:REDACTED;cal-solinstid:REDACTED;cal-solution:REDACTED;cal-userid:REDACTED;cal-volumesnapshot:REDACTED;name:REDACTED
000000-000000-000000,proj-anon,proj-anon,Cloud Logging,Log Storage cost,2026-03-01 00:00:00,2026-03-01 01:00:00,1.4E-5,EUR,35738.0,bytes,goog-resource-type:REDACTED
000000-000000-000000,proj-anon,proj-anon,Cloud Run,Jobs CPU in us-central1,2026-03-01 00:00:00,2026-03-01 01:00:00,0.00361,EUR,240.0,seconds,
000000-000000-000000,proj-anon,proj-anon,Compute Engine,Network Internet Data Transfer Out from Belgium to Apac(Excluding Korea and Indonesia),2026-03-01 00:00:00,2026-03-01 01:00:00,9.1E-5,EUR,973222.0,bytes,goog-ops-agent-policy:REDACTED
000000-000000-000000,proj-anon,proj-anon,BigQuery,Analysis (europe-west1),2026-03-01 00:00:00,2026-03-01 01:00:00,0.002152,EUR,3.7748736E8,bytes,
000000-000000-000000,proj-anon,proj-anon,Cloud Logging,Log Storage cost,2026-03-01 00:00:00,2026-03-01 01:00:00,1.01E-4,EUR,260059.0,bytes,goog-resource-type:REDACTED
000000-000000-000000,proj-anon,proj-anon,Cloud Composer,Cloud Composer 3 standard milli DCU-hours (europe-west1),2026-03-01 00:00:00,2026-03-01 01:00:00,0.003699,EUR,241400.0,seconds,goog-composer-cluster-name:REDACTED;goog-composer-image-version:cloud-composer-service-2025-10-28-rc0;goog-composer-location:europe-west1;goog-composer-namespace-name:REDACTED;goog-composer-pod-name:REDACTED;goog-terraform-provisioned:true;resource-type:composer;team:ml
000000-000000-000000,proj-anon,proj-anon,Cloud SQL,Cloud SQL for PostgreSQL: Zonal - vCPU in Americas,2026-03-01 00:00:00,2026-03-01 01:00:00,0.034518,EUR,3600.0,seconds,
000000-000000-000000,proj-anon,proj-anon,Cloud Run,Services Min Instance CPU (Request-based billing),2026-03-01 00:00:00,2026-03-01 01:00:00,0.080701,EUR,38623.188336,seconds,
000000-000000-000000,proj-anon,proj-anon,Cloud SQL,Storage PD Snapshot,2026-03-01 00:00:00,2026-03-01 01:00:00,6.7E-5,EUR,2.578889586086E12,byte-seconds,bigalloc-enabled:false;cloud_sql_backup_id:REDACTED;cloud_sql_bill_to:REDACTED;dg_storage_retention_plan_id:REDACTED;physical-block-size:4096
000000-000000-000000,proj-anon,proj-anon,Compute Engine,Balanced PD Capacity in Netherlands,2026-03-01 00:00:00,2026-03-01 01:00:00,2.11E-4,EUR,5.97000454144E12,byte-seconds,
000000-000000-000000,proj-anon,proj-anon,Cloud Logging,Log Storage cost,2026-03-01 00:00:00,2026-03-01 01:00:00,2.0E-6,EUR,5050.0,bytes,goog-resource-type:REDACTED
000000-000000-000000,proj-anon,proj-anon,Cloud Logging,Log Storage cost,2026-03-01 00:00:00,2026-03-01 01:00:00,1.35E-4,EUR,346344.0,bytes,goog-resource-type:REDACTED
000000-000000-000000,proj-anon,proj-anon,Cloud Logging,Log Storage cost,2026-03-01 00:00:00,2026-03-01 01:00:00,1.5E-5,EUR,40217.0,bytes,goog-resource-type:REDACTED
000000-000000-000000,proj-anon,proj-anon,Cloud Logging,Log Storage cost,2026-03-01 00:00:00,2026-03-01 01:00:00,2.9E-5,EUR,74814.0,bytes,goog-resource-type:REDACTED
000000-000000-000000,proj-anon,proj-anon,Cloud Logging,Log Storage cost,2026-03-01 00:00:00,2026-03-01 01:00:00,4.0E-6,EUR,10238.0,bytes,goog-resource-type:REDACTED
000000-000000-000000,proj-anon,proj-anon,Cloud Logging,Log Storage cost,2026-03-01 00:00:00,2026-03-01 01:00:00,4.0E-6,EUR,13970.0,bytes,goog-resource-type:REDACTED
000000-000000-000000,proj-anon,proj-anon,Secret Manager,Secret version replica storage,2026-03-01 00:00:00,2026-03-01 01:00:00,6.7E-5,EUR,3197.0,seconds,
000000-000000-000000,proj-anon,proj-anon,Cloud Composer,Cloud Composer Network Inter Zone Data Transfer Out,2026-03-01 00:00:00,2026-03-01 01:00:00,1.0E-6,EUR,163353.0,bytes,goog-composer-cluster-name:REDACTED;goog-composer-image-version:cloud-composer-service-2026-02-09-rc3;goog-composer-location:europe-west1;goog-composer-namespace-name:REDACTED;goog-composer-pod-name:REDACTED;goog-terraform-provisioned:true;resource-type:composer;team:ml
000000-000000-000000,proj-anon,proj-anon,Cloud Logging,Log Storage cost,2026-03-01 00:00:00,2026-03-01 01:00:00,7.7E-5,EUR,196862.0,bytes,goog-resource-type:REDACTED
000000-000000-000000,proj-anon,proj-anon,Cloud SQL,Storage PD Snapshot,2026-03-01 00:00:00,2026-03-01 01:00:00,1.0E-6,EUR,2.0317223773E10,byte-seconds,bigalloc-enabled:false;cloud_sql_backup_id:REDACTED;cloud_sql_bill_to:REDACTED;dg_storage_retention_plan_id:REDACTED;physical-block-size:4096
000000-000000-000000,proj-anon,proj-anon,Networking,Regional External Passthrough Network Load Balancer Outbound Data Processing for Belgium (europe-west1),2026-03-01 00:00:00,2026-03-01 01:00:00,1.5E-5,EUR,2388369.0,bytes,goog-gke-cluster-id-base32:REDACTED;goog-gke-node:REDACTED;goog-gke-node-pool-provisioning-model:REDACTED;goog-k8s-cluster-location:REDACTED;goog-k8s-cluster-name:REDACTED;goog-k8s-namespace:REDACTED;goog-k8s-node-pool-name:REDACTED;k8s-namespace:REDACTED
000000-000000-000000,proj-anon,proj-anon,Cloud Logging,Log Storage cost,2026-03-01 00:00:00,2026-03-01 01:00:00,5.0E-6,EUR,13383.0,bytes,goog-resource-type:REDACTED
000000-000000-000000,proj-anon,proj-anon,Compute Engine,E2 Instance Ram running in Netherlands,2026-03-01 00:00:00,2026-03-01 01:00:00,0.002586,EUR,3.716220452864E12,byte-seconds,env:dev;goog-terraform-provisioned:true;scope:REDACTED
000000-000000-000000,proj-anon,proj-anon,Cloud Run,Requests,2026-03-01 00:00:00,2026-03-01 01:00:00,8.5E-5,EUR,258.0,requests,
000000-000000-000000,proj-anon,proj-anon,Cloud Composer,Cloud Composer Network Inter Zone Data Transfer Out,2026-03-01 00:00:00,2026-03-01 01:00:00,2.0E-6,EUR,170708.0,bytes,goog-composer-cluster-name:REDACTED;goog-composer-image-version:cloud-composer-service-2026-02-09-rc3;goog-composer-location:europe-west1;goog-composer-namespace-name:REDACTED;goog-composer-pod-name:REDACTED;goog-terraform-provisioned:true;resource-type:composer;team:ml
000000-000000-000000,proj-anon,proj-anon,Compute Engine,E2 Instance Ram running in EMEA,2026-03-01 00:00:00,2026-03-01 01:00:00,2.06E-4,EUR,2.98500227072E11,byte-seconds,serverless-vpc-access:REDACTED
000000-000000-000000,proj-anon,proj-anon,Cloud Run,Requests,2026-03-01 00:00:00,2026-03-01 01:00:00,1.0E-6,EUR,3.0,requests,resource-name:REDACTED;resource-type:cloudrun-service;team:ml
000000-000000-000000,proj-anon,proj-anon,Networking,Network Intelligence Center Internet to Google Cloud Performance Resource Hours,2026-03-01 00:00:00,2026-03-01 01:00:00,0.002005,EUR,3.0,requests,
000000-000000-000000,proj-anon,proj-anon,Compute Engine,N1 Predefined Instance Ram running in EMEA,2026-03-01 00:00:00,2026-03-01 01:00:00,0.028089,EUR,2.787165339648E13,byte-seconds,
000000-000000-000000,proj-anon,proj-anon,Cloud SQL,Cloud SQL for PostgreSQL: Zonal - Enterprise Plus Standard Storage in EMEA,2026-03-01 00:00:00,2026-03-01 01:00:00,0.052859,EUR,9.663676416E14,byte-seconds,
000000-000000-000000,proj-anon,proj-anon,Cloud Logging,Log Storage cost,2026-03-01 00:00:00,2026-03-01 01:00:00,7.5E-5,EUR,193371.0,bytes,goog-resource-type:REDACTED
000000-000000-000000,proj-anon,proj-anon,Cloud Logging,Log Storage cost,2026-03-01 00:00:00,2026-03-01 01:00:00,6.0E-6,EUR,15055.0,bytes,goog-resource-type:REDACTED
000000-000000-000000,proj-anon,proj-anon,Cloud Run,Services CPU (Request-based billing),2026-03-01 00:00:00,2026-03-01 01:00:00,0.020789,EUR,1036.399999,seconds,env:shared;scope:REDACTED
000000-000000-000000,proj-anon,proj-anon,Cloud Run,Services Min Instance Memory (Request-based billing),2026-03-01 00:00:00,2026-03-01 01:00:00,0.028583,EUR,1.468838563446613E13,byte-seconds,env:qa;scope:REDACTED
000000-000000-000000,proj-anon,proj-anon,Cloud Logging,Log Storage cost,2026-03-01 00:00:00,2026-03-01 01:00:00,1.6E-5,EUR,42144.0,bytes,goog-resource-type:REDACTED
000000-000000-000000,proj-anon,proj-anon,Cloud SQL,Cloud SQL: Backups in Netherlands,2026-03-01 00:00:00,2026-03-01 01:00:00,1.0E-6,EUR,4.5334897234E10,byte-seconds,bigalloc-enabled:false;cloud_sql_backup_id:REDACTED;cloud_sql_bill_to:REDACTED;dg_storage_retention_plan_id:REDACTED;env:shared;physical-block-size:4096;scope:REDACTED
000000-000000-000000,proj-anon,proj-anon,Cloud Run,Jobs CPU in europe-west1,2026-03-01 00:00:00,2026-03-01 01:00:00,0.293632,EUR,19517.638007,seconds,
000000-000000-000000,proj-anon,proj-anon,Compute Engine,E2 Instance Core running in EMEA,2026-03-01 00:00:00,2026-03-01 01:00:00,0.038559,EUR,6922.0,seconds,goog-ops-agent-policy:REDACTED
000000-000000-000000,proj-anon,proj-anon,Networking,Network Intelligence Center Network Analyzer Resource Hours,2026-03-01 00:00:00,2026-03-01 01:00:00,0.005515,EUR,6.0,requests,
000000-000000-000000,proj-anon,proj-anon,Cloud SQL,Storage PD Snapshot,2026-03-01 00:00:00,2026-03-01 01:00:00,1.0E-6,EUR,2.1029077586E10,byte-seconds,bigalloc-enabled:false;cloud_sql_backup_id:REDACTED;cloud_sql_bill_to:REDACTED;dg_storage_retention_plan_id:REDACTED;physical-block-size:4096
000000-000000-000000,proj-anon,proj-anon,Compute Engine,Storage PD Snapshot in European Union,2026-03-01 00:00:00,2026-03-01 01:00:00,4.0E-5,EUR,1.663010269205E12,byte-seconds,
000000-000000-000000,proj-anon,proj-anon,Cloud Run,Cloud Run Network Internet Data Transfer Out Europe to Europe,2026-03-01 00:00:00,2026-03-01 01:00:00,0.001004,EUR,1.2302681E7,bytes,
000000-000000-000000,proj-anon,proj-anon,Compute Engine,Balanced PD Capacity,2026-03-01 00:00:00,2026-03-01 01:00:00,0.001195,EUR,3.716220452864E13,byte-seconds,
000000-000000-000000,proj-anon,proj-anon,Vertex AI,Vertex AI: Training/Pipelines on N1 Predefined Instance Ram running in EMEA,2026-03-01 00:00:00,2026-03-01 01:00:00,0.833655,EUR,7.192996478976E14,byte-seconds,
000000-000000-000000,proj-anon,proj-anon,Cloud Logging,Log Storage cost,2026-03-01 00:00:00,2026-03-01 01:00:00,3.0E-6,EUR,7745.0,bytes,goog-resource-type:REDACTED
000000-000000-000000,proj-anon,proj-anon,Vertex AI,AI Pipeline job: Managed Pipeline job count,2026-03-01 00:00:00,2026-03-01 01:00:00,0.025073,EUR,1.0,requests,vertex-ai-pipelines-run-billing-id:REDACTED
000000-000000-000000,proj-anon,proj-anon,Cloud Composer,Cloud Composer 3 standard milli DCU-hours (europe-west1),2026-03-01 00:00:00,2026-03-01 01:00:00,0.00409,EUR,266900.0,seconds,goog-composer-cluster-name:REDACTED;goog-composer-image-version:cloud-composer-service-2025-10-28-rc0;goog-composer-location:europe-west1;goog-composer-namespace-name:REDACTED;goog-composer-pod-name:REDACTED;goog-terraform-provisioned:true;resource-type:composer;team:ml
000000-000000-000000,proj-anon,proj-anon,Cloud SQL,Storage PD Snapshot,2026-03-01 00:00:00,2026-03-01 01:00:00,8.9E-5,EUR,3.445771354706E12,byte-seconds,bigalloc-enabled:false;cloud_sql_backup_id:REDACTED;cloud_sql_bill_to:REDACTED;dg_storage_retention_plan_id:REDACTED;physical-block-size:4096
000000-000000-000000,proj-anon,proj-anon,Cloud Logging,Log Storage cost,2026-03-01 00:00:00,2026-03-01 01:00:00,3.35E-4,EUR,862859.0,bytes,goog-resource-type:REDACTED
000000-000000-000000,proj-anon,proj-anon,Secret Manager,Secret version replica storage,2026-03-01 00:00:00,2026-03-01 01:00:00,0.004302,EUR,207660.0,seconds,
000000-000000-000000,proj-anon,proj-anon,Compute Engine,E2 Instance Ram running in EMEA,2026-03-01 00:00:00,2026-03-01 01:00:00,0.00166,EUR,2.388001816576E12,byte-seconds,goog-ops-agent-policy:REDACTED
000000-000000-000000,proj-anon,proj-anon,Cloud Logging,Log Storage cost,2026-03-01 00:00:00,2026-03-01 01:00:00,2.9E-5,EUR,75923.0,bytes,goog-resource-type:REDACTED
000000-000000-000000,proj-anon,proj-anon,Cloud Logging,Log Storage cost,2026-03-01 00:00:00,2026-03-01 01:00:00,3.0E-6,EUR,8734.0,bytes,goog-resource-type:REDACTED
000000-000000-000000,proj-anon,proj-anon,Networking,Networking Cloud VPN Tunnel Europewest1,2026-03-01 00:00:00,2026-03-01 01:00:00,0.001613,EUR,139.0,seconds,
000000-000000-000000,proj-anon,proj-anon,Cloud Run,Jobs Memory in us-central1,2026-03-01 00:00:00,2026-03-01 01:00:00,0.004513,EUR,2.8991029248E12,byte-seconds,
000000-000000-000000,proj-anon,proj-anon,Cloud Run,Jobs CPU in europe-west1,2026-03-01 00:00:00,2026-03-01 01:00:00,0.167288,EUR,11119.816119,seconds,flow:REDACTED;resource-name:REDACTED;resource-type:cloudrun-job;team:ml
000000-000000-000000,proj-anon,proj-anon,Cloud Logging,Log Storage cost,2026-03-01 00:00:00,2026-03-01 01:00:00,0.00105,EUR,2696684.0,bytes,goog-resource-type:REDACTED
000000-000000-000000,proj-anon,proj-anon,Compute Engine,Hyperdisk Balanced IOPS in Netherlands,2026-03-01 00:00:00,2026-03-01 01:00:00,3.58E-4,EUR,207660.0,seconds,
000000-000000-000000,proj-anon,proj-anon,Cloud Logging,Log Storage cost,2026-03-01 00:00:00,2026-03-01 01:00:00,8.4E-5,EUR,214838.0,bytes,goog-resource-type:REDACTED
000000-000000-000000,proj-anon,proj-anon,Cloud Run,Services CPU (Request-based billing),2026-03-01 00:00:00,2026-03-01 01:00:00,0.031472,EUR,1568.999999,seconds,
000000-000000-000000,proj-anon,proj-anon,Cloud SQL,Cloud SQL for PostgreSQL: Zonal - RAM in EMEA,2026-03-01 00:00:00,2026-03-01 01:00:00,0.023402,EUR,1.54618822656E13,byte-seconds,
000000-000000-000000,proj-anon,proj-anon,Compute Engine,External IP Charge on a Standard VM,2026-03-01 00:00:00,2026-03-01 01:00:00,3.22E-4,EUR,278.0,seconds,goog-ops-agent-policy:REDACTED
000000-000000-000000,proj-anon,proj-anon,Compute Engine,Balanced PD Capacity in Milan,2026-03-01 00:00:00,2026-03-01 01:00:00,2.78E-4,EUR,7.4625056768E12,byte-seconds,
000000-000000-000000,proj-anon,proj-anon,Networking,Network Intelligence Center Internet to Google Cloud Performance Resource Hours,2026-03-01 00:00:00,2026-03-01 01:00:00,0.002674,EUR,4.0,requests,
000000-000000-000000,proj-anon,proj-anon,Compute Engine,External IP Charge on a Standard VM,2026-03-01 00:00:00,2026-03-01 01:00:00,0.004018,EUR,3461.0,seconds,env:bastion
000000-000000-000000,proj-anon,proj-anon,Cloud Run,Services Memory (Request-based billing),2026-03-01 00:00:00,2026-03-01 01:00:00,0.007195,EUR,3.6988258353151997E12,byte-seconds,
000000-000000-000000,proj-anon,proj-anon,Cloud Logging,Log Storage cost,2026-03-01 00:00:00,2026-03-01 01:00:00,5.8E-5,EUR,148764.0,bytes,goog-resource-type:REDACTED
000000-000000-000000,proj-anon,proj-anon,Cloud Logging,Log Storage cost,2026-03-01 00:00:00,2026-03-01 01:00:00,4.0E-6,EUR,11523.0,bytes,goog-resource-type:REDACTED
000000-000000-000000,proj-anon,proj-anon,Cloud Run,Jobs Memory in europe-west1,2026-03-01 00:00:00,2026-03-01 01:00:00,0.001671,EUR,1.0740715334823744E12,byte-seconds,resource-name:REDACTED;resource-type:cloudrun-job;team:ml
000000-000000-000000,proj-anon,proj-anon,Compute Engine,Storage Image,2026-03-01 00:00:00,2026-03-01 01:00:00,1.05E-4,EUR,6.513701012288E12,byte-seconds,cal-account:REDACTED;cal-activity:backup;cal-calid:REDACTED;cal-instanceid:REDACTED;cal-instancename:instance-anon;cal-last-tagged-at:REDACTED;cal-solinstid:REDACTED;cal-solution:REDACTED;cal-userid:REDACTED;cal-volumesnapshot:REDACTED;name:REDACTED
000000-000000-000000,proj-anon,proj-anon,Cloud Logging,Log Storage cost,2026-03-01 00:00:00,2026-03-01 01:00:00,1.0E-6,EUR,3509.0,bytes,goog-resource-type:REDACTED
000000-000000-000000,proj-anon,proj-anon,Compute Engine,Storage Image,2026-03-01 00:00:00,2026-03-01 01:00:00,7.0E-5,EUR,4.350134554816E12,byte-seconds,cal-account:REDACTED;cal-activity:backup;cal-calid:REDACTED;cal-instanceid:REDACTED;cal-instancename:instance-anon;cal-last-tagged-at:REDACTED;cal-solinstid:REDACTED;cal-solution:REDACTED;cal-userid:REDACTED;cal-volumesnapshot:REDACTED;name:REDACTED
000000-000000-000000,proj-anon,proj-anon,Networking,Regional External Passthrough Network Load Balancer Outbound Data Processing for Belgium (europe-west1),2026-03-01 00:00:00,2026-03-01 01:00:00,1.4E-5,EUR,2369908.0,bytes,goog-gke-cluster-id-base32:REDACTED;goog-gke-node:REDACTED;goog-gke-node-pool-provisioning-model:REDACTED;goog-k8s-cluster-location:REDACTED;goog-k8s-cluster-name:REDACTED;goog-k8s-namespace:REDACTED;goog-k8s-node-pool-name:REDACTED;k8s-namespace:REDACTED
000000-000000-000000,proj-anon,proj-anon,Compute Engine,Network Internet Data Transfer Out from EMEA to South America,2026-03-01 00:00:00,2026-03-01 01:00:00,3.0E-6,EUR,17903.0,bytes,goog-ops-agent-policy:REDACTED
000000-000000-000000,proj-anon,proj-anon,Networking,Networking Cloud VPN Tunnel Europewest1,2026-03-01 00:00:00,2026-03-01 01:00:00,0.040176,EUR,3461.0,seconds,
000000-000000-000000,proj-anon,proj-anon,Compute Engine,Network Internet Data Transfer Out from EMEA to Americas,2026-03-01 00:00:00,2026-03-01 01:00:00,1.0E-6,EUR,0.0,bytes,goog-gke-cluster-id-base32:REDACTED;goog-gke-node:REDACTED;goog-gke-node-pool-provisioning-model:REDACTED;goog-k8s-cluster-location:REDACTED;goog-k8s-cluster-name:REDACTED;goog-k8s-node-pool-name:REDACTED
000000-000000-000000,proj-anon,proj-anon,Cloud Logging,Log Storage cost,2026-03-01 00:00:00,2026-03-01 01:00:00,6.46E-4,EUR,1660092.0,bytes,goog-resource-type:REDACTED
000000-000000-000000,proj-anon,proj-anon,Cloud Logging,Log Storage cost,2026-03-01 00:00:00,2026-03-01 01:00:00,4.0E-6,EUR,9477.0,bytes,goog-resource-type:REDACTED
000000-000000-000000,proj-anon,proj-anon,Cloud Logging,Log Storage cost,2026-03-01 00:00:00,2026-03-01 01:00:00,6.9E-5,EUR,177547.0,bytes,goog-resource-type:REDACTED
000000-000000-000000,proj-anon,proj-anon,Compute Engine,Storage PD Capacity,2026-03-01 00:00:00,2026-03-01 01:00:00,4.0E-6,EUR,2.98500227072E11,byte-seconds,goog-composer-environment:REDACTED;goog-composer-environment-uuid:REDACTED;goog-composer-location:europe-west1;goog-composer-version:REDACTED;goog-gke-cluster-id-base32:REDACTED;goog-gke-volume:REDACTED;goog-k8s-cluster-location:REDACTED;goog-k8s-node-pool-name:REDACTED
000000-000000-000000,proj-anon,proj-anon,Cloud Composer,Cloud Composer 3 standard milli DCU-hours (europe-west1),2026-03-01 00:00:00,2026-03-01 01:00:00,0.003959,EUR,258400.0,seconds,goog-composer-cluster-name:REDACTED;goog-composer-image-version:cloud-composer-service-2026-02-09-rc3;goog-composer-location:europe-west1;goog-composer-namespace-name:REDACTED;goog-composer-pod-name:REDACTED;goog-terraform-provisioned:true;resource-type:composer;team:ml
000000-000000-000000,proj-anon,proj-anon,Compute Engine,External IP Charge on a Standard VM,2026-03-01 00:00:00,2026-03-01 01:00:00,0.004018,EUR,3461.0,seconds,env:dev;goog-terraform-provisioned:true;scope:REDACTED
000000-000000-000000,proj-anon,proj-anon,Cloud Logging,Log Storage cost,2026-03-01 00:00:00,2026-03-01 01:00:00,1.1E-5,EUR,28800.0,bytes,goog-resource-type:REDACTED
000000-000000-000000,proj-anon,proj-anon,Compute Engine,Storage PD Capacity in Milan,2026-03-01 00:00:00,2026-03-01 01:00:00,7.1E-5,EUR,4.776003633152E12,byte-seconds,goog-gke-cluster-id-base32:REDACTED;goog-gke-volume:REDACTED;goog-k8s-cluster-location:REDACTED;goog-k8s-node-pool-name:REDACTED
000000-000000-000000,proj-anon,proj-anon,Cloud Composer,Cloud Composer 3 standard milli DCU-hours (europe-west1),2026-03-01 00:00:00,2026-03-01 01:00:00,0.003803,EUR,248200.0,seconds,goog-composer-cluster-name:REDACTED;goog-composer-image-version:cloud-composer-service-2025-10-28-rc0;goog-composer-location:europe-west1;goog-composer-namespace-name:REDACTED;goog-composer-pod-name:REDACTED;goog-terraform-provisioned:true;resource-type:composer;team:ml
000000-000000-000000,proj-anon,proj-anon,Artifact Registry,Artifact Registry Storage,2026-03-01 00:00:00,2026-03-01 01:00:00,1.0E-6,EUR,2.9413390938E10,byte-seconds,
000000-000000-000000,proj-anon,proj-anon,Cloud Composer,Cloud Composer 3 database storage (europe-west1),2026-03-01 00:00:00,2026-03-01 01:00:00,3.87E-4,EUR,6.442450944E12,byte-seconds,goog-terraform-provisioned:true;resource-type:composer;team:ml
000000-000000-000000,proj-anon,proj-anon,Cloud SQL,Storage PD Snapshot,2026-03-01 00:00:00,2026-03-01 01:00:00,1.0E-6,EUR,1.2004661709E10,byte-seconds,bigalloc-enabled:false;cloud_sql_backup_id:REDACTED;cloud_sql_bill_to:REDACTED;dg_storage_retention_plan_id:REDACTED;physical-block-size:4096
000000-000000-000000,proj-anon,proj-anon,Cloud SQL,Storage PD Snapshot,2026-03-01 00:00:00,2026-03-01 01:00:00,9.3E-5,EUR,3.617201257012E12,byte-seconds,bigalloc-enabled:false;cloud_sql_backup_id:REDACTED;cloud_sql_bill_to:REDACTED;dg_storage_retention_plan_id:REDACTED;physical-block-size:4096
000000-000000-000000,proj-anon,proj-anon,Compute Engine,Network Inter Zone Data Transfer Out,2026-03-01 00:00:00,2026-03-01 01:00:00,7.0E-6,EUR,921717.0,bytes,env:bastion
000000-000000-000000,proj-anon,proj-anon,Artifact Registry,Artifact Registry Storage,2026-03-01 00:00:00,2026-03-01 01:00:00,2.0E-4,EUR,6.212149127221E12,byte-seconds,
000000-000000-000000,proj-anon,proj-anon,Cloud Run,Jobs Memory in europe-west1,2026-03-01 00:00:00,2026-03-01 01:00:00,0.117564,EUR,7.551746485176105E13,byte-seconds,
000000-000000-000000,proj-anon,proj-anon,Cloud Logging,Log Storage cost,2026-03-01 00:00:00,2026-03-01 01:00:00,5.0E-6,EUR,14072.0,bytes,goog-resource-type:REDACTED
000000-000000-000000,proj-anon,proj-anon,Cloud Logging,Log Storage cost,2026-03-01 00:00:00,2026-03-01 01:00:00,1.5E-5,EUR,37448.0,bytes,goog-resource-type:REDACTED
000000-000000-000000,proj-anon,proj-anon,Cloud SQL,Cloud SQL: Backups in Netherlands,2026-03-01 00:00:00,2026-03-01 01:00:00,2.0E-6,EUR,4.834282201E10,byte-seconds,bigalloc-enabled:false;cloud_sql_backup_id:REDACTED;cloud_sql_bill_to:REDACTED;dg_storage_retention_plan_id:REDACTED;env:dev;physical-block-size:4096;scope:REDACTED
000000-000000-000000,proj-anon,proj-anon,Cloud Logging,Vended Logs Storage,2026-03-01 00:00:00,2026-03-01 01:00:00,0.001385,EUR,7123745.0,bytes,goog-resource-type:REDACTED
000000-000000-000000,proj-anon,proj-anon,Cloud Logging,Log Storage cost,2026-03-01 00:00:00,2026-03-01 01:00:00,9.0E-6,EUR,22783.0,bytes,goog-resource-type:REDACTED
000000-000000-000000,proj-anon,proj-anon,Compute Engine,Storage Image,2026-03-01 00:00:00,2026-03-01 01:00:00,7.0E-5,EUR,4.352840004672E12,byte-seconds,cal-account:REDACTED;cal-activity:backup;cal-calid:REDACTED;cal-instanceid:REDACTED;cal-instancename:instance-anon;cal-last-tagged-at:REDACTED;cal-solinstid:REDACTED;cal-solution:REDACTED;cal-userid:REDACTED;cal-volumesnapshot:REDACTED;name:REDACTED
000000-000000-000000,proj-anon,proj-anon,Cloud Logging,Log Storage cost,2026-03-01 00:00:00,2026-03-01 01:00:00,4.7E-5,EUR,119302.0,bytes,goog-resource-type:REDACTED
000000-000000-000000,proj-anon,proj-anon,Vertex AI,Vertex AI: Training/Pipelines on E2 Instance Core running in EMEA,2026-03-01 00:00:00,2026-03-01 01:00:00,0.023651,EUR,3692.0,seconds,vertex-ai-pipelines-run-billing-id:REDACTED;vertex_pipelines:REDACTED
000000-000000-000000,proj-anon,proj-anon,Artifact Registry,Artifact Registry Storage,2026-03-01 00:00:00,2026-03-01 01:00:00,0.116681,EUR,3.6263608168496075E15,byte-seconds,goog-managed-by:REDACTED
000000-000000-000000,proj-anon,proj-anon,Secret Manager,Secret version replica storage,2026-03-01 00:00:00,2026-03-01 01:00:00,2.15E-4,EUR,10383.0,seconds,
000000-000000-000000,proj-anon,proj-anon,Compute Engine,Network Inter Zone Data Transfer Out,2026-03-01 00:00:00,2026-03-01 01:00:00,1.17E-4,EUR,1.5124961E7,bytes,goog-ops-agent-policy:REDACTED
000000-000000-000000,proj-anon,proj-anon,Cloud Logging,Log Storage cost,2026-03-01 00:00:00,2026-03-01 01:00:00,2.1E-5,EUR,54426.0,bytes,goog-resource-type:REDACTED
000000-000000-000000,proj-anon,proj-anon,Cloud SQL,Storage PD Snapshot,2026-03-01 00:00:00,2026-03-01 01:00:00,1.0E-6,EUR,2.3243441726E10,byte-seconds,bigalloc-enabled:false;cloud_sql_backup_id:REDACTED;cloud_sql_bill_to:REDACTED;dg_storage_retention_plan_id:REDACTED;physical-block-size:4096
000000-000000-000000,proj-anon,proj-anon,Cloud Run Functions,Cloud Run functions Min-Instance Memory (Request-based billing) in europe-west1,2026-03-01 00:00:00,2026-03-01 01:00:00,0.099751,EUR,5.126103616610063E13,byte-seconds,goog-managed-by:REDACTED
000000-000000-000000,proj-anon,proj-anon,Cloud Logging,Log Storage cost,2026-03-01 00:00:00,2026-03-01 01:00:00,3.0E-6,EUR,8843.0,bytes,goog-resource-type:REDACTED
000000-000000-000000,proj-anon,proj-anon,Compute Engine,Storage Image,2026-03-01 00:00:00,2026-03-01 01:00:00,4.0E-6,EUR,2.28407166342E11,byte-seconds,cal-account:REDACTED;cal-activity:backup;cal-calid:REDACTED;cal-instanceid:REDACTED;cal-instancename:instance-anon;cal-last-tagged-at:REDACTED;cal-solinstid:REDACTED;cal-solution:REDACTED;cal-userid:REDACTED;cal-volumesnapshot:REDACTED;name:REDACTED
000000-000000-000000,proj-anon,proj-anon,Networking,Networking Telemetry,2026-03-01 00:00:00,2026-03-01 01:00:00,5.65E-4,EUR,2908650.0,bytes,
000000-000000-000000,proj-anon,proj-anon,Compute Engine,External IP Charge on a Standard VM,2026-03-01 00:00:00,2026-03-01 01:00:00,0.004017,EUR,3461.0,seconds,
000000-000000-000000,proj-anon,proj-anon,Workflows,Internal Steps,2026-03-01 00:00:00,2026-03-01 01:00:00,1.67E-4,EUR,20.0,requests,
000000-000000-000000,proj-anon,proj-anon,Cloud Monitoring,Prometheus Samples Ingested,2026-03-01 00:00:00,2026-03-01 01:00:00,0.009107,EUR,181651.0,requests,goog-metric-domain:REDACTED
000000-000000-000000,proj-anon,proj-anon,Networking,Regional Internal Application Load Balancer Proxy Instance Charge for Belgium (europe-west1),2026-03-01 00:00:00,2026-03-01 01:00:00,0.020894,EUR,3600.0,seconds,
000000-000000-000000,proj-anon,proj-anon,Compute Engine,Storage Image,2026-03-01 00:00:00,2026-03-01 01:00:00,7.0E-5,EUR,4.35664699392E12,byte-seconds,cal-account:REDACTED;cal-activity:backup;cal-calid:REDACTED;cal-instanceid:REDACTED;cal-instancename:instance-anon;cal-last-tagged-at:REDACTED;cal-solinstid:REDACTED;cal-solution:REDACTED;cal-userid:REDACTED;cal-volumesnapshot:REDACTED;name:REDACTED
000000-000000-000000,proj-anon,proj-anon,Cloud Logging,Log Storage cost,2026-03-01 00:00:00,2026-03-01 01:00:00,0.004589,EUR,1.1792107E7,bytes,goog-resource-type:REDACTED
000000-000000-000000,proj-anon,proj-anon,Compute Engine,Storage PD Capacity,2026-03-01 00:00:00,2026-03-01 01:00:00,3.84E-4,EUR,2.98500227072E13,byte-seconds,
000000-000000-000000,proj-anon,proj-anon,Cloud Run,Requests,2026-03-01 00:00:00,2026-03-01 01:00:00,4.0E-6,EUR,13.0,requests,env:shared;scope:REDACTED
000000-000000-000000,proj-anon,proj-anon,Vertex AI,Vertex AI: Online/Batch Prediction N1 Predefined Instance Core running in Americas for AI Platform,2026-03-01 00:00:00,2026-03-01 01:00:00,0.049629,EUR,5938.0,seconds,
000000-000000-000000,proj-anon,proj-anon,Cloud Logging,Log Storage cost,2026-03-01 00:00:00,2026-03-01 01:00:00,4.0E-6,EUR,11397.0,bytes,goog-resource-type:REDACTED
000000-000000-000000,proj-anon,proj-anon,Compute Engine,E2 Instance Core running in Milan,2026-03-01 00:00:00,2026-03-01 01:00:00,0.001632,EUR,278.0,seconds,goog-ops-agent-policy:REDACTED
000000-000000-000000,proj-anon,proj-anon,Cloud Logging,Log Storage cost,2026-03-01 00:00:00,2026-03-01 01:00:00,8.67E-4,EUR,2228021.0,bytes,goog-resource-type:REDACTED
000000-000000-000000,proj-anon,proj-anon,Cloud Logging,Log Storage cost,2026-03-01 00:00:00,2026-03-01 01:00:00,0.006823,EUR,1.7532114E7,bytes,goog-resource-type:REDACTED
000000-000000-000000,proj-anon,proj-anon,Cloud Logging,Log Storage cost,2026-03-01 00:00:00,2026-03-01 01:00:00,1.0E-6,EUR,3884.0,bytes,goog-resource-type:REDACTED
000000-000000-000000,proj-anon,proj-anon,Compute Engine,SSD backed PD Capacity,2026-03-01 00:00:00,2026-03-01 01:00:00,0.002032,EUR,3.716220452864E13,byte-seconds,cal-account:REDACTED;cal-calid:REDACTED;cal-solinstid:REDACTED;cal-solution:REDACTED;cal-tenantid:REDACTED;cal-tenantname:REDACTED;cal-userid:REDACTED;name:REDACTED
000000-000000-000000,proj-anon,proj-anon,Cloud Run,Services Memory (Request-based billing),2026-03-01 00:00:00,2026-03-01 01:00:00,0.009413,EUR,4.837421665484804E12,byte-seconds,resource-name:REDACTED;resource-type:cloudrun-service;team:ml
000000-000000-000000,proj-anon,proj-anon,Artifact Registry,Artifact Registry Storage,2026-03-01 00:00:00,2026-03-01 01:00:00,0.005384,EUR,1.6733548586616E14,byte-seconds,
000000-000000-000000,proj-anon,proj-anon,Cloud Logging,Log Storage cost,2026-03-01 00:00:00,2026-03-01 01:00:00,3.91E-4,EUR,1005390.0,bytes,goog-resource-type:REDACTED
000000-000000-000000,proj-anon,proj-anon,Cloud Logging,Log Storage cost,2026-03-01 00:00:00,2026-03-01 01:00:00,3.0E-6,EUR,7387.0,bytes,goog-resource-type:REDACTED
000000-000000-000000,proj-anon,proj-anon,Cloud Run,Jobs Memory in europe-west1,2026-03-01 00:00:00,2026-03-01 01:00:00,0.034797,EUR,2.235241285390616E13,byte-seconds,
000000-000000-000000,proj-anon,proj-anon,Compute Engine,Storage PD Snapshot in European Union,2026-03-01 00:00:00,2026-03-01 01:00:00,6.8E-5,EUR,2.832851868672E12,byte-seconds,
000000-000000-000000,proj-anon,proj-anon,Cloud SQL,Storage PD Snapshot,2026-03-01 00:00:00,2026-03-01 01:00:00,2.0E-6,EUR,8.9892843357E10,byte-seconds,bigalloc-enabled:false;cloud_sql_backup_id:REDACTED;cloud_sql_bill_to:REDACTED;dg_storage_retention_plan_id:REDACTED;physical-block-size:4096
000000-000000-000000,proj-anon,proj-anon,Cloud Logging,Log Storage cost,2026-03-01 00:00:00,2026-03-01 01:00:00,1.11E-4,EUR,284609.0,bytes,goog-resource-type:REDACTED
000000-000000-000000,proj-anon,proj-anon,Cloud Logging,Log Storage cost,2026-03-01 00:00:00,2026-03-01 01:00:00,2.3E-5,EUR,58714.0,bytes,goog-resource-type:REDACTED
000000-000000-000000,proj-anon,proj-anon,Compute Engine,External IP Charge on a Spot Preemptible VM,2026-03-01 00:00:00,2026-03-01 01:00:00,8.1E-5,EUR,139.0,seconds,goog-gke-cluster-id-base32:REDACTED;goog-gke-node:REDACTED;goog-gke-node-pool-provisioning-model:REDACTED;goog-k8s-cluster-location:REDACTED;goog-k8s-cluster-name:REDACTED;goog-k8s-namespace:REDACTED;goog-k8s-node-pool-name:REDACTED;k8s-namespace:REDACTED
000000-000000-000000,proj-anon,proj-anon,Compute Engine,External IP Charge on a Standard VM,2026-03-01 00:00:00,2026-03-01 01:00:00,0.016069,EUR,13844.0,seconds,goog-gke-cluster-id-base32:REDACTED;goog-gke-node:REDACTED;goog-gke-node-pool-provisioning-model:REDACTED;goog-k8s-cluster-location:REDACTED;goog-k8s-cluster-name:REDACTED;goog-k8s-namespace:REDACTED;goog-k8s-node-pool-name:REDACTED;k8s-namespace:REDACTED
000000-000000-000000,proj-anon,proj-anon,Cloud Logging,Log Storage cost,2026-03-01 00:00:00,2026-03-01 01:00:00,3.0E-6,EUR,7258.0,bytes,goog-resource-type:REDACTED
000000-000000-000000,proj-anon,proj-anon,Cloud Logging,Log Storage cost,2026-03-01 00:00:00,2026-03-01 01:00:00,0.01384,EUR,3.5564809E7,bytes,goog-resource-type:REDACTED
000000-000000-000000,proj-anon,proj-anon,Networking,Network Intelligence Center Internet to Google Cloud Performance Resource Hours,2026-03-01 00:00:00,2026-03-01 01:00:00,0.003342,EUR,5.0,requests,
000000-000000-000000,proj-anon,proj-anon,Cloud SQL,Cloud SQL for PostgreSQL: Zonal - RAM in EMEA,2026-03-01 00:00:00,2026-03-01 01:00:00,0.021939,EUR,1.4495514624E13,byte-seconds,
000000-000000-000000,proj-anon,proj-anon,Cloud Key Management Service (KMS),Active software symmetric key versions,2026-03-01 00:00:00,2026-03-01 01:00:00,2.0E-6,EUR,139.0,seconds,
000000-000000-000000,proj-anon,proj-anon,Cloud Logging,Log Storage cost,2026-03-01 00:00:00,2026-03-01 01:00:00,1.0E-6,EUR,1976.0,bytes,goog-resource-type:REDACTED
000000-000000-000000,proj-anon,proj-anon,Cloud Logging,Log Storage cost,2026-03-01 00:00:00,2026-03-01 01:00:00,1.4E-5,EUR,34609.0,bytes,goog-resource-type:REDACTED
000000-000000-000000,proj-anon,proj-anon,Cloud Logging,Log Storage cost,2026-03-01 00:00:00,2026-03-01 01:00:00,0.007135,EUR,1.8334251E7,bytes,goog-resource-type:REDACTED
000000-000000-000000,proj-anon,proj-anon,Networking,Regional External Passthrough Network Load Balancer Inbound Data Processing for Milan (europe-west8),2026-03-01 00:00:00,2026-03-01 01:00:00,1.7E-5,EUR,2398384.0,bytes,goog-gke-cluster-id-base32:REDACTED;goog-gke-node:REDACTED;goog-gke-node-pool-provisioning-model:REDACTED;goog-k8s-cluster-location:REDACTED;goog-k8s-cluster-name:REDACTED;goog-k8s-namespace:REDACTED;goog-k8s-node-pool-name:REDACTED;k8s-namespace:REDACTED
000000-000000-000000,proj-anon,proj-anon,Cloud Composer,Cloud Composer Network Inter Zone Data Transfer Out,2026-03-01 00:00:00,2026-03-01 01:00:00,1.0E-6,EUR,151911.0,bytes,goog-composer-cluster-name:REDACTED;goog-composer-image-version:cloud-composer-service-2026-02-09-rc3;goog-composer-location:europe-west1;goog-composer-namespace-name:REDACTED;goog-composer-pod-name:REDACTED;goog-terraform-provisioned:true;resource-type:composer;team:ml
000000-000000-000000,proj-anon,proj-anon,Cloud Logging,Log Storage cost,2026-03-01 00:00:00,2026-03-01 01:00:00,2.4E-5,EUR,60507.0,bytes,goog-resource-type:REDACTED
000000-000000-000000,proj-anon,proj-anon,Cloud Run,Services Min Instance Memory (Request-based billing),2026-03-01 00:00:00,2026-03-01 01:00:00,0.014207,EUR,7.301457072889665E12,byte-seconds,
000000-000000-000000,proj-anon,proj-anon,Cloud Logging,Log Storage cost,2026-03-01 00:00:00,2026-03-01 01:00:00,2.0E-6,EUR,6375.0,bytes,goog-resource-type:REDACTED
000000-000000-000000,proj-anon,proj-anon,Cloud Logging,Vended Logs Storage,2026-03-01 00:00:00,2026-03-01 01:00:00,1.12E-4,EUR,576582.0,bytes,goog-resource-type:REDACTED
000000-000000-000000,proj-anon,proj-anon,Artifact Registry,Artifact Registry Storage,2026-03-01 00:00:00,2026-03-01 01:00:00,1.95E-4,EUR,6.06374124051E12,byte-seconds,goog-managed-by:REDACTED
000000-000000-000000,proj-anon,proj-anon,Cloud Logging,Log Storage cost,2026-03-01 00:00:00,2026-03-01 01:00:00,4.7E-5,EUR,121650.0,bytes,goog-resource-type:REDACTED
000000-000000-000000,proj-anon,proj-anon,Cloud Composer,Cloud Composer Network Inter Zone Data Transfer Out,2026-03-01 00:00:00,2026-03-01 01:00:00,2.66E-4,EUR,3.4252593E7,bytes,goog-composer-cluster-name:REDACTED;goog-composer-image-version:cloud-composer-service-2025-10-28-rc0;goog-composer-location:europe-west1;goog-composer-namespace-name:REDACTED;goog-composer-pod-name:REDACTED;goog-terraform-provisioned:true;resource-type:composer;team:ml
000000-000000-000000,proj-anon,proj-anon,BigQuery,Long Term Logical Storage (europe-west1),2026-03-01 00:00:00,2026-03-01 01:00:00,1.0E-6,EUR,3.80936126464E11,byte-seconds,
000000-000000-000000,proj-anon,proj-anon,Cloud Run,Jobs CPU in europe-west1,2026-03-01 00:00:00,2026-03-01 01:00:00,0.126375,EUR,8399.999998,seconds,
000000-000000-000000,proj-anon,proj-anon,VM Manager,VM Manager Usage (Cloud Ops),2026-03-01 00:00:00,2026-03-01 01:00:00,0.012536,EUR,5.0,requests,
000000-000000-000000,proj-anon,proj-anon,Cloud Logging,Log Storage cost,2026-03-01 00:00:00,2026-03-01 01:00:00,1.23E-4,EUR,316295.0,bytes,goog-resource-type:REDACTED
000000-000000-000000,proj-anon,proj-anon,Vertex AI,Vertex AI: Online/Batch Prediction N1 Predefined Instance Core running in Americas for AI Platform,2026-03-01 00:00:00,2026-03-01 01:00:00,0.028952,EUR,3464.0,seconds,
000000-000000-000000,proj-anon,proj-anon,Cloud Logging,Log Storage cost,2026-03-01 00:00:00,2026-03-01 01:00:00,2.1E-5,EUR,53496.0,bytes,goog-resource-type:REDACTED
000000-000000-000000,proj-anon,proj-anon,Compute Engine,Storage PD Capacity in Milan,2026-03-01 00:00:00,2026-03-01 01:00:00,0.007324,EUR,4.90541099778048E14,byte-seconds,goog-gke-volume:REDACTED;goog-k8s-cluster-location:REDACTED;goog-k8s-cluster-name:REDACTED;goog-k8s-node-pool-name:REDACTED
000000-000000-000000,proj-anon,proj-anon,Compute Engine,Balanced PD Capacity,2026-03-01 00:00:00,2026-03-01 01:00:00,4.79E-4,EUR,1.49250113536E13,byte-seconds,goog-gke-cluster-id-base32:REDACTED;goog-gke-node:REDACTED;goog-gke-node-pool-provisioning-model:REDACTED;goog-gke-volume:REDACTED;goog-k8s-cluster-location:REDACTED;goog-k8s-cluster-name:REDACTED;goog-k8s-node-pool-name:REDACTED
000000-000000-000000,proj-anon,proj-anon,Cloud Logging,Log Storage cost,2026-03-01 00:00:00,2026-03-01 01:00:00,1.0E-6,EUR,1931.0,bytes,goog-resource-type:REDACTED
000000-000000-000000,proj-anon,proj-anon,Cloud SQL,Storage PD Snapshot,2026-03-01 00:00:00,2026-03-01 01:00:00,6.8E-5,EUR,2.659520524767E12,byte-seconds,bigalloc-enabled:false;cloud_sql_backup_id:REDACTED;cloud_sql_bill_to:REDACTED;dg_storage_retention_plan_id:REDACTED;physical-block-size:4096
000000-000000-000000,proj-anon,proj-anon,Networking,Network Intelligence Center Internet to Google Cloud Performance Resource Hours,2026-03-01 00:00:00,2026-03-01 01:00:00,0.002673,EUR,4.0,requests,
000000-000000-000000,proj-anon,proj-anon,Cloud Logging,Log Storage cost,2026-03-01 00:00:00,2026-03-01 01:00:00,4.0E-6,EUR,10435.0,bytes,goog-resource-type:REDACTED
000000-000000-000000,proj-anon,proj-anon,Cloud Composer,Cloud Composer 3 standard milli DCU-hours (europe-west1),2026-03-01 00:00:00,2026-03-01 01:00:00,0.004037,EUR,263500.0,seconds,goog-composer-cluster-name:REDACTED;goog-composer-image-version:cloud-composer-service-2025-10-28-rc0;goog-composer-location:europe-west1;goog-composer-namespace-name:REDACTED;goog-composer-pod-name:REDACTED;goog-terraform-provisioned:true;resource-type:composer;team:ml
000000-000000-000000,proj-anon,proj-anon,Networking,Networking Telemetry,2026-03-01 00:00:00,2026-03-01 01:00:00,1.86E-4,EUR,953927.0,bytes,
000000-000000-000000,proj-anon,proj-anon,Compute Engine,E2 Instance Core running in Netherlands,2026-03-01 00:00:00,2026-03-01 01:00:00,0.009656,EUR,1732.0,seconds,serverless-vpc-access:REDACTED
000000-000000-000000,proj-anon,proj-anon,Compute Engine,Storage Image,2026-03-01 00:00:00,2026-03-01 01:00:00,3.0E-6,EUR,1.75233399113E11,byte-seconds,cal-account:REDACTED;cal-activity:backup;cal-calid:REDACTED;cal-instanceid:REDACTED;cal-instancename:instance-anon;cal-last-tagged-at:REDACTED;cal-solinstid:REDACTED;cal-solution:REDACTED;cal-userid:REDACTED;cal-volumesnapshot:REDACTED;name:REDACTED
000000-000000-000000,proj-anon,proj-anon,Cloud SQL,Storage PD Snapshot,2026-03-01 00:00:00,2026-03-01 01:00:00,1.0E-6,EUR,1.958001989E10,byte-seconds,bigalloc-enabled:false;cloud_sql_backup_id:REDACTED;cloud_sql_bill_to:REDACTED;dg_storage_retention_plan_id:REDACTED;physical-block-size:4096
000000-000000-000000,proj-anon,proj-anon,Networking,Networking Telemetry,2026-03-01 00:00:00,2026-03-01 01:00:00,1.08E-4,EUR,558466.0,bytes,
000000-000000-000000,proj-anon,proj-anon,Compute Engine,Storage PD Capacity in Netherlands,2026-03-01 00:00:00,2026-03-01 01:00:00,5.26E-4,EUR,3.716220452864E13,byte-seconds,
000000-000000-000000,proj-anon,proj-anon,Compute Engine,Micro Instance with burstable CPU running in Americas,2026-03-01 00:00:00,2026-03-01 01:00:00,4.9E-4,EUR,278.0,seconds,serverless-vpc-access:REDACTED
000000-000000-000000,proj-anon,proj-anon,Cloud Composer,Cloud Composer 3 standard milli DCU-hours (europe-west1),2026-03-01 00:00:00,2026-03-01 01:00:00,0.045968,EUR,3000000.0,seconds,goog-terraform-provisioned:true;resource-type:composer;team:ml
000000-000000-000000,proj-anon,proj-anon,Cloud Logging,Log Storage cost,2026-03-01 00:00:00,2026-03-01 01:00:00,2.8E-5,EUR,73157.0,bytes,goog-resource-type:REDACTED
000000-000000-000000,proj-anon,proj-anon,Cloud SQL,Cloud SQL: Backups in Milan,2026-03-01 00:00:00,2026-03-01 01:00:00,1.0E-6,EUR,1.7150777969E10,byte-seconds,bigalloc-enabled:false;cloud_sql_backup_id:REDACTED;cloud_sql_bill_to:REDACTED;dg_storage_retention_plan_id:REDACTED;physical-block-size:4096
000000-000000-000000,proj-anon,proj-anon,Compute Engine,Network Internet Data Transfer Out from EMEA to Africa,2026-03-01 00:00:00,2026-03-01 01:00:00,4.0E-6,EUR,37512.0,bytes,goog-gke-cluster-id-base32:REDACTED;goog-gke-node:REDACTED;goog-gke-node-pool-provisioning-model:REDACTED;goog-k8s-cluster-location:REDACTED;goog-k8s-cluster-name:REDACTED;goog-k8s-namespace:REDACTED;goog-k8s-node-pool-name:REDACTED;k8s-namespace:REDACTED
000000-000000-000000,proj-anon,proj-anon,Cloud Composer,Cloud Composer Network Inter Zone Data Transfer Out,2026-03-01 00:00:00,2026-03-01 01:00:00,1.0E-6,EUR,141204.0,bytes,goog-composer-cluster-name:REDACTED;goog-composer-image-version:cloud-composer-service-2025-10-28-rc0;goog-composer-location:europe-west1;goog-composer-namespace-name:REDACTED;goog-composer-pod-name:REDACTED;goog-terraform-provisioned:true;resource-type:composer;team:ml
000000-000000-000000,proj-anon,proj-anon,Cloud Monitoring,Metric Volume,2026-03-01 00:00:00,2026-03-01 01:00:00,0.001262,EUR,6144.0,bytes,goog-agent-metric-class:REDACTED;goog-metric-domain:REDACTED
000000-000000-000000,proj-anon,proj-anon,Cloud Composer,Cloud Composer 3 standard milli DCU-hours (europe-west1),2026-03-01 00:00:00,2026-03-01 01:00:00,0.058548,EUR,3820944.0,seconds,goog-composer-cluster-name:REDACTED;goog-composer-image-version:cloud-composer-service-2025-10-28-rc0;goog-composer-location:europe-west1;goog-composer-namespace-name:REDACTED;goog-composer-pod-name:REDACTED;goog-terraform-provisioned:true;resource-type:composer;team:ml
000000-000000-000000,proj-anon,proj-anon,Cloud Logging,Log Storage cost,2026-03-01 00:00:00,2026-03-01 01:00:00,0.006728,EUR,1.7287836E7,bytes,goog-resource-type:REDACTED
000000-000000-000000,proj-anon,proj-anon,Cloud Logging,Log Storage cost,2026-03-01 00:00:00,2026-03-01 01:00:00,3.4E-5,EUR,86902.0,bytes,goog-resource-type:REDACTED
000000-000000-000000,proj-anon,proj-anon,Networking,Network Intelligence Center Topology and Google Cloud Performance Resource Hours,2026-03-01 00:00:00,2026-03-01 01:00:00,0.004596,EUR,5.0,requests,
000000-000000-000000,proj-anon,proj-anon,Compute Engine,Storage PD Snapshot,2026-03-01 00:00:00,2026-03-01 01:00:00,1.3E-5,EUR,8.48099332668E11,byte-seconds,
000000-000000-000000,proj-anon,proj-anon,Networking,Cloud Load Balancer Forwarding Rule Minimum for Belgium (europe-west1),2026-03-01 00:00:00,2026-03-01 01:00:00,0.020088,EUR,3461.0,seconds,
000000-000000-000000,proj-anon,proj-anon,Cloud Composer,Cloud Composer 3 standard milli DCU-hours (europe-west1),2026-03-01 00:00:00,2026-03-01 01:00:00,0.004767,EUR,311100.0,seconds,goog-composer-cluster-name:REDACTED;goog-composer-image-version:cloud-composer-service-2026-02-09-rc3;goog-composer-location:europe-west1;goog-composer-namespace-name:REDACTED;goog-composer-pod-name:REDACTED;goog-terraform-provisioned:true;resource-type:composer;team:ml
000000-000000-000000,proj-anon,proj-anon,Cloud Logging,Log Storage cost,2026-03-01 00:00:00,2026-03-01 01:00:00,1.29E-4,EUR,330865.0,bytes,goog-resource-type:REDACTED
000000-000000-000000,proj-anon,proj-anon,Cloud Key Management Service (KMS),Active software symmetric key versions,2026-03-01 00:00:00,2026-03-01 01:00:00,7.1E-5,EUR,3461.0,seconds,
000000-000000-000000,proj-anon,proj-anon,Networking,Networking Cloud VPN Tunnel Europewest1,2026-03-01 00:00:00,2026-03-01 01:00:00,0.040176,EUR,3461.0,seconds,
000000-000000-000000,proj-anon,proj-anon,Cloud Monitoring,Metric Volume,2026-03-01 00:00:00,2026-03-01 01:00:00,0.003409,EUR,16576.0,bytes,goog-agent-metric-class:REDACTED;goog-metric-domain:REDACTED
000000-000000-000000,proj-anon,proj-anon,Cloud Logging,Log Storage cost,2026-03-01 00:00:00,2026-03-01 01:00:00,1.0E-6,EUR,3410.0,bytes,goog-resource-type:REDACTED
000000-000000-000000,proj-anon,proj-anon,Compute Engine,External IP Charge on a Spot Preemptible VM,2026-03-01 00:00:00,2026-03-01 01:00:00,8.0E-5,EUR,139.0,seconds,goog-gke-cluster-id-base32:REDACTED;goog-gke-node:REDACTED;goog-gke-node-pool-provisioning-model:REDACTED;goog-k8s-cluster-location:REDACTED;goog-k8s-cluster-name:REDACTED;goog-k8s-namespace:REDACTED;goog-k8s-node-pool-name:REDACTED;k8s-namespace:REDACTED
000000-000000-000000,proj-anon,proj-anon,Compute Engine,Storage PD Snapshot in European Union,2026-03-01 00:00:00,2026-03-01 01:00:00,0.027489,EUR,1.139162827219712E15,byte-seconds,
000000-000000-000000,proj-anon,proj-anon,Cloud Logging,Log Storage cost,2026-03-01 00:00:00,2026-03-01 01:00:00,1.3E-5,EUR,32356.0,bytes,goog-resource-type:REDACTED
000000-000000-000000,proj-anon,proj-anon,Cloud Logging,Log Storage cost,2026-03-01 00:00:00,2026-03-01 01:00:00,1.2E-5,EUR,31085.0,bytes,goog-resource-type:REDACTED
000000-000000-000000,proj-anon,proj-anon,Secret Manager,Secret version replica storage,2026-03-01 00:00:00,2026-03-01 01:00:00,6.0E-5,EUR,2919.0,seconds,
000000-000000-000000,proj-anon,proj-anon,Networking,Network Intelligence Center Network Analyzer Resource Hours,2026-03-01 00:00:00,2026-03-01 01:00:00,0.004596,EUR,5.0,requests,
000000-000000-000000,proj-anon,proj-anon,Networking,Network Intelligence Center Network Analyzer Resource Hours,2026-03-01 00:00:00,2026-03-01 01:00:00,9.19E-4,EUR,1.0,requests,
000000-000000-000000,proj-anon,proj-anon,Cloud Run,Jobs CPU in europe-west1,2026-03-01 00:00:00,2026-03-01 01:00:00,0.044829,EUR,2979.846464,seconds,resource-name:REDACTED;resource-type:cloudrun-job;team:ml
000000-000000-000000,proj-anon,proj-anon,Vertex AI,Vertex AI: Training/Pipelines on E2 Instance Ram running in EMEA,2026-03-01 00:00:00,2026-03-01 01:00:00,0.06633,EUR,8.2944408420352E13,byte-seconds,vertex-ai-pipelines-run-billing-id:REDACTED;vertex_pipelines:REDACTED
000000-000000-000000,proj-anon,proj-anon,Compute Engine,E2 Instance Ram running in Netherlands,2026-03-01 00:00:00,2026-03-01 01:00:00,1.04E-4,EUR,1.49250113536E11,byte-seconds,serverless-vpc-access:REDACTED
000000-000000-000000,proj-anon,proj-anon,Artifact Registry,Artifact Registry Storage,2026-03-01 00:00:00,2026-03-01 01:00:00,1.91E-4,EUR,5.94092046691E12,byte-seconds,resource-type:artifact-registry;team:ml
000000-000000-000000,proj-anon,proj-anon,Cloud SQL,Cloud SQL: Backups in Netherlands,2026-03-01 00:00:00,2026-03-01 01:00:00,1.0E-6,EUR,2.2078146161E10,byte-seconds,bigalloc-enabled:false;cloud_sql_backup_id:REDACTED;cloud_sql_bill_to:REDACTED;dg_storage_retention_plan_id:REDACTED;env:qa;physical-block-size:4096;scope:REDACTED
000000-000000-000000,proj-anon,proj-anon,Compute Engine,Network Internet Data Transfer Out from Milan to EMEA,2026-03-01 00:00:00,2026-03-01 01:00:00,4.0E-6,EUR,45264.0,bytes,goog-gke-cluster-id-base32:REDACTED;goog-gke-node:REDACTED;goog-gke-node-pool-provisioning-model:REDACTED;goog-k8s-cluster-location:REDACTED;goog-k8s-cluster-name:REDACTED;goog-k8s-namespace:REDACTED;goog-k8s-node-pool-name:REDACTED;k8s-namespace:REDACTED
000000-000000-000000,proj-anon,proj-anon,Cloud Composer,Cloud Composer Network Inter Zone Data Transfer Out,2026-03-01 00:00:00,2026-03-01 01:00:00,1.0E-6,EUR,126746.0,bytes,goog-composer-cluster-name:REDACTED;goog-composer-image-version:cloud-composer-service-2025-10-28-rc0;goog-composer-location:europe-west1;goog-composer-namespace-name:REDACTED;goog-composer-pod-name:REDACTED;goog-terraform-provisioned:true;resource-type:composer;team:ml
000000-000000-000000,proj-anon,proj-anon,Cloud Logging,Log Storage cost,2026-03-01 00:00:00,2026-03-01 01:00:00,1.3E-5,EUR,33964.0,bytes,goog-resource-type:REDACTED
000000-000000-000000,proj-anon,proj-anon,Compute Engine,E2 Instance Core running in Netherlands,2026-03-01 00:00:00,2026-03-01 01:00:00,3.78E-4,EUR,68.0,seconds,serverless-vpc-access:REDACTED
000000-000000-000000,proj-anon,proj-anon,Compute Engine,Hyperdisk Balanced Throughput in Netherlands,2026-03-01 00:00:00,2026-03-01 01:00:00,3.0E-5,EUR,2085.0,seconds,
000000-000000-000000,proj-anon,proj-anon,Cloud Logging,Log Storage cost,2026-03-01 00:00:00,2026-03-01 01:00:00,8.0E-6,EUR,21005.0,bytes,goog-resource-type:REDACTED
000000-000000-000000,proj-anon,proj-anon,Cloud Monitoring,Metric Volume,2026-03-01 00:00:00,2026-03-01 01:00:00,8.5E-5,EUR,416.0,bytes,goog-agent-metric-class:REDACTED;goog-metric-domain:REDACTED
000000-000000-000000,proj-anon,proj-anon,Cloud Logging,Log Storage cost,2026-03-01 00:00:00,2026-03-01 01:00:00,2.0E-6,EUR,6106.0,bytes,goog-resource-type:REDACTED
000000-000000-000000,proj-anon,proj-anon,Networking,Networking Cloud Nat Gateway Uptime,2026-03-01 00:00:00,2026-03-01 01:00:00,3.03E-4,EUR,933.0,seconds,
000000-000000-000000,proj-anon,proj-anon,Vertex AI,Vertex AI: Training/Pipelines on E2 Instance Core running in EMEA,2026-03-01 00:00:00,2026-03-01 01:00:00,0.123713,EUR,19312.0,seconds,vertex-ai-pipelines-run-billing-id:REDACTED;vertex_pipelines:REDACTED
000000-000000-000000,proj-anon,proj-anon,Cloud Logging,Log Storage cost,2026-03-01 00:00:00,2026-03-01 01:00:00,7.0E-6,EUR,17275.0,bytes,goog-resource-type:REDACTED
000000-000000-000000,proj-anon,proj-anon,Artifact Registry,Artifact Registry Storage,2026-03-01 00:00:00,2026-03-01 01:00:00,0.004686,EUR,1.45641188520972E14,byte-seconds,goog-managed-by:REDACTED
000000-000000-000000,proj-anon,proj-anon,Compute Engine,Storage PD Capacity in Milan,2026-03-01 00:00:00,2026-03-01 01:00:00,0.005548,EUR,3.716220452864E14,byte-seconds,goog-gke-cluster-id-base32:REDACTED;goog-gke-volume:REDACTED;goog-k8s-cluster-location:REDACTED;goog-k8s-cluster-name:REDACTED;goog-k8s-node-pool-name:REDACTED
000000-000000-000000,proj-anon,proj-anon,Networking,Network Intelligence Center Internet to Google Cloud Performance Resource Hours,2026-03-01 00:00:00,2026-03-01 01:00:00,0.002674,EUR,4.0,requests,
000000-000000-000000,proj-anon,proj-anon,Compute Engine,Balanced PD Capacity in Netherlands,2026-03-01 00:00:00,2026-03-01 01:00:00,5.2E-5,EUR,1.49250113536E12,byte-seconds,
000000-000000-000000,proj-anon,proj-anon,Cloud Logging,Log Storage cost,2026-03-01 00:00:00,2026-03-01 01:00:00,6.0E-6,EUR,14935.0,bytes,goog-resource-type:REDACTED
000000-000000-000000,proj-anon,proj-anon,Cloud Logging,Log Storage cost,2026-03-01 00:00:00,2026-03-01 01:00:00,3.5E-5,EUR,90574.0,bytes,goog-resource-type:REDACTED
000000-000000-000000,proj-anon,proj-anon,Cloud Run,Services Memory (Request-based billing),2026-03-01 00:00:00,2026-03-01 01:00:00,7.0E-6,EUR,3.8654705664E9,byte-seconds,
000000-000000-000000,proj-anon,proj-anon,Cloud Logging,Log Storage cost,2026-03-01 00:00:00,2026-03-01 01:00:00,2.0E-5,EUR,51488.0,bytes,goog-resource-type:REDACTED
000000-000000-000000,proj-anon,proj-anon,Cloud Logging,Log Storage cost,2026-03-01 00:00:00,2026-03-01 01:00:00,1.53E-4,EUR,393009.0,bytes,goog-resource-type:REDACTED
000000-000000-000000,proj-anon,proj-anon,Cloud Run Functions,Cloud Run functions Min-Instance Memory (Request-based billing) in europe-west1,2026-03-01 00:00:00,2026-03-01 01:00:00,0.014208,EUR,7.301455772766558E12,byte-seconds,goog-drz-cloudfunctions-id:REDACTED;goog-drz-cloudfunctions-location:REDACTED;goog-managed-by:REDACTED
000000-000000-000000,proj-anon,proj-anon,Cloud Logging,Log Storage cost,2026-03-01 00:00:00,2026-03-01 01:00:00,1.2E-5,EUR,29549.0,bytes,goog-resource-type:REDACTED
000000-000000-000000,proj-anon,proj-anon,Cloud Logging,Log Storage cost,2026-03-01 00:00:00,2026-03-01 01:00:00,0.014243,EUR,3.6596254E7,bytes,goog-resource-type:REDACTED
000000-000000-000000,proj-anon,proj-anon,Cloud Monitoring,Metric Volume,2026-03-01 00:00:00,2026-03-01 01:00:00,0.001891,EUR,9191.0,bytes,goog-agent-metric-class:REDACTED;goog-metric-domain:REDACTED
000000-000000-000000,proj-anon,proj-anon,Cloud Logging,Log Storage cost,2026-03-01 00:00:00,2026-03-01 01:00:00,4.0E-6,EUR,11392.0,bytes,goog-resource-type:REDACTED
000000-000000-000000,proj-anon,proj-anon,Compute Engine,Storage Image,2026-03-01 00:00:00,2026-03-01 01:00:00,3.5E-5,EUR,2.218056030841E12,byte-seconds,cal-account:REDACTED;cal-activity:backup;cal-calid:REDACTED;cal-instanceid:REDACTED;cal-instancename:instance-anon;cal-last-tagged-at:REDACTED;cal-solinstid:REDACTED;cal-solution:REDACTED;cal-userid:REDACTED;cal-volumesnapshot:REDACTED;name:REDACTED
000000-000000-000000,proj-anon,proj-anon,Compute Engine,E2 Instance Core running in EMEA,2026-03-01 00:00:00,2026-03-01 01:00:00,0.019279,EUR,3461.0,seconds,
000000-000000-000000,proj-anon,proj-anon,Cloud Logging,Log Storage cost,2026-03-01 00:00:00,2026-03-01 01:00:00,7.0E-6,EUR,18318.0,bytes,goog-resource-type:REDACTED
000000-000000-000000,proj-anon,proj-anon,Cloud Run,Services Memory (Request-based billing),2026-03-01 00:00:00,2026-03-01 01:00:00,0.009527,EUR,4.89626271744E12,byte-seconds,env:shared;scope:REDACTED
000000-000000-000000,proj-anon,proj-anon,Compute Engine,Balanced PD Capacity in Milan,2026-03-01 00:00:00,2026-03-01 01:00:00,4.5E-5,EUR,1.194000908288E12,byte-seconds,goog-gke-volume:REDACTED
000000-000000-000000,proj-anon,proj-anon,Cloud Logging,Log Storage cost,2026-03-01 00:00:00,2026-03-01 01:00:00,1.2E-5,EUR,29702.0,bytes,goog-resource-type:REDACTED
000000-000000-000000,proj-anon,proj-anon,Workflows,Internal Steps,2026-03-01 00:00:00,2026-03-01 01:00:00,4.01E-4,EUR,48.0,requests,
000000-000000-000000,proj-anon,proj-anon,Cloud SQL,Cloud SQL for PostgreSQL: Zonal - Enterprise Plus N RAM in EMEA,2026-03-01 00:00:00,2026-03-01 01:00:00,0.121692,EUR,6.18475290624E13,byte-seconds,
000000-000000-000000,proj-anon,proj-anon,Compute Engine,Storage Image,2026-03-01 00:00:00,2026-03-01 01:00:00,7.0E-5,EUR,4.36410392608E12,byte-seconds,cal-account:REDACTED;cal-activity:backup;cal-calid:REDACTED;cal-instanceid:REDACTED;cal-instancename:instance-anon;cal-last-tagged-at:REDACTED;cal-solinstid:REDACTED;cal-solution:REDACTED;cal-userid:REDACTED;cal-volumesnapshot:REDACTED;name:REDACTED
000000-000000-000000,proj-anon,proj-anon,Cloud Logging,Log Storage cost,2026-03-01 00:00:00,2026-03-01 01:00:00,1.0E-6,EUR,3938.0,bytes,goog-resource-type:REDACTED
000000-000000-000000,proj-anon,proj-anon,Compute Engine,E2 Instance Core running in EMEA,2026-03-01 00:00:00,2026-03-01 01:00:00,0.038558,EUR,6922.0,seconds,goog-ec-src:REDACTED
000000-000000-000000,proj-anon,proj-anon,Compute Engine,Storage Image,2026-03-01 00:00:00,2026-03-01 01:00:00,0.003529,EUR,2.19326724659968E14,byte-seconds,cal-account:REDACTED;cal-activity:backup;cal-calid:REDACTED;cal-instanceid:REDACTED;cal-instancename:instance-anon;cal-last-tagged-at:REDACTED;cal-solinstid:REDACTED;cal-solution:REDACTED;cal-userid:REDACTED;cal-volumesnapshot:REDACTED;name:REDACTED
000000-000000-000000,proj-anon,proj-anon,Cloud SQL,Storage PD Snapshot,2026-03-01 00:00:00,2026-03-01 01:00:00,6.8E-5,EUR,2.642206194086E12,byte-seconds,bigalloc-enabled:false;cloud_sql_backup_id:REDACTED;cloud_sql_bill_to:REDACTED;dg_storage_retention_plan_id:REDACTED;physical-block-size:4096
000000-000000-000000,proj-anon,proj-anon,Cloud Logging,Log Storage cost,2026-03-01 00:00:00,2026-03-01 01:00:00,2.22E-4,EUR,569806.0,bytes,goog-resource-type:REDACTED
000000-000000-000000,proj-anon,proj-anon,Cloud Run,Requests,2026-03-01 00:00:00,2026-03-01 01:00:00,1.7E-5,EUR,49.0,requests,resource-name:REDACTED;resource-type:cloudrun-service;team:ml
000000-000000-000000,proj-anon,proj-anon,Cloud Logging,Log Storage cost,2026-03-01 00:00:00,2026-03-01 01:00:00,5.3E-5,EUR,135719.0,bytes,goog-resource-type:REDACTED
000000-000000-000000,proj-anon,proj-anon,Cloud Logging,Log Storage cost,2026-03-01 00:00:00,2026-03-01 01:00:00,9.52E-4,EUR,2444937.0,bytes,goog-resource-type:REDACTED
000000-000000-000000,proj-anon,proj-anon,Cloud Composer,Cloud Composer Network Inter Zone Data Transfer Out,2026-03-01 00:00:00,2026-03-01 01:00:00,1.0E-6,EUR,114875.0,bytes,goog-composer-cluster-name:REDACTED;goog-composer-image-version:cloud-composer-service-2026-02-09-rc3;goog-composer-location:europe-west1;goog-composer-namespace-name:REDACTED;goog-composer-pod-name:REDACTED;goog-terraform-provisioned:true;resource-type:composer;team:ml
000000-000000-000000,proj-anon,proj-anon,Compute Engine,Storage PD Capacity,2026-03-01 00:00:00,2026-03-01 01:00:00,3.8E-5,EUR,2.98500227072E12,byte-seconds,
000000-000000-000000,proj-anon,proj-anon,Compute Engine,Spot Preemptible E2 Instance Core running in EMEA,2026-03-01 00:00:00,2026-03-01 01:00:00,0.001239,EUR,556.0,seconds,goog-gke-cluster-id-base32:REDACTED;goog-gke-node:REDACTED;goog-gke-node-pool-provisioning-model:REDACTED;goog-k8s-cluster-location:REDACTED;goog-k8s-node-pool-name:REDACTED
000000-000000-000000,proj-anon,proj-anon,Cloud SQL,Storage PD Snapshot,2026-03-01 00:00:00,2026-03-01 01:00:00,1.04E-4,EUR,4.055627388468E12,byte-seconds,bigalloc-enabled:false;cloud_sql_backup_id:REDACTED;cloud_sql_bill_to:REDACTED;dg_storage_retention_plan_id:REDACTED;physical-block-size:4096
000000-000000-000000,proj-anon,proj-anon,Cloud Logging,Log Storage cost,2026-03-01 00:00:00,2026-03-01 01:00:00,1.0E-5,EUR,27312.0,bytes,goog-resource-type:REDACTED
000000-000000-000000,proj-anon,proj-anon,Cloud Logging,Log Storage cost,2026-03-01 00:00:00,2026-03-01 01:00:00,9.93E-4,EUR,2550296.0,bytes,goog-resource-type:REDACTED
000000-000000-000000,proj-anon,proj-anon,Cloud Composer,Cloud Composer Network Inter Zone Data Transfer Out,2026-03-01 00:00:00,2026-03-01 01:00:00,5.54E-4,EUR,7.1289397E7,bytes,goog-composer-cluster-name:REDACTED;goog-composer-image-version:cloud-composer-service-2026-02-09-rc3;goog-composer-location:europe-west1;goog-composer-namespace-name:REDACTED;goog-composer-pod-name:REDACTED;goog-terraform-provisioned:true;resource-type:composer;team:ml
000000-000000-000000,proj-anon,proj-anon,Cloud Logging,Log Storage cost,2026-03-01 00:00:00,2026-03-01 01:00:00,6.0E-6,EUR,16567.0,bytes,goog-resource-type:REDACTED
000000-000000-000000,proj-anon,proj-anon,Cloud Run,Requests,2026-03-01 00:00:00,2026-03-01 01:00:00,2.7E-5,EUR,81.0,requests,
000000-000000-000000,proj-anon,proj-anon,Cloud Composer,Cloud Composer Network Inter Zone Data Transfer Out,2026-03-01 00:00:00,2026-03-01 01:00:00,1.0E-6,EUR,149429.0,bytes,goog-composer-cluster-name:REDACTED;goog-composer-image-version:cloud-composer-service-2026-02-09-rc3;goog-composer-location:europe-west1;goog-composer-namespace-name:REDACTED;goog-composer-pod-name:REDACTED;goog-terraform-provisioned:true;resource-type:composer;team:ml
000000-000000-000000,proj-anon,proj-anon,Cloud Logging,Log Storage cost,2026-03-01 00:00:00,2026-03-01 01:00:00,5.9E-5,EUR,154096.0,bytes,goog-resource-type:REDACTED
000000-000000-000000,proj-anon,proj-anon,Cloud Logging,Vended Logs Storage,2026-03-01 00:00:00,2026-03-01 01:00:00,4.1E-5,EUR,210212.0,bytes,goog-resource-type:REDACTED
000000-000000-000000,proj-anon,proj-anon,Cloud Composer,Cloud Composer 3 standard milli DCU-hours (europe-west1),2026-03-01 00:00:00,2026-03-01 01:00:00,0.089639,EUR,5849968.0,seconds,goog-terraform-provisioned:true;resource-type:composer;team:ml
000000-000000-000000,proj-anon,proj-anon,Cloud Logging,Log Storage cost,2026-03-01 00:00:00,2026-03-01 01:00:00,1.0E-6,EUR,2728.0,bytes,goog-resource-type:REDACTED
000000-000000-000000,proj-anon,proj-anon,Cloud SQL,Cloud SQL: Backups in Netherlands,2026-03-01 00:00:00,2026-03-01 01:00:00,1.0E-6,EUR,1.8325719819E10,byte-seconds,bigalloc-enabled:false;cloud_sql_backup_id:REDACTED;cloud_sql_bill_to:REDACTED;dg_storage_retention_plan_id:REDACTED;env:qa;physical-block-size:4096;scope:REDACTED
000000-000000-000000,proj-anon,proj-anon,Vertex AI,Vertex AI: Online/Batch Prediction N1 Predefined Instance Ram running in Americas for AI Platform,2026-03-01 00:00:00,2026-03-01 01:00:00,0.015531,EUR,1.436666560512E13,byte-seconds,
000000-000000-000000,proj-anon,proj-anon,Cloud Logging,Log Storage cost,2026-03-01 00:00:00,2026-03-01 01:00:00,1.6E-5,EUR,40173.0,bytes,goog-resource-type:REDACTED
000000-000000-000000,proj-anon,proj-anon,Cloud Logging,Log Storage cost,2026-03-01 00:00:00,2026-03-01 01:00:00,1.7E-5,EUR,43865.0,bytes,goog-resource-type:REDACTED
000000-000000-000000,proj-anon,proj-anon,Cloud Logging,Log Storage cost,2026-03-01 00:00:00,2026-03-01 01:00:00,6.6E-5,EUR,169597.0,bytes,goog-resource-type:REDACTED
000000-000000-000000,proj-anon,proj-anon,Cloud Composer,Cloud Composer 3 standard milli DCU-hours (europe-west1),2026-03-01 00:00:00,2026-03-01 01:00:00,0.003855,EUR,251600.0,seconds,goog-composer-cluster-name:REDACTED;goog-composer-image-version:cloud-composer-service-2025-10-28-rc0;goog-composer-location:europe-west1;goog-composer-namespace-name:REDACTED;goog-composer-pod-name:REDACTED;goog-terraform-provisioned:true;resource-type:composer;team:ml
000000-000000-000000,proj-anon,proj-anon,Artifact Registry,Artifact Registry Storage,2026-03-01 00:00:00,2026-03-01 01:00:00,0.007428,EUR,2.30845573788104E14,byte-seconds,
000000-000000-000000,proj-anon,proj-anon,Cloud Logging,Log Storage cost,2026-03-01 00:00:00,2026-03-01 01:00:00,4.0E-6,EUR,9786.0,bytes,goog-resource-type:REDACTED
000000-000000-000000,proj-anon,proj-anon,Compute Engine,Spot Preemptible E2 Instance Ram running in EMEA,2026-03-01 00:00:00,2026-03-01 01:00:00,0.02478,EUR,8.9189290868736E13,byte-seconds,goog-gke-cluster-id-base32:REDACTED;goog-gke-node:REDACTED;goog-gke-node-pool-provisioning-model:REDACTED;goog-k8s-cluster-location:REDACTED;goog-k8s-node-pool-name:REDACTED
000000-000000-000000,proj-anon,proj-anon,Cloud Run,Services Memory (Request-based billing),2026-03-01 00:00:00,2026-03-01 01:00:00,0.015679,EUR,8.057358647296E12,byte-seconds,
000000-000000-000000,proj-anon,proj-anon,Compute Engine,External IP Charge on a Standard VM,2026-03-01 00:00:00,2026-03-01 01:00:00,1.61E-4,EUR,139.0,seconds,env:bastion
000000-000000-000000,proj-anon,proj-anon,Cloud SQL,Cloud SQL for PostgreSQL: Regional - Standard storage in Americas,2026-03-01 00:00:00,2026-03-01 01:00:00,0.042287,EUR,3.8654705664E14,byte-seconds,
000000-000000-000000,proj-anon,proj-anon,Compute Engine,E2 Instance Core running in Milan,2026-03-01 00:00:00,2026-03-01 01:00:00,0.325294,EUR,55376.0,seconds,goog-gke-cluster-id-base32:REDACTED;goog-gke-node:REDACTED;goog-gke-node-pool-provisioning-model:REDACTED;goog-k8s-cluster-location:REDACTED;goog-k8s-node-pool-name:REDACTED
000000-000000-000000,proj-anon,proj-anon,Cloud Composer,Cloud Composer Network Inter Zone Data Transfer Out,2026-03-01 00:00:00,2026-03-01 01:00:00,1.0E-6,EUR,167140.0,bytes,goog-composer-cluster-name:REDACTED;goog-composer-image-version:cloud-composer-service-2026-02-09-rc3;goog-composer-location:europe-west1;goog-composer-namespace-name:REDACTED;goog-composer-pod-name:REDACTED;goog-terraform-provisioned:true;resource-type:composer;team:ml
000000-000000-000000,proj-anon,proj-anon,Workflows,Internal Steps,2026-03-01 00:00:00,2026-03-01 01:00:00,0.010882,EUR,1302.0,requests,
000000-000000-000000,proj-anon,proj-anon,Compute Engine,Licensing Fee for Red Hat Enterprise Linux 8 on VM with up to 8 VCPU,2026-03-01 00:00:00,2026-03-01 01:00:00,0.001858,EUR,556.0,seconds,goog-ops-agent-policy:REDACTED
000000-000000-000000,proj-anon,proj-anon,Cloud Run,Services Memory (Request-based billing),2026-03-01 00:00:00,2026-03-01 01:00:00,0.003486,EUR,1.7918603558912002E12,byte-seconds,
000000-000000-000000,proj-anon,proj-anon,Cloud Logging,Log Storage cost,2026-03-01 00:00:00,2026-03-01 01:00:00,4.7E-5,EUR,120516.0,bytes,goog-resource-type:REDACTED
000000-000000-000000,proj-anon,proj-anon,Cloud Run,Services CPU (Request-based billing),2026-03-01 00:00:00,2026-03-01 01:00:00,0.07933,EUR,3954.8,seconds,
000000-000000-000000,proj-anon,proj-anon,Cloud SQL,Cloud SQL for PostgreSQL: Regional - vCPU in Americas,2026-03-01 00:00:00,2026-03-01 01:00:00,0.276148,EUR,14400.0,seconds,
000000-000000-000000,proj-anon,proj-anon,Artifact Registry,Artifact Registry Storage,2026-03-01 00:00:00,2026-03-01 01:00:00,8.0E-6,EUR,2.43530778105E11,byte-seconds,goog-managed-by:REDACTED
000000-000000-000000,proj-anon,proj-anon,Networking,Regional External Passthrough Network Load Balancer Outbound Data Processing for Belgium (europe-west1),2026-03-01 00:00:00,2026-03-01 01:00:00,1.4E-5,EUR,2377994.0,bytes,goog-gke-cluster-id-base32:REDACTED;goog-gke-node:REDACTED;goog-gke-node-pool-provisioning-model:REDACTED;goog-k8s-cluster-location:REDACTED;goog-k8s-cluster-name:REDACTED;goog-k8s-namespace:REDACTED;goog-k8s-node-pool-name:REDACTED;k8s-namespace:REDACTED
000000-000000-000000,proj-anon,proj-anon,Cloud Composer,Cloud Composer Network Inter Zone Data Transfer Out,2026-03-01 00:00:00,2026-03-01 01:00:00,1.69E-4,EUR,2.1581056E7,bytes,goog-composer-cluster-name:REDACTED;goog-composer-image-version:cloud-composer-service-2026-02-09-rc3;goog-composer-location:europe-west1;goog-composer-namespace-name:REDACTED;goog-composer-pod-name:REDACTED;goog-terraform-provisioned:true;resource-type:composer;team:ml
000000-000000-000000,proj-anon,proj-anon,Secret Manager,Secret version replica storage,2026-03-01 00:00:00,2026-03-01 01:00:00,1.01E-4,EUR,4865.0,seconds,
000000-000000-000000,proj-anon,proj-anon,Cloud Logging,Log Storage cost,2026-03-01 00:00:00,2026-03-01 01:00:00,2.4E-4,EUR,618421.0,bytes,goog-resource-type:REDACTED
000000-000000-000000,proj-anon,proj-anon,Compute Engine,SSD backed PD Capacity,2026-03-01 00:00:00,2026-03-01 01:00:00,0.006963,EUR,1.27310346846208E14,byte-seconds,cal-account:REDACTED;cal-calid:REDACTED;cal-solinstid:REDACTED;cal-solution:REDACTED;cal-tenantid:REDACTED;cal-tenantname:REDACTED;cal-userid:REDACTED;name:REDACTED
000000-000000-000000,proj-anon,proj-anon,Cloud Logging,Log Storage cost,2026-03-01 00:00:00,2026-03-01 01:00:00,1.0E-6,EUR,2139.0,bytes,goog-resource-type:REDACTED
000000-000000-000000,proj-anon,proj-anon,Compute Engine,Micro Instance with burstable CPU running in EMEA,2026-03-01 00:00:00,2026-03-01 01:00:00,0.01382,EUR,6922.0,seconds,serverless-vpc-access:REDACTED
000000-000000-000000,proj-anon,proj-anon,Cloud SQL,Storage PD Snapshot,2026-03-01 00:00:00,2026-03-01 01:00:00,6.7E-5,EUR,2.609320908922E12,byte-seconds,bigalloc-enabled:false;cloud_sql_backup_id:REDACTED;cloud_sql_bill_to:REDACTED;dg_storage_retention_plan_id:REDACTED;physical-block-size:4096
000000-000000-000000,proj-anon,proj-anon,Cloud Logging,Log Storage cost,2026-03-01 00:00:00,2026-03-01 01:00:00,1.8E-5,EUR,45466.0,bytes,goog-resource-type:REDACTED
000000-000000-000000,proj-anon,proj-anon,Cloud Composer,Cloud Composer 3 standard milli DCU-hours (europe-west1),2026-03-01 00:00:00,2026-03-01 01:00:00,0.003959,EUR,258400.0,seconds,goog-composer-cluster-name:REDACTED;goog-composer-image-version:cloud-composer-service-2026-02-09-rc3;goog-composer-location:europe-west1;goog-composer-namespace-name:REDACTED;goog-composer-pod-name:REDACTED;goog-terraform-provisioned:true;resource-type:composer;team:ml
000000-000000-000000,proj-anon,proj-anon,Compute Engine,Storage Image,2026-03-01 00:00:00,2026-03-01 01:00:00,3.0E-6,EUR,1.7531248456E11,byte-seconds,cal-account:REDACTED;cal-activity:backup;cal-calid:REDACTED;cal-instanceid:REDACTED;cal-instancename:instance-anon;cal-last-tagged-at:REDACTED;cal-solinstid:REDACTED;cal-solution:REDACTED;cal-userid:REDACTED;cal-volumesnapshot:REDACTED;name:REDACTED
000000-000000-000000,proj-anon,proj-anon,Cloud Logging,Log Storage cost,2026-03-01 00:00:00,2026-03-01 01:00:00,6.0E-6,EUR,14337.0,bytes,goog-resource-type:REDACTED
000000-000000-000000,proj-anon,proj-anon,BigQuery,Long Term Logical Storage (europe-west1),2026-03-01 00:00:00,2026-03-01 01:00:00,6.0E-5,EUR,1.8635129094144E13,byte-seconds,
000000-000000-000000,proj-anon,proj-anon,Cloud Logging,Log Storage cost,2026-03-01 00:00:00,2026-03-01 01:00:00,1.0E-6,EUR,3410.0,bytes,goog-resource-type:REDACTED
000000-000000-000000,proj-anon,proj-anon,Compute Engine,E2 Instance Ram running in Netherlands,2026-03-01 00:00:00,2026-03-01 01:00:00,0.005172,EUR,7.432440905728E12,byte-seconds,serverless-vpc-access:REDACTED
000000-000000-000000,proj-anon,proj-anon,Cloud SQL,Cloud SQL for PostgreSQL: Zonal - RAM in Americas,2026-03-01 00:00:00,2026-03-01 01:00:00,0.023402,EUR,1.54618822656E13,byte-seconds,
000000-000000-000000,proj-anon,proj-anon,Compute Engine,Storage Image,2026-03-01 00:00:00,2026-03-01 01:00:00,7.0E-5,EUR,4.366391176384E12,byte-seconds,cal-account:REDACTED;cal-activity:backup;cal-calid:REDACTED;cal-instanceid:REDACTED;cal-instancename:instance-anon;cal-last-tagged-at:REDACTED;cal-solinstid:REDACTED;cal-solution:REDACTED;cal-userid:REDACTED;cal-volumesnapshot:REDACTED;name:REDACTED
000000-000000-000000,proj-anon,proj-anon,Cloud Logging,Log Storage cost,2026-03-01 00:00:00,2026-03-01 01:00:00,1.71E-4,EUR,441548.0,bytes,goog-resource-type:REDACTED
000000-000000-000000,proj-anon,proj-anon,Artifact Registry,Artifact Registry Storage,2026-03-01 00:00:00,2026-03-01 01:00:00,9.4E-4,EUR,2.9202901897416E13,byte-seconds,
000000-000000-000000,proj-anon,proj-anon,Cloud Composer,Cloud Composer Network Inter Zone Data Transfer Out,2026-03-01 00:00:00,2026-03-01 01:00:00,1.0E-6,EUR,0.0,bytes,goog-composer-cluster-name:REDACTED;goog-composer-image-version:cloud-composer-service-2026-02-09-rc3;goog-composer-location:europe-west1;goog-composer-namespace-name:REDACTED;goog-composer-pod-name:REDACTED;goog-terraform-provisioned:true;resource-type:composer;team:ml
000000-000000-000000,proj-anon,proj-anon,Cloud Logging,Log Storage cost,2026-03-01 00:00:00,2026-03-01 01:00:00,1.45E-4,EUR,370891.0,bytes,goog-resource-type:REDACTED
000000-000000-000000,proj-anon,proj-anon,Cloud Key Management Service (KMS),Active software symmetric key versions,2026-03-01 00:00:00,2026-03-01 01:00:00,3.58E-4,EUR,17305.0,seconds,
000000-000000-000000,proj-anon,proj-anon,Compute Engine,Spot Preemptible E2 Instance Ram running in EMEA,2026-03-01 00:00:00,2026-03-01 01:00:00,6.63E-4,EUR,2.388001816576E12,byte-seconds,goog-gke-cluster-id-base32:REDACTED;goog-gke-node:REDACTED;goog-gke-node-pool-provisioning-model:REDACTED;goog-k8s-cluster-location:REDACTED;goog-k8s-node-pool-name:REDACTED
000000-000000-000000,proj-anon,proj-anon,Compute Engine,Balanced PD Capacity in Milan,2026-03-01 00:00:00,2026-03-01 01:00:00,0.00222,EUR,5.9459527245824E13,byte-seconds,goog-gke-volume:REDACTED
000000-000000-000000,proj-anon,proj-anon,Cloud Logging,Log Storage cost,2026-03-01 00:00:00,2026-03-01 01:00:00,1.5E-5,EUR,38111.0,bytes,goog-resource-type:REDACTED
000000-000000-000000,proj-anon,proj-anon,Cloud Logging,Log Storage cost,2026-03-01 00:00:00,2026-03-01 01:00:00,4.9E-5,EUR,128350.0,bytes,goog-resource-type:REDACTED
000000-000000-000000,proj-anon,proj-anon,Cloud Logging,Log Storage cost,2026-03-01 00:00:00,2026-03-01 01:00:00,5.71E-4,EUR,1466904.0,bytes,goog-resource-type:REDACTED
000000-000000-000000,proj-anon,proj-anon,Networking,Regional External Passthrough Network Load Balancer Inbound Data Processing for Belgium (europe-west1),2026-03-01 00:00:00,2026-03-01 01:00:00,8.0E-6,EUR,1293939.0,bytes,goog-gke-cluster-id-base32:REDACTED;goog-gke-node:REDACTED;goog-gke-node-pool-provisioning-model:REDACTED;goog-k8s-cluster-location:REDACTED;goog-k8s-cluster-name:REDACTED;goog-k8s-namespace:REDACTED;goog-k8s-node-pool-name:REDACTED;k8s-namespace:REDACTED
000000-000000-000000,proj-anon,proj-anon,Cloud Logging,Log Storage cost,2026-03-01 00:00:00,2026-03-01 01:00:00,5.0E-6,EUR,12549.0,bytes,goog-resource-type:REDACTED
000000-000000-000000,proj-anon,proj-anon,Cloud Run,Services CPU (Request-based billing),2026-03-01 00:00:00,2026-03-01 01:00:00,0.119302,EUR,5947.599997,seconds,
000000-000000-000000,proj-anon,proj-anon,Artifact Registry,Artifact Registry Storage,2026-03-01 00:00:00,2026-03-01 01:00:00,1.0E-5,EUR,3.08331225485E11,byte-seconds,
000000-000000-000000,proj-anon,proj-anon,Cloud Run,Services CPU (Request-based billing),2026-03-01 00:00:00,2026-03-01 01:00:00,0.004265,EUR,212.599999,seconds,resource-name:REDACTED;resource-type:cloudrun-service;team:ml
000000-000000-000000,proj-anon,proj-anon,Cloud Logging,Log Storage cost,2026-03-01 00:00:00,2026-03-01 01:00:00,4.0E-6,EUR,11206.0,bytes,goog-resource-type:REDACTED
000000-000000-000000,proj-anon,proj-anon,Compute Engine,Network Vpn Internet Data Transfer Out from EMEA to EMEA,2026-03-01 00:00:00,2026-03-01 01:00:00,2.0E-6,EUR,15652.0,bytes,
000000-000000-000000,proj-anon,proj-anon,Compute Engine,E2 Instance Core running in EMEA,2026-03-01 00:00:00,2026-03-01 01:00:00,0.019279,EUR,3461.0,seconds,goog-ops-agent-policy:REDACTED
000000-000000-000000,proj-anon,proj-anon,Compute Engine,Storage Image,2026-03-01 00:00:00,2026-03-01 01:00:00,7.0E-5,EUR,4.359796116288E12,byte-seconds,cal-account:REDACTED;cal-activity:backup;cal-calid:REDACTED;cal-instanceid:REDACTED;cal-instancename:instance-anon;cal-last-tagged-at:REDACTED;cal-solinstid:REDACTED;cal-solution:REDACTED;cal-userid:REDACTED;cal-volumesnapshot:REDACTED;name:REDACTED
000000-000000-000000,proj-anon,proj-anon,Cloud Logging,Log Storage cost,2026-03-01 00:00:00,2026-03-01 01:00:00,0.005867,EUR,1.5074562E7,bytes,goog-resource-type:REDACTED
000000-000000-000000,proj-anon,proj-anon,Cloud Run,Services Min Instance Memory (Request-based billing),2026-03-01 00:00:00,2026-03-01 01:00:00,0.12029,EUR,6.18147012407501E13,byte-seconds,
000000-000000-000000,proj-anon,proj-anon,Networking,Networking Private Service Connect Consumer End Point,2026-03-01 00:00:00,2026-03-01 01:00:00,0.008035,EUR,3461.0,seconds,
000000-000000-000000,proj-anon,proj-anon,Cloud Run,Jobs CPU in europe-west1,2026-03-01 00:00:00,2026-03-01 01:00:00,0.007524,EUR,500.153532,seconds,resource-name:REDACTED;resource-type:cloudrun-job;team:ml
000000-000000-000000,proj-anon,proj-anon,Networking,Network Intelligence Center Internet to Google Cloud Performance Resource Hours,2026-03-01 00:00:00,2026-03-01 01:00:00,0.001337,EUR,2.0,requests,
000000-000000-000000,proj-anon,proj-anon,Compute Engine,Storage Image,2026-03-01 00:00:00,2026-03-01 01:00:00,8.87E-4,EUR,5.5140549443648E13,byte-seconds,cal-account:REDACTED;cal-activity:backup;cal-calid:REDACTED;cal-instanceid:REDACTED;cal-instancename:instance-anon;cal-last-tagged-at:REDACTED;cal-solinstid:REDACTED;cal-solution:REDACTED;cal-userid:REDACTED;cal-volumesnapshot:REDACTED;name:REDACTED
000000-000000-000000,proj-anon,proj-anon,Cloud Logging,Vended Logs Storage,2026-03-01 00:00:00,2026-03-01 01:00:00,1.26E-4,EUR,650406.0,bytes,goog-resource-type:REDACTED
000000-000000-000000,proj-anon,proj-anon,Cloud Monitoring,Metric Volume,2026-03-01 00:00:00,2026-03-01 01:00:00,0.009402,EUR,45720.0,bytes,goog-agent-metric-class:REDACTED;goog-metric-domain:REDACTED
000000-000000-000000,proj-anon,proj-anon,Secret Manager,Secret version replica storage,2026-03-01 00:00:00,2026-03-01 01:00:00,4.0E-5,EUR,1946.0,seconds,
000000-000000-000000,proj-anon,proj-anon,Cloud Monitoring,Metric Volume,2026-03-01 00:00:00,2026-03-01 01:00:00,9.46E-4,EUR,4600.0,bytes,goog-agent-metric-class:REDACTED;goog-metric-domain:REDACTED
000000-000000-000000,proj-anon,proj-anon,Cloud SQL, Cloud SQL for PostgreSQL: Regional - Extended support vCPU v13 in Iowa,2026-03-01 00:00:00,2026-03-01 01:00:00,0.468047,EUR,14400.0,seconds,
000000-000000-000000,proj-anon,proj-anon,Compute Engine,SSD backed PD Capacity in Milan,2026-03-01 00:00:00,2026-03-01 01:00:00,3.03E-4,EUR,4.776003633152E12,byte-seconds,goog-gke-cluster-id-base32:REDACTED;goog-gke-volume:REDACTED;goog-k8s-cluster-location:REDACTED;goog-k8s-node-pool-name:REDACTED
000000-000000-000000,proj-anon,proj-anon,Cloud Run,Services Min Instance Memory (Request-based billing),2026-03-01 00:00:00,2026-03-01 01:00:00,0.028584,EUR,1.4688811765912754E13,byte-seconds,resource-name:REDACTED;resource-type:cloudrun-service;team:ml
000000-000000-000000,proj-anon,proj-anon,Vertex AI,Vertex AI: Online/Batch Prediction N1 Predefined Instance Ram running in Americas for AI Platform,2026-03-01 00:00:00,2026-03-01 01:00:00,0.014556,EUR,1.346472247296E13,byte-seconds,
000000-000000-000000,proj-anon,proj-anon,Compute Engine,E2 Instance Core running in Netherlands,2026-03-01 00:00:00,2026-03-01 01:00:00,1.9E-4,EUR,34.0,seconds,env:qa;goog-terraform-provisioned:true;scope:REDACTED
000000-000000-000000,proj-anon,proj-anon,Cloud Monitoring,Metric Volume,2026-03-01 00:00:00,2026-03-01 01:00:00,3.35E-4,EUR,1632.0,bytes,goog-agent-metric-class:REDACTED;goog-metric-domain:REDACTED
000000-000000-000000,proj-anon,proj-anon,Cloud Logging,Log Storage cost,2026-03-01 00:00:00,2026-03-01 01:00:00,5.0E-6,EUR,12946.0,bytes,goog-resource-type:REDACTED
000000-000000-000000,proj-anon,proj-anon,Cloud Composer,Cloud Composer Network Inter Zone Data Transfer Out,2026-03-01 00:00:00,2026-03-01 01:00:00,1.0E-6,EUR,149804.0,bytes,goog-composer-cluster-name:REDACTED;goog-composer-image-version:cloud-composer-service-2026-02-09-rc3;goog-composer-location:europe-west1;goog-composer-namespace-name:REDACTED;goog-composer-pod-name:REDACTED;goog-terraform-provisioned:true;resource-type:composer;team:ml
000000-000000-000000,proj-anon,proj-anon,Cloud Logging,Vended Logs Storage,2026-03-01 00:00:00,2026-03-01 01:00:00,2.72E-4,EUR,1399273.0,bytes,goog-resource-type:REDACTED
000000-000000-000000,proj-anon,proj-anon,Cloud Run,Services Min Instance CPU (Request-based billing),2026-03-01 00:00:00,2026-03-01 01:00:00,0.03094,EUR,14807.952978,seconds,
000000-000000-000000,proj-anon,proj-anon,Compute Engine,Storage PD Snapshot in European Union,2026-03-01 00:00:00,2026-03-01 01:00:00,5.0E-6,EUR,2.25038028651E11,byte-seconds,
000000-000000-000000,proj-anon,proj-anon,Networking,Network Intelligence Center Topology and Google Cloud Performance Resource Hours,2026-03-01 00:00:00,2026-03-01 01:00:00,0.007355,EUR,8.0,requests,
000000-000000-000000,proj-anon,proj-anon,Compute Engine,Storage PD Snapshot in European Union,2026-03-01 00:00:00,2026-03-01 01:00:00,1.35E-4,EUR,5.603285017664E12,byte-seconds,
000000-000000-000000,proj-anon,proj-anon,Cloud Composer,Cloud Composer Network Inter Zone Data Transfer Out,2026-03-01 00:00:00,2026-03-01 01:00:00,1.0E-6,EUR,134646.0,bytes,goog-composer-cluster-name:REDACTED;goog-composer-image-version:cloud-composer-service-2026-02-09-rc3;goog-composer-location:europe-west1;goog-composer-namespace-name:REDACTED;goog-composer-pod-name:REDACTED;goog-terraform-provisioned:true;resource-type:composer;team:ml
000000-000000-000000,proj-anon,proj-anon,Cloud Monitoring,Metric Volume,2026-03-01 00:00:00,2026-03-01 01:00:00,0.002838,EUR,13796.0,bytes,goog-agent-metric-class:REDACTED;goog-metric-domain:REDACTED
000000-000000-000000,proj-anon,proj-anon,Compute Engine,E2 Instance Core running in EMEA,2026-03-01 00:00:00,2026-03-01 01:00:00,0.003097,EUR,556.0,seconds,goog-ops-agent-policy:REDACTED
000000-000000-000000,proj-anon,proj-anon,Duet AI,Gemini Code Assist monthly subscription,2026-03-01 00:00:00,2026-03-01 01:00:00,0.008412,EUR,1068.0,seconds,
000000-000000-000000,proj-anon,proj-anon,Cloud Logging,Log Storage cost,2026-03-01 00:00:00,2026-03-01 01:00:00,2.0E-6,EUR,4003.0,bytes,goog-resource-type:REDACTED
000000-000000-000000,proj-anon,proj-anon,Cloud Run,Services CPU (Instance-based billing) in europe-west1,2026-03-01 00:00:00,2026-03-01 01:00:00,0.114796,EUR,7630.498877,seconds,resource_type:REDACTED;service_type:REDACTED;team:backend
000000-000000-000000,proj-anon,proj-anon,Compute Engine,Storage Image,2026-03-01 00:00:00,2026-03-01 01:00:00,4.0E-6,EUR,2.61601976528E11,byte-seconds,cal-account:REDACTED;cal-activity:backup;cal-calid:REDACTED;cal-instanceid:REDACTED;cal-instancename:instance-anon;cal-last-tagged-at:REDACTED;cal-solinstid:REDACTED;cal-solution:REDACTED;cal-userid:REDACTED;cal-volumesnapshot:REDACTED;name:REDACTED
000000-000000-000000,proj-anon,proj-anon,Cloud Logging,Log Storage cost,2026-03-01 00:00:00,2026-03-01 01:00:00,6.0E-6,EUR,15685.0,bytes,goog-resource-type:REDACTED
000000-000000-000000,proj-anon,proj-anon,Cloud Composer,Cloud Composer 3 standard milli DCU-hours (europe-west1),2026-03-01 00:00:00,2026-03-01 01:00:00,0.00422,EUR,275400.0,seconds,goog-composer-cluster-name:REDACTED;goog-composer-image-version:cloud-composer-service-2026-02-09-rc3;goog-composer-location:europe-west1;goog-composer-namespace-name:REDACTED;goog-composer-pod-name:REDACTED;goog-terraform-provisioned:true;resource-type:composer;team:ml
000000-000000-000000,proj-anon,proj-anon,Cloud Logging,Log Storage cost,2026-03-01 00:00:00,2026-03-01 01:00:00,5.0E-6,EUR,13509.0,bytes,goog-resource-type:REDACTED
000000-000000-000000,proj-anon,proj-anon,Compute Engine,N2 Instance Core running in Netherlands,2026-03-01 00:00:00,2026-03-01 01:00:00,0.055928,EUR,6922.0,seconds,env:dev;goog-terraform-provisioned:true;scope:REDACTED
000000-000000-000000,proj-anon,proj-anon,Cloud SQL,Cloud SQL for PostgreSQL: Zonal - Extended support vCPU v13 in Belgium,2026-03-01 00:00:00,2026-03-01 01:00:00,0.058505,EUR,3600.0,seconds,
000000-000000-000000,proj-anon,proj-anon,Cloud Logging,Log Storage cost,2026-03-01 00:00:00,2026-03-01 01:00:00,1.3E-5,EUR,32796.0,bytes,goog-resource-type:REDACTED
000000-000000-000000,proj-anon,proj-anon,Cloud Logging,Log Storage cost,2026-03-01 00:00:00,2026-03-01 01:00:00,6.0E-6,EUR,15229.0,bytes,goog-resource-type:REDACTED
000000-000000-000000,proj-anon,proj-anon,Cloud SQL,Storage PD Snapshot,2026-03-01 00:00:00,2026-03-01 01:00:00,1.0E-4,EUR,3.908928283249E12,byte-seconds,bigalloc-enabled:false;cloud_sql_backup_id:REDACTED;cloud_sql_bill_to:REDACTED;dg_storage_retention_plan_id:REDACTED;physical-block-size:4096
000000-000000-000000,proj-anon,proj-anon,Cloud Monitoring,Metric Volume,2026-03-01 00:00:00,2026-03-01 01:00:00,0.001105,EUR,5376.0,bytes,goog-agent-metric-class:REDACTED;goog-metric-domain:REDACTED
000000-000000-000000,proj-anon,proj-anon,Compute Engine,Storage PD Capacity,2026-03-01 00:00:00,2026-03-01 01:00:00,1.9E-5,EUR,1.49250113536E12,byte-seconds,
000000-000000-000000,proj-anon,proj-anon,Compute Engine,E2 Instance Core running in Netherlands,2026-03-01 00:00:00,2026-03-01 01:00:00,1.9E-4,EUR,34.0,seconds,env:dev;goog-terraform-provisioned:true;scope:REDACTED
000000-000000-000000,proj-anon,proj-anon,Cloud Monitoring,Metric Volume,2026-03-01 00:00:00,2026-03-01 01:00:00,0.001028,EUR,5000.0,bytes,goog-agent-metric-class:REDACTED;goog-metric-domain:REDACTED
000000-000000-000000,proj-anon,proj-anon,Artifact Registry,Artifact Registry Storage,2026-03-01 00:00:00,2026-03-01 01:00:00,4.0E-6,EUR,1.29082025252E11,byte-seconds,
000000-000000-000000,proj-anon,proj-anon,Compute Engine,E2 Instance Core running in EMEA,2026-03-01 00:00:00,2026-03-01 01:00:00,0.038558,EUR,6922.0,seconds,goog-ec-src:REDACTED
000000-000000-000000,proj-anon,proj-anon,Cloud Composer,Cloud Composer 3 standard milli DCU-hours (europe-west1),2026-03-01 00:00:00,2026-03-01 01:00:00,0.0087,EUR,567800.0,seconds,goog-composer-cluster-name:REDACTED;goog-composer-image-version:cloud-composer-service-2026-02-09-rc3;goog-composer-location:europe-west1;goog-composer-namespace-name:REDACTED;goog-composer-pod-name:REDACTED;goog-terraform-provisioned:true;resource-type:composer;team:ml
000000-000000-000000,proj-anon,proj-anon,Secret Manager,Secret access operations,2026-03-01 00:00:00,2026-03-01 01:00:00,2.51E-4,EUR,100.0,requests,goog-terraform-provisioned:true
000000-000000-000000,proj-anon,proj-anon,Cloud Composer,Cloud Composer 3 standard milli DCU-hours (europe-west1),2026-03-01 00:00:00,2026-03-01 01:00:00,0.004246,EUR,277100.0,seconds,goog-composer-cluster-name:REDACTED;goog-composer-image-version:cloud-composer-service-2026-02-09-rc3;goog-composer-location:europe-west1;goog-composer-namespace-name:REDACTED;goog-composer-pod-name:REDACTED;goog-terraform-provisioned:true;resource-type:composer;team:ml
000000-000000-000000,proj-anon,proj-anon,Cloud Composer,Cloud Composer 3 standard milli DCU-hours (europe-west1),2026-03-01 00:00:00,2026-03-01 01:00:00,0.00223,EUR,145541.0,seconds,goog-terraform-provisioned:true;resource-type:composer;team:ml
000000-000000-000000,proj-anon,proj-anon,Vertex AI,Vertex AI: Online/Batch Prediction N1 Predefined Instance Ram running in EMEA for AI Platform,2026-03-01 00:00:00,2026-03-01 01:00:00,0.039219,EUR,3.023120105472E13,byte-seconds,resource-type:vertexai-endpoint;team:ml
000000-000000-000000,proj-anon,proj-anon,Compute Engine,Balanced PD Capacity in Milan,2026-03-01 00:00:00,2026-03-01 01:00:00,7.24E-4,EUR,1.940251475968E13,byte-seconds,
000000-000000-000000,proj-anon,proj-anon,Cloud Logging,Log Storage cost,2026-03-01 00:00:00,2026-03-01 01:00:00,3.0E-6,EUR,7703.0,bytes,goog-resource-type:REDACTED
000000-000000-000000,proj-anon,proj-anon,Cloud Logging,Log Storage cost,2026-03-01 00:00:00,2026-03-01 01:00:00,9.0E-6,EUR,22988.0,bytes,goog-resource-type:REDACTED
000000-000000-000000,proj-anon,proj-anon,Networking,Network Intelligence Center Internet to Google Cloud Performance Resource Hours,2026-03-01 00:00:00,2026-03-01 01:00:00,0.006016,EUR,9.0,requests,
000000-000000-000000,proj-anon,proj-anon,Cloud SQL,Storage PD Snapshot,2026-03-01 00:00:00,2026-03-01 01:00:00,1.07E-4,EUR,4.152533350267E12,byte-seconds,bigalloc-enabled:false;cloud_sql_backup_id:REDACTED;cloud_sql_bill_to:REDACTED;dg_storage_retention_plan_id:REDACTED;physical-block-size:4096
000000-000000-000000,proj-anon,proj-anon,Cloud Run,Services Memory (Request-based billing),2026-03-01 00:00:00,2026-03-01 01:00:00,0.033054,EUR,1.69857366622208E13,byte-seconds,
000000-000000-000000,proj-anon,proj-anon,Cloud Logging,Log Storage cost,2026-03-01 00:00:00,2026-03-01 01:00:00,5.79E-4,EUR,1487995.0,bytes,goog-resource-type:REDACTED
000000-000000-000000,proj-anon,proj-anon,Cloud Logging,Log Storage cost,2026-03-01 00:00:00,2026-03-01 01:00:00,1.0E-6,EUR,2313.0,bytes,goog-resource-type:REDACTED
000000-000000-000000,proj-anon,proj-anon,Compute Engine,Balanced PD Capacity in Milan,2026-03-01 00:00:00,2026-03-01 01:00:00,1.33E-4,EUR,3.582002724864E12,byte-seconds,goog-gke-cluster-id-base32:REDACTED;goog-gke-node-pool-provisioning-model:REDACTED;goog-gke-volume:REDACTED;goog-k8s-cluster-location:REDACTED;goog-k8s-node-pool-name:REDACTED
000000-000000-000000,proj-anon,proj-anon,Networking,Networking Cloud VPN Tunnel Europewest1,2026-03-01 00:00:00,2026-03-01 01:00:00,0.080352,EUR,6922.0,seconds,
000000-000000-000000,proj-anon,proj-anon,Cloud Logging,Log Storage cost,2026-03-01 00:00:00,2026-03-01 01:00:00,2.69E-4,EUR,691570.0,bytes,goog-resource-type:REDACTED
000000-000000-000000,proj-anon,proj-anon,Cloud Composer,Cloud Composer 3 standard milli DCU-hours (europe-west1),2026-03-01 00:00:00,2026-03-01 01:00:00,0.069155,EUR,4513144.0,seconds,goog-composer-cluster-name:REDACTED;goog-composer-image-version:cloud-composer-service-2026-02-09-rc3;goog-composer-location:europe-west1;goog-composer-namespace-name:REDACTED;goog-composer-pod-name:REDACTED;goog-terraform-provisioned:true;resource-type:composer;team:ml
000000-000000-000000,proj-anon,proj-anon,Cloud Logging,Log Storage cost,2026-03-01 00:00:00,2026-03-01 01:00:00,4.0E-6,EUR,10745.0,bytes,goog-resource-type:REDACTED
000000-000000-000000,proj-anon,proj-anon,Cloud Logging,Log Storage cost,2026-03-01 00:00:00,2026-03-01 01:00:00,1.97E-4,EUR,506117.0,bytes,goog-resource-type:REDACTED
000000-000000-000000,proj-anon,proj-anon,Cloud Logging,Log Storage cost,2026-03-01 00:00:00,2026-03-01 01:00:00,5.0E-6,EUR,11563.0,bytes,goog-resource-type:REDACTED
000000-000000-000000,proj-anon,proj-anon,Cloud SQL,Cloud SQL for PostgreSQL: Zonal - Standard storage in Netherlands,2026-03-01 00:00:00,2026-03-01 01:00:00,0.002325,EUR,3.8654705664E13,byte-seconds,env:shared;scope:REDACTED
000000-000000-000000,proj-anon,proj-anon,Cloud Logging,Vended Logs Storage,2026-03-01 00:00:00,2026-03-01 01:00:00,2.0E-6,EUR,8622.0,bytes,goog-resource-type:REDACTED
000000-000000-000000,proj-anon,proj-anon,Cloud Composer,Cloud Composer 3 standard milli DCU-hours (europe-west1),2026-03-01 00:00:00,2026-03-01 01:00:00,0.002777,EUR,181256.0,seconds,goog-composer-cluster-name:REDACTED;goog-composer-image-version:cloud-composer-service-2026-02-09-rc3;goog-composer-location:europe-west1;goog-composer-namespace-name:REDACTED;goog-composer-pod-name:REDACTED;goog-terraform-provisioned:true;resource-type:composer;team:ml
000000-000000-000000,proj-anon,proj-anon,Compute Engine,Storage Image,2026-03-01 00:00:00,2026-03-01 01:00:00,3.5E-5,EUR,2.211215371593E12,byte-seconds,cal-account:REDACTED;cal-activity:backup;cal-calid:REDACTED;cal-instanceid:REDACTED;cal-instancename:instance-anon;cal-last-tagged-at:REDACTED;cal-solinstid:REDACTED;cal-solution:REDACTED;cal-userid:REDACTED;cal-volumesnapshot:REDACTED;name:REDACTED
000000-000000-000000,proj-anon,proj-anon,Compute Engine,E2 Instance Core running in Netherlands,2026-03-01 00:00:00,2026-03-01 01:00:00,0.009656,EUR,1732.0,seconds,serverless-vpc-access:REDACTED
000000-000000-000000,proj-anon,proj-anon,Cloud Logging,Log Storage cost,2026-03-01 00:00:00,2026-03-01 01:00:00,8.0E-6,EUR,20443.0,bytes,goog-resource-type:REDACTED
000000-000000-000000,proj-anon,proj-anon,Cloud Logging,Log Storage cost,2026-03-01 00:00:00,2026-03-01 01:00:00,1.0E-6,EUR,2038.0,bytes,goog-resource-type:REDACTED
000000-000000-000000,proj-anon,proj-anon,Secret Manager,Secret version replica storage,2026-03-01 00:00:00,2026-03-01 01:00:00,0.008608,EUR,415320.0,seconds,goog-terraform-provisioned:true
000000-000000-000000,proj-anon,proj-anon,Cloud Logging,Log Storage cost,2026-03-01 00:00:00,2026-03-01 01:00:00,0.021418,EUR,5.5030684E7,bytes,goog-resource-type:REDACTED
000000-000000-000000,proj-anon,proj-anon,Cloud Run,Jobs Memory in europe-west1,2026-03-01 00:00:00,2026-03-01 01:00:00,0.112149,EUR,7.203879541447652E13,byte-seconds,
000000-000000-000000,proj-anon,proj-anon,Cloud Logging,Log Storage cost,2026-03-01 00:00:00,2026-03-01 01:00:00,8.0E-6,EUR,20754.0,bytes,goog-resource-type:REDACTED
000000-000000-000000,proj-anon,proj-anon,Cloud Logging,Log Storage cost,2026-03-01 00:00:00,2026-03-01 01:00:00,2.0E-6,EUR,4777.0,bytes,goog-resource-type:REDACTED
000000-000000-000000,proj-anon,proj-anon,Compute Engine,External IP Charge on a Standard VM,2026-03-01 00:00:00,2026-03-01 01:00:00,0.020088,EUR,17305.0,seconds,goog-ops-agent-policy:REDACTED
000000-000000-000000,proj-anon,proj-anon,Cloud SQL,Storage PD Snapshot,2026-03-01 00:00:00,2026-03-01 01:00:00,9.1E-5,EUR,3.553506009652E12,byte-seconds,bigalloc-enabled:false;cloud_sql_backup_id:REDACTED;cloud_sql_bill_to:REDACTED;dg_storage_retention_plan_id:REDACTED;physical-block-size:4096
000000-000000-000000,proj-anon,proj-anon,Workflows,Internal Steps,2026-03-01 00:00:00,2026-03-01 01:00:00,3.35E-4,EUR,40.0,requests,
000000-000000-000000,proj-anon,proj-anon,Cloud Logging,Log Storage cost,2026-03-01 00:00:00,2026-03-01 01:00:00,1.0E-6,EUR,2132.0,bytes,goog-resource-type:REDACTED
000000-000000-000000,proj-anon,proj-anon,Cloud Composer,Cloud Composer Network Inter Zone Data Transfer Out,2026-03-01 00:00:00,2026-03-01 01:00:00,1.0E-6,EUR,137508.0,bytes,goog-composer-cluster-name:REDACTED;goog-composer-image-version:cloud-composer-service-2025-10-28-rc0;goog-composer-location:europe-west1;goog-composer-namespace-name:REDACTED;goog-composer-pod-name:REDACTED;goog-terraform-provisioned:true;resource-type:composer;team:ml
000000-000000-000000,proj-anon,proj-anon,Secret Manager,Secret version replica storage,2026-03-01 00:00:00,2026-03-01 01:00:00,9.0E-6,EUR,417.0,seconds,
000000-000000-000000,proj-anon,proj-anon,Networking,Network Intelligence Center Topology and Google Cloud Performance Resource Hours,2026-03-01 00:00:00,2026-03-01 01:00:00,0.001838,EUR,2.0,requests,
000000-000000-000000,proj-anon,proj-anon,Cloud Run,Services Memory (Request-based billing),2026-03-01 00:00:00,2026-03-01 01:00:00,4.8E-5,EUR,2.4588687769600002E10,byte-seconds,env:qa;scope:REDACTED
000000-000000-000000,proj-anon,proj-anon,Cloud Logging,Log Storage cost,2026-03-01 00:00:00,2026-03-01 01:00:00,4.4E-5,EUR,113302.0,bytes,goog-resource-type:REDACTED
000000-000000-000000,proj-anon,proj-anon,Cloud Run,Services Memory (Instance-based billing) in europe-west1,2026-03-01 00:00:00,2026-03-01 01:00:00,0.05102,EUR,3.2772743130700785E13,byte-seconds,resource_type:REDACTED;service_type:REDACTED;team:backend
000000-000000-000000,proj-anon,proj-anon,Vertex AI,Vertex AI: Online/Batch Prediction N1 Predefined Instance Core running in EMEA for AI Platform,2026-03-01 00:00:00,2026-03-01 01:00:00,0.069105,EUR,7087.0,seconds,resource-type:vertexai-endpoint;team:ml
000000-000000-000000,proj-anon,proj-anon,Cloud Logging,Log Storage cost,2026-03-01 00:00:00,2026-03-01 01:00:00,1.0E-6,EUR,1909.0,bytes,goog-resource-type:REDACTED
000000-000000-000000,proj-anon,proj-anon,Cloud Logging,Log Storage cost,2026-03-01 00:00:00,2026-03-01 01:00:00,8.9E-4,EUR,2285960.0,bytes,goog-resource-type:REDACTED
000000-000000-000000,proj-anon,proj-anon,Artifact Registry,Artifact Registry Storage,2026-03-01 00:00:00,2026-03-01 01:00:00,0.134063,EUR,4.166533212795804E15,byte-seconds,
000000-000000-000000,proj-anon,proj-anon,Compute Engine,Storage Image,2026-03-01 00:00:00,2026-03-01 01:00:00,9.2E-5,EUR,5.692551572672E12,byte-seconds,cal-account:REDACTED;cal-activity:backup;cal-calid:REDACTED;cal-instanceid:REDACTED;cal-instancename:instance-anon;cal-last-tagged-at:REDACTED;cal-solinstid:REDACTED;cal-solution:REDACTED;cal-userid:REDACTED;cal-volumesnapshot:REDACTED;name:REDACTED
000000-000000-000000,proj-anon,proj-anon,Cloud Logging,Log Storage cost,2026-03-01 00:00:00,2026-03-01 01:00:00,2.06E-4,EUR,532589.0,bytes,goog-resource-type:REDACTED
000000-000000-000000,proj-anon,proj-anon,Cloud Composer,Cloud Composer 3 standard milli DCU-hours (europe-west1),2026-03-01 00:00:00,2026-03-01 01:00:00,0.004454,EUR,290700.0,seconds,goog-composer-cluster-name:REDACTED;goog-composer-image-version:cloud-composer-service-2026-02-09-rc3;goog-composer-location:europe-west1;goog-composer-namespace-name:REDACTED;goog-composer-pod-name:REDACTED;goog-terraform-provisioned:true;resource-type:composer;team:ml
000000-000000-000000,proj-anon,proj-anon,Cloud Logging,Log Storage cost,2026-03-01 00:00:00,2026-03-01 01:00:00,5.0E-6,EUR,12936.0,bytes,goog-resource-type:REDACTED
000000-000000-000000,proj-anon,proj-anon,Secret Manager,Secret version replica storage,2026-03-01 00:00:00,2026-03-01 01:00:00,3.0E-6,EUR,139.0,seconds,
000000-000000-000000,proj-anon,proj-anon,Cloud Logging,Log Storage cost,2026-03-01 00:00:00,2026-03-01 01:00:00,5.24E-4,EUR,1347575.0,bytes,goog-resource-type:REDACTED
000000-000000-000000,proj-anon,proj-anon,Cloud Logging,Log Storage cost,2026-03-01 00:00:00,2026-03-01 01:00:00,0.016469,EUR,4.2315948E7,bytes,goog-resource-type:REDACTED
000000-000000-000000,proj-anon,proj-anon,Cloud Run,Services Min Instance CPU (Request-based billing),2026-03-01 00:00:00,2026-03-01 01:00:00,0.014207,EUR,6799.815989,seconds,resource-name:REDACTED;resource-type:cloudrun-service;team:ml
000000-000000-000000,proj-anon,proj-anon,Networking,Networking Private Service Connect Partner Select End Point,2026-03-01 00:00:00,2026-03-01 01:00:00,0.008035,EUR,3461.0,seconds,
000000-000000-000000,proj-anon,proj-anon,Cloud Logging,Log Storage cost,2026-03-01 00:00:00,2026-03-01 01:00:00,4.6E-5,EUR,117872.0,bytes,goog-resource-type:REDACTED
000000-000000-000000,proj-anon,proj-anon,Cloud Run,Cloud Run Network Internet Data Transfer Out Europe to Europe,2026-03-01 00:00:00,2026-03-01 01:00:00,2.91E-4,EUR,3559663.0,bytes,
000000-000000-000000,proj-anon,proj-anon,Cloud Run Functions,Cloud Run functions Min-Instance Memory (Request-based billing) in europe-west1,2026-03-01 00:00:00,2026-03-01 01:00:00,0.057,EUR,2.9291859478416863E13,byte-seconds,goog-managed-by:REDACTED
000000-000000-000000,proj-anon,proj-anon,Compute Engine,Storage Image,2026-03-01 00:00:00,2026-03-01 01:00:00,7.0E-5,EUR,4.373852095616E12,byte-seconds,cal-account:REDACTED;cal-activity:backup;cal-calid:REDACTED;cal-instanceid:REDACTED;cal-instancename:instance-anon;cal-last-tagged-at:REDACTED;cal-solinstid:REDACTED;cal-solution:REDACTED;cal-userid:REDACTED;cal-volumesnapshot:REDACTED;name:REDACTED
000000-000000-000000,proj-anon,proj-anon,Cloud SQL,Cloud SQL for PostgreSQL: Zonal - Standard storage in EMEA,2026-03-01 00:00:00,2026-03-01 01:00:00,0.021143,EUR,3.8654705664E14,byte-seconds,
000000-000000-000000,proj-anon,proj-anon,Cloud SQL,Cloud SQL for PostgreSQL: Zonal - Low cost storage in Americas,2026-03-01 00:00:00,2026-03-01 01:00:00,0.001119,EUR,3.8654705664E13,byte-seconds,
000000-000000-000000,proj-anon,proj-anon,Cloud Logging,Log Storage cost,2026-03-01 00:00:00,2026-03-01 01:00:00,1.5E-5,EUR,39734.0,bytes,goog-resource-type:REDACTED
000000-000000-000000,proj-anon,proj-anon,Cloud Logging,Log Storage cost,2026-03-01 00:00:00,2026-03-01 01:00:00,4.0E-6,EUR,10163.0,bytes,goog-resource-type:REDACTED
000000-000000-000000,proj-anon,proj-anon,Cloud Logging,Log Storage cost,2026-03-01 00:00:00,2026-03-01 01:00:00,9.3E-5,EUR,240729.0,bytes,goog-resource-type:REDACTED
000000-000000-000000,proj-anon,proj-anon,Cloud Logging,Log Storage cost,2026-03-01 00:00:00,2026-03-01 01:00:00,3.0E-6,EUR,8094.0,bytes,goog-resource-type:REDACTED
000000-000000-000000,proj-anon,proj-anon,Cloud Logging,Log Storage cost,2026-03-01 00:00:00,2026-03-01 01:00:00,6.0E-5,EUR,153952.0,bytes,goog-resource-type:REDACTED
000000-000000-000000,proj-anon,proj-anon,Compute Engine,Network Internet Data Transfer Out from EMEA to South America,2026-03-01 00:00:00,2026-03-01 01:00:00,9.1E-5,EUR,618089.0,bytes,goog-gke-cluster-id-base32:REDACTED;goog-gke-node:REDACTED;goog-gke-node-pool-provisioning-model:REDACTED;goog-k8s-cluster-location:REDACTED;goog-k8s-cluster-name:REDACTED;goog-k8s-namespace:REDACTED;goog-k8s-node-pool-name:REDACTED;k8s-namespace:REDACTED
000000-000000-000000,proj-anon,proj-anon,Cloud Logging,Log Storage cost,2026-03-01 00:00:00,2026-03-01 01:00:00,3.15E-4,EUR,808907.0,bytes,goog-resource-type:REDACTED
000000-000000-000000,proj-anon,proj-anon,Workflows,Internal Steps,2026-03-01 00:00:00,2026-03-01 01:00:00,0.001488,EUR,178.0,requests,
000000-000000-000000,proj-anon,proj-anon,BigQuery,Analysis (europe-west1),2026-03-01 00:00:00,2026-03-01 01:00:00,0.002976,EUR,5.22190848E8,bytes,data_source_id:REDACTED;dts_config_id:REDACTED;dts_run_id:REDACTED
000000-000000-000000,proj-anon,proj-anon,Cloud Logging,Vended Logs Storage,2026-03-01 00:00:00,2026-03-01 01:00:00,2.25E-4,EUR,1159473.0,bytes,goog-resource-type:REDACTED
000000-000000-000000,proj-anon,proj-anon,Cloud Run Functions,Cloud Run functions Min-Instance Memory (Request-based billing) in europe-west1,2026-03-01 00:00:00,2026-03-01 01:00:00,0.014208,EUR,7.301444399875695E12,byte-seconds,goog-drz-cloudfunctions-id:REDACTED;goog-drz-cloudfunctions-location:REDACTED;goog-managed-by:REDACTED
000000-000000-000000,proj-anon,proj-anon,Cloud Logging,Log Storage cost,2026-03-01 00:00:00,2026-03-01 01:00:00,0.012026,EUR,3.0901244E7,bytes,goog-resource-type:REDACTED
000000-000000-000000,proj-anon,proj-anon,Artifact Registry,Artifact Registry Storage,2026-03-01 00:00:00,2026-03-01 01:00:00,0.00476,EUR,1.4792464487672E14,byte-seconds,resource-type:artifact-registry;team:ml
000000-000000-000000,proj-anon,proj-anon,Cloud Run,Services Min Instance Memory (Request-based billing),2026-03-01 00:00:00,2026-03-01 01:00:00,0.1373,EUR,7.055626755503742E13,byte-seconds,
000000-000000-000000,proj-anon,proj-anon,Compute Engine,Balanced PD Capacity,2026-03-01 00:00:00,2026-03-01 01:00:00,4.8E-4,EUR,1.49250113536E13,byte-seconds,
000000-000000-000000,proj-anon,proj-anon,Cloud Run,Requests,2026-03-01 00:00:00,2026-03-01 01:00:00,3.0E-6,EUR,9.0,requests,resource-name:REDACTED;resource-type:cloudrun-service;team:ml
000000-000000-000000,proj-anon,proj-anon,Cloud Composer,Cloud Composer Network Inter Zone Data Transfer Out,2026-03-01 00:00:00,2026-03-01 01:00:00,3.19E-4,EUR,4.0994906E7,bytes,goog-composer-environment:REDACTED;goog-composer-environment-uuid:REDACTED;goog-composer-location:europe-west1;goog-gke-cluster-id-base32:REDACTED;goog-gke-node:REDACTED;goog-gke-node-pool-provisioning-model:REDACTED;goog-k8s-cluster-location:REDACTED;goog-k8s-cluster-name:REDACTED;goog-k8s-namespace:REDACTED;goog-k8s-node-pool-name:REDACTED;k8s-namespace:REDACTED
000000-000000-000000,proj-anon,proj-anon,Cloud Monitoring,Time series billed count,2026-03-01 00:00:00,2026-03-01 01:00:00,4.8E-4,EUR,1148.0,requests,goog-method-name:REDACTED
000000-000000-000000,proj-anon,proj-anon,Cloud Monitoring,Metric Volume,2026-03-01 00:00:00,2026-03-01 01:00:00,5.72E-4,EUR,2784.0,bytes,goog-agent-metric-class:REDACTED;goog-metric-domain:REDACTED
000000-000000-000000,proj-anon,proj-anon,Cloud SQL,Cloud SQL: Backups in Netherlands,2026-03-01 00:00:00,2026-03-01 01:00:00,2.0E-6,EUR,7.0585155451E10,byte-seconds,bigalloc-enabled:false;cloud_sql_backup_id:REDACTED;cloud_sql_bill_to:REDACTED;dg_storage_retention_plan_id:REDACTED;env:qa;physical-block-size:4096;scope:REDACTED
000000-000000-000000,proj-anon,proj-anon,Compute Engine,SSD backed PD Capacity in Milan,2026-03-01 00:00:00,2026-03-01 01:00:00,3.03E-4,EUR,4.776003633152E12,byte-seconds,goog-gke-volume:REDACTED
000000-000000-000000,proj-anon,proj-anon,Cloud Logging,Log Storage cost,2026-03-01 00:00:00,2026-03-01 01:00:00,9.4E-5,EUR,242622.0,bytes,goog-resource-type:REDACTED
000000-000000-000000,proj-anon,proj-anon,Cloud SQL,Cloud SQL: Backups in Milan,2026-03-01 00:00:00,2026-03-01 01:00:00,1.0E-6,EUR,1.3936261664E10,byte-seconds,bigalloc-enabled:false;cloud_sql_backup_id:REDACTED;cloud_sql_bill_to:REDACTED;dg_storage_retention_plan_id:REDACTED;physical-block-size:4096
000000-000000-000000,proj-anon,proj-anon,Cloud Logging,Log Storage cost,2026-03-01 00:00:00,2026-03-01 01:00:00,1.0E-6,EUR,1123.0,bytes,goog-resource-type:REDACTED
000000-000000-000000,proj-anon,proj-anon,Cloud Logging,Log Storage cost,2026-03-01 00:00:00,2026-03-01 01:00:00,4.15E-4,EUR,1064805.0,bytes,goog-resource-type:REDACTED
000000-000000-000000,proj-anon,proj-anon,Compute Engine,Licensing Fee for Red Hat Enterprise Linux 8 on VM with up to 8 VCPU,2026-03-01 00:00:00,2026-03-01 01:00:00,0.023141,EUR,6922.0,seconds,goog-ops-agent-policy:REDACTED
000000-000000-000000,proj-anon,proj-anon,Cloud Logging,Log Storage cost,2026-03-01 00:00:00,2026-03-01 01:00:00,1.5E-5,EUR,37636.0,bytes,goog-resource-type:REDACTED
000000-000000-000000,proj-anon,proj-anon,Networking,Cloud Load Balancer Forwarding Rule Minimum for Milan (europe-west8),2026-03-01 00:00:00,2026-03-01 01:00:00,0.023503,EUR,3461.0,seconds,
000000-000000-000000,proj-anon,proj-anon,Cloud Composer,Cloud Composer Network Inter Zone Data Transfer Out,2026-03-01 00:00:00,2026-03-01 01:00:00,1.0E-6,EUR,130547.0,bytes,goog-composer-cluster-name:REDACTED;goog-composer-image-version:cloud-composer-service-2025-10-28-rc0;goog-composer-location:europe-west1;goog-composer-namespace-name:REDACTED;goog-composer-pod-name:REDACTED;goog-terraform-provisioned:true;resource-type:composer;team:ml
000000-000000-000000,proj-anon,proj-anon,Cloud Logging,Log Storage cost,2026-03-01 00:00:00,2026-03-01 01:00:00,0.001445,EUR,3713759.0,bytes,goog-resource-type:REDACTED
000000-000000-000000,proj-anon,proj-anon,Cloud Composer,Cloud Composer 3 standard milli DCU-hours (europe-west1),2026-03-01 00:00:00,2026-03-01 01:00:00,0.003959,EUR,258400.0,seconds,goog-composer-cluster-name:REDACTED;goog-composer-image-version:cloud-composer-service-2025-10-28-rc0;goog-composer-location:europe-west1;goog-composer-namespace-name:REDACTED;goog-composer-pod-name:REDACTED;goog-terraform-provisioned:true;resource-type:composer;team:ml
000000-000000-000000,proj-anon,proj-anon,Cloud Logging,Log Storage cost,2026-03-01 00:00:00,2026-03-01 01:00:00,2.63E-4,EUR,676687.0,bytes,goog-resource-type:REDACTED
000000-000000-000000,proj-anon,proj-anon,BigQuery,Long Term Logical Storage (europe-west1),2026-03-01 00:00:00,2026-03-01 01:00:00,1.8E-4,EUR,5.61399463936E13,byte-seconds,
000000-000000-000000,proj-anon,proj-anon,Cloud Memorystore for Redis,Redis Capacity Basic M1 Netherlands,2026-03-01 00:00:00,2026-03-01 01:00:00,0.001646,EUR,1.49250113536E11,byte-seconds,env:qa;goog-terraform-provisioned:true;scope:REDACTED
000000-000000-000000,proj-anon,proj-anon,Cloud Logging,Log Storage cost,2026-03-01 00:00:00,2026-03-01 01:00:00,2.3E-5,EUR,59880.0,bytes,goog-resource-type:REDACTED
000000-000000-000000,proj-anon,proj-anon,Cloud Logging,Vended Logs Storage,2026-03-01 00:00:00,2026-03-01 01:00:00,8.96E-4,EUR,4607714.0,bytes,goog-resource-type:REDACTED
000000-000000-000000,proj-anon,proj-anon,Cloud Logging,Log Storage cost,2026-03-01 00:00:00,2026-03-01 01:00:00,0.129499,EUR,3.32734815E8,bytes,goog-resource-type:REDACTED
000000-000000-000000,proj-anon,proj-anon,Cloud Logging,Log Storage cost,2026-03-01 00:00:00,2026-03-01 01:00:00,6.7E-5,EUR,172675.0,bytes,goog-resource-type:REDACTED
000000-000000-000000,proj-anon,proj-anon,Cloud Run,Requests,2026-03-01 00:00:00,2026-03-01 01:00:00,3.5E-5,EUR,100.0,requests,
000000-000000-000000,proj-anon,proj-anon,Cloud Monitoring,Metric Volume,2026-03-01 00:00:00,2026-03-01 01:00:00,3.91E-4,EUR,1904.0,bytes,goog-agent-metric-class:REDACTED;goog-metric-domain:REDACTED
000000-000000-000000,proj-anon,proj-anon,Artifact Registry,Artifact Registry Storage,2026-03-01 00:00:00,2026-03-01 01:00:00,3.0E-6,EUR,9.6311333638E10,byte-seconds,goog-managed-by:REDACTED
000000-000000-000000,proj-anon,proj-anon,Cloud Build,Build time e2-standard-2,2026-03-01 00:00:00,2026-03-01 01:00:00,0.006853,EUR,82.0,seconds,
000000-000000-000000,proj-anon,proj-anon,Cloud SQL,Storage PD Snapshot,2026-03-01 00:00:00,2026-03-01 01:00:00,9.1E-5,EUR,3.530371546706E12,byte-seconds,bigalloc-enabled:false;cloud_sql_backup_id:REDACTED;cloud_sql_bill_to:REDACTED;dg_storage_retention_plan_id:REDACTED;physical-block-size:4096
000000-000000-000000,proj-anon,proj-anon,Vertex AI,Vertex AI: Training/Pipelines on SSD backed PD Capacity,2026-03-01 00:00:00,2026-03-01 01:00:00,0.03261,EUR,5.184025526272E14,byte-seconds,vertex-ai-pipelines-run-billing-id:REDACTED;vertex_pipelines:REDACTED
000000-000000-000000,proj-anon,proj-anon,Cloud Logging,Log Storage cost,2026-03-01 00:00:00,2026-03-01 01:00:00,2.8E-5,EUR,72911.0,bytes,goog-resource-type:REDACTED
000000-000000-000000,proj-anon,proj-anon,Cloud Logging,Log Storage cost,2026-03-01 00:00:00,2026-03-01 01:00:00,1.0E-6,EUR,3831.0,bytes,goog-resource-type:REDACTED
000000-000000-000000,proj-anon,proj-anon,Compute Engine,Network Internet Data Transfer Out from EMEA to EMEA,2026-03-01 00:00:00,2026-03-01 01:00:00,4.7E-5,EUR,508541.0,bytes,goog-ec-src:REDACTED
000000-000000-000000,proj-anon,proj-anon,Cloud Memorystore for Redis,Redis Capacity Basic M1 Netherlands,2026-03-01 00:00:00,2026-03-01 01:00:00,0.04098,EUR,3.716220452864E12,byte-seconds,env:qa;goog-terraform-provisioned:true;scope:REDACTED
000000-000000-000000,proj-anon,proj-anon,Vertex AI,Vertex AI: Online/Batch Prediction N1 Predefined Instance Core running in Americas for AI Platform,2026-03-01 00:00:00,2026-03-01 01:00:00,0.009486,EUR,1135.0,seconds,
000000-000000-000000,proj-anon,proj-anon,Secret Manager,Secret access operations,2026-03-01 00:00:00,2026-03-01 01:00:00,1.98E-4,EUR,79.0,requests,goog-terraform-provisioned:true
000000-000000-000000,proj-anon,proj-anon,Cloud SQL,Storage PD Snapshot,2026-03-01 00:00:00,2026-03-01 01:00:00,2.0E-6,EUR,7.5295084544E10,byte-seconds,bigalloc-enabled:false;cloud_sql_backup_id:REDACTED;cloud_sql_bill_to:REDACTED;dg_storage_retention_plan_id:REDACTED;physical-block-size:4096
000000-000000-000000,proj-anon,proj-anon,Cloud Logging,Log Storage cost,2026-03-01 00:00:00,2026-03-01 01:00:00,2.08E-4,EUR,535211.0,bytes,goog-resource-type:REDACTED
000000-000000-000000,proj-anon,proj-anon,Vertex AI,Vertex AI: Online/Batch Prediction N1 Predefined Instance Core running in Americas for AI Platform,2026-03-01 00:00:00,2026-03-01 01:00:00,0.008416,EUR,1007.0,seconds,
000000-000000-000000,proj-anon,proj-anon,Cloud SQL,Storage PD Snapshot,2026-03-01 00:00:00,2026-03-01 01:00:00,8.0E-5,EUR,3.084609985536E12,byte-seconds,bigalloc-enabled:false;cloud_sql_backup_id:REDACTED;cloud_sql_bill_to:REDACTED;dg_storage_retention_plan_id:REDACTED;physical-block-size:4096
000000-000000-000000,proj-anon,proj-anon,Vertex AI,Vertex AI: Online/Batch Prediction N1 Predefined Instance Ram running in Americas for AI Platform,2026-03-01 00:00:00,2026-03-01 01:00:00,0.004942,EUR,4.571992998423E12,byte-seconds,
000000-000000-000000,proj-anon,proj-anon,Networking,Network Intelligence Center Internet to Google Cloud Performance Resource Hours,2026-03-01 00:00:00,2026-03-01 01:00:00,6.68E-4,EUR,1.0,requests,
000000-000000-000000,proj-anon,proj-anon,Cloud SQL,Storage PD Snapshot,2026-03-01 00:00:00,2026-03-01 01:00:00,7.5E-5,EUR,2.925526219118E12,byte-seconds,bigalloc-enabled:false;cloud_sql_backup_id:REDACTED;cloud_sql_bill_to:REDACTED;dg_storage_retention_plan_id:REDACTED;physical-block-size:4096
000000-000000-000000,proj-anon,proj-anon,Cloud Logging,Log Storage cost,2026-03-01 00:00:00,2026-03-01 01:00:00,1.0E-6,EUR,2905.0,bytes,goog-resource-type:REDACTED
000000-000000-000000,proj-anon,proj-anon,Networking,Network Intelligence Center Topology and Google Cloud Performance Resource Hours,2026-03-01 00:00:00,2026-03-01 01:00:00,0.004596,EUR,5.0,requests,
000000-000000-000000,proj-anon,proj-anon,Compute Engine,Storage Image,2026-03-01 00:00:00,2026-03-01 01:00:00,8.89E-4,EUR,5.52576393376E13,byte-seconds,cal-account:REDACTED;cal-activity:backup;cal-calid:REDACTED;cal-instanceid:REDACTED;cal-instancename:instance-anon;cal-last-tagged-at:REDACTED;cal-solinstid:REDACTED;cal-solution:REDACTED;cal-userid:REDACTED;cal-volumesnapshot:REDACTED;name:REDACTED
000000-000000-000000,proj-anon,proj-anon,Cloud Composer,Cloud Composer 3 standard milli DCU-hours (europe-west1),2026-03-01 00:00:00,2026-03-01 01:00:00,0.002351,EUR,153456.0,seconds,goog-composer-cluster-name:REDACTED;goog-composer-image-version:cloud-composer-service-2026-02-09-rc3;goog-composer-location:europe-west1;goog-composer-namespace-name:REDACTED;goog-composer-pod-name:REDACTED;goog-terraform-provisioned:true;resource-type:composer;team:ml
000000-000000-000000,proj-anon,proj-anon,Compute Engine,E2 Instance Core running in Milan,2026-03-01 00:00:00,2026-03-01 01:00:00,0.02033,EUR,3461.0,seconds,
000000-000000-000000,proj-anon,proj-anon,Cloud Composer,Cloud Composer Network Inter Zone Data Transfer Out,2026-03-01 00:00:00,2026-03-01 01:00:00,1.0E-6,EUR,179312.0,bytes,goog-composer-cluster-name:REDACTED;goog-composer-image-version:cloud-composer-service-2026-02-09-rc3;goog-composer-location:europe-west1;goog-composer-namespace-name:REDACTED;goog-composer-pod-name:REDACTED;goog-terraform-provisioned:true;resource-type:composer;team:ml
000000-000000-000000,proj-anon,proj-anon,Cloud Run,Jobs CPU in europe-west1,2026-03-01 00:00:00,2026-03-01 01:00:00,0.262388,EUR,17440.876813,seconds,
000000-000000-000000,proj-anon,proj-anon,Cloud Logging,Log Storage cost,2026-03-01 00:00:00,2026-03-01 01:00:00,9.9E-5,EUR,256209.0,bytes,goog-resource-type:REDACTED
000000-000000-000000,proj-anon,proj-anon,Compute Engine,SSD backed PD Capacity in Milan,2026-03-01 00:00:00,2026-03-01 01:00:00,0.015091,EUR,2.37838108983296E14,byte-seconds,goog-gke-volume:REDACTED
000000-000000-000000,proj-anon,proj-anon,Cloud Run,Jobs CPU in europe-west1,2026-03-01 00:00:00,2026-03-01 01:00:00,0.012637,EUR,840.0,seconds,resource-name:REDACTED;resource-type:cloudrun-job;team:ml
000000-000000-000000,proj-anon,proj-anon,Cloud Run,Services Min Instance CPU (Request-based billing),2026-03-01 00:00:00,2026-03-01 01:00:00,0.053948,EUR,25819.488924,seconds,
000000-000000-000000,proj-anon,proj-anon,Compute Engine,Network Internet Data Transfer Out from Belgium to Apac(Excluding Korea and Indonesia),2026-03-01 00:00:00,2026-03-01 01:00:00,1.0E-6,EUR,0.0,bytes,goog-gke-cluster-id-base32:REDACTED;goog-gke-node:REDACTED;goog-gke-node-pool-provisioning-model:REDACTED;goog-k8s-cluster-location:REDACTED;goog-k8s-cluster-name:REDACTED;goog-k8s-node-pool-name:REDACTED
000000-000000-000000,proj-anon,proj-anon,Cloud Composer,Cloud Composer 3 standard milli DCU-hours (europe-west1),2026-03-01 00:00:00,2026-03-01 01:00:00,0.069155,EUR,4513144.0,seconds,goog-composer-cluster-name:REDACTED;goog-composer-image-version:cloud-composer-service-2026-02-09-rc3;goog-composer-location:europe-west1;goog-composer-namespace-name:REDACTED;goog-composer-pod-name:REDACTED;goog-terraform-provisioned:true;resource-type:composer;team:ml
000000-000000-000000,proj-anon,proj-anon,Vertex AI,Vertex AI: Training/Pipelines on N1 Predefined Instance Ram running in EMEA,2026-03-01 00:00:00,2026-03-01 01:00:00,0.002818,EUR,2.43202523136E12,byte-seconds,
000000-000000-000000,proj-anon,proj-anon,Compute Engine,Storage Image,2026-03-01 00:00:00,2026-03-01 01:00:00,3.0E-6,EUR,1.74709246767E11,byte-seconds,cal-account:REDACTED;cal-activity:backup;cal-calid:REDACTED;cal-instanceid:REDACTED;cal-instancename:instance-anon;cal-last-tagged-at:REDACTED;cal-solinstid:REDACTED;cal-solution:REDACTED;cal-userid:REDACTED;cal-volumesnapshot:REDACTED;name:REDACTED
000000-000000-000000,proj-anon,proj-anon,Cloud Logging,Log Storage cost,2026-03-01 00:00:00,2026-03-01 01:00:00,3.0E-6,EUR,8709.0,bytes,goog-resource-type:REDACTED
000000-000000-000000,proj-anon,proj-anon,Cloud Composer,Cloud Composer 3 standard milli DCU-hours (europe-west1),2026-03-01 00:00:00,2026-03-01 01:00:00,0.00118,EUR,77006.0,seconds,goog-composer-cluster-name:REDACTED;goog-composer-image-version:cloud-composer-service-2025-10-28-rc0;goog-composer-location:europe-west1;goog-composer-namespace-name:REDACTED;goog-composer-pod-name:REDACTED;goog-terraform-provisioned:true;resource-type:composer;team:ml
000000-000000-000000,proj-anon,proj-anon,Networking,Network Intelligence Center Topology and Google Cloud Performance Resource Hours,2026-03-01 00:00:00,2026-03-01 01:00:00,0.004596,EUR,5.0,requests,
000000-000000-000000,proj-anon,proj-anon,Networking,Network Intelligence Center Network Analyzer Resource Hours,2026-03-01 00:00:00,2026-03-01 01:00:00,0.003677,EUR,4.0,requests,
000000-000000-000000,proj-anon,proj-anon,Cloud Logging,Log Storage cost,2026-03-01 00:00:00,2026-03-01 01:00:00,2.0E-6,EUR,4492.0,bytes,goog-resource-type:REDACTED
000000-000000-000000,proj-anon,proj-anon,Cloud Logging,Log Storage cost,2026-03-01 00:00:00,2026-03-01 01:00:00,3.0E-6,EUR,6981.0,bytes,goog-resource-type:REDACTED
000000-000000-000000,proj-anon,proj-anon,Compute Engine,E2 Instance Ram running in EMEA,2026-03-01 00:00:00,2026-03-01 01:00:00,8.3E-4,EUR,1.194000908288E12,byte-seconds,goog-ops-agent-policy:REDACTED
000000-000000-000000,proj-anon,proj-anon,BigQuery,Long Term Logical Storage (europe-west12),2026-03-01 00:00:00,2026-03-01 01:00:00,0.002819,EUR,5.47637906374656E14,byte-seconds,
000000-000000-000000,proj-anon,proj-anon,Compute Engine,Storage PD Capacity,2026-03-01 00:00:00,2026-03-01 01:00:00,0.009566,EUR,7.432440905728E14,byte-seconds,goog-caip-notebook-volume:REDACTED
000000-000000-000000,proj-anon,proj-anon,Cloud Composer,Cloud Composer 3 standard milli DCU-hours (europe-west1),2026-03-01 00:00:00,2026-03-01 01:00:00,0.003933,EUR,256700.0,seconds,goog-composer-cluster-name:REDACTED;goog-composer-image-version:cloud-composer-service-2026-02-09-rc3;goog-composer-location:europe-west1;goog-composer-namespace-name:REDACTED;goog-composer-pod-name:REDACTED;goog-terraform-provisioned:true;resource-type:composer;team:ml
000000-000000-000000,proj-anon,proj-anon,Cloud Logging,Vended Logs Storage,2026-03-01 00:00:00,2026-03-01 01:00:00,7.23E-4,EUR,3717822.0,bytes,goog-resource-type:REDACTED
000000-000000-000000,proj-anon,proj-anon,Cloud Document AI API,Number of hours a processor version has been deployed.,2026-03-01 00:00:00,2026-03-01 01:00:00,0.120529,EUR,10383.0,seconds,
000000-000000-000000,proj-anon,proj-anon,Cloud Logging,Log Storage cost,2026-03-01 00:00:00,2026-03-01 01:00:00,3.0E-6,EUR,9395.0,bytes,goog-resource-type:REDACTED
000000-000000-000000,proj-anon,proj-anon,Cloud Logging,Log Storage cost,2026-03-01 00:00:00,2026-03-01 01:00:00,1.21E-4,EUR,310713.0,bytes,goog-resource-type:REDACTED
000000-000000-000000,proj-anon,proj-anon,Compute Engine,Licensing Fee for Red Hat Enterprise Linux 8 on VM with up to 8 VCPU,2026-03-01 00:00:00,2026-03-01 01:00:00,0.001858,EUR,556.0,seconds,goog-ops-agent-policy:REDACTED
000000-000000-000000,proj-anon,proj-anon,Notebooks,Managed Notebooks Disk for GCE usage - Standard Persistent Disk in us-central1,2026-03-01 00:00:00,2026-03-01 01:00:00,0.004782,EUR,3.716220452864E14,byte-seconds,
000000-000000-000000,proj-anon,proj-anon,Kubernetes Engine,Regional Kubernetes Clusters,2026-03-01 00:00:00,2026-03-01 01:00:00,0.080352,EUR,3461.0,seconds,goog-gke-cluster-id-base32:REDACTED;goog-k8s-cluster-location:REDACTED;goog-k8s-cluster-name:REDACTED
000000-000000-000000,proj-anon,proj-anon,Cloud SQL,Cloud SQL for PostgreSQL: Zonal - Enterprise Plus Standard Storage in Iowa,2026-03-01 00:00:00,2026-03-01 01:00:00,0.052859,EUR,9.663676416E14,byte-seconds,
000000-000000-000000,proj-anon,proj-anon,Compute Engine,Network Vpn Internet Data Transfer Out from EMEA to EMEA,2026-03-01 00:00:00,2026-03-01 01:00:00,0.003625,EUR,3.8813724E7,bytes,
000000-000000-000000,proj-anon,proj-anon,Compute Engine,Storage Machine Image in European Union,2026-03-01 00:00:00,2026-03-01 01:00:00,1.0E-5,EUR,6.45447991913E11,byte-seconds,
000000-000000-000000,proj-anon,proj-anon,Networking,Networking Cloud Nat Gateway Uptime,2026-03-01 00:00:00,2026-03-01 01:00:00,1.94E-4,EUR,598.0,seconds,
000000-000000-000000,proj-anon,proj-anon,Compute Engine,Network Internet Data Transfer Out from EMEA to South America,2026-03-01 00:00:00,2026-03-01 01:00:00,9.1E-5,EUR,613248.0,bytes,goog-gke-cluster-id-base32:REDACTED;goog-gke-node:REDACTED;goog-gke-node-pool-provisioning-model:REDACTED;goog-k8s-cluster-location:REDACTED;goog-k8s-cluster-name:REDACTED;goog-k8s-namespace:REDACTED;goog-k8s-node-pool-name:REDACTED;k8s-namespace:REDACTED
000000-000000-000000,proj-anon,proj-anon,Cloud Run,Requests,2026-03-01 00:00:00,2026-03-01 01:00:00,1.0E-5,EUR,30.0,requests,
000000-000000-000000,proj-anon,proj-anon,Cloud Logging,Log Storage cost,2026-03-01 00:00:00,2026-03-01 01:00:00,5.2E-5,EUR,133358.0,bytes,goog-resource-type:REDACTED
000000-000000-000000,proj-anon,proj-anon,Cloud Composer,Cloud Composer Network Inter Zone Data Transfer Out,2026-03-01 00:00:00,2026-03-01 01:00:00,3.9E-5,EUR,5043387.0,bytes,goog-composer-cluster-name:REDACTED;goog-composer-image-version:cloud-composer-service-2025-10-28-rc0;goog-composer-location:europe-west1;goog-composer-namespace-name:REDACTED;goog-composer-pod-name:REDACTED;goog-terraform-provisioned:true;resource-type:composer;team:ml
000000-000000-000000,proj-anon,proj-anon,Cloud Run Functions,Cloud Run functions Min-Instance CPU (Request-based billing) in europe-west1,2026-03-01 00:00:00,2026-03-01 01:00:00,0.007104,EUR,3400.005294,seconds,goog-drz-cloudfunctions-id:REDACTED;goog-drz-cloudfunctions-location:REDACTED;goog-managed-by:REDACTED
000000-000000-000000,proj-anon,proj-anon,Cloud Logging,Log Storage cost,2026-03-01 00:00:00,2026-03-01 01:00:00,8.2E-5,EUR,209674.0,bytes,goog-resource-type:REDACTED
000000-000000-000000,proj-anon,proj-anon,Workflows,Internal Steps,2026-03-01 00:00:00,2026-03-01 01:00:00,3.35E-4,EUR,40.0,requests,
000000-000000-000000,proj-anon,proj-anon,Artifact Registry,Artifact Registry Storage,2026-03-01 00:00:00,2026-03-01 01:00:00,2.2E-5,EUR,6.8099332322E11,byte-seconds,goog-managed-by:REDACTED
000000-000000-000000,proj-anon,proj-anon,Compute Engine,E2 Instance Core running in EMEA,2026-03-01 00:00:00,2026-03-01 01:00:00,7.74E-4,EUR,139.0,seconds,goog-ops-agent-policy:REDACTED
000000-000000-000000,proj-anon,proj-anon,Cloud Logging,Log Storage cost,2026-03-01 00:00:00,2026-03-01 01:00:00,1.1E-4,EUR,283500.0,bytes,goog-resource-type:REDACTED
000000-000000-000000,proj-anon,proj-anon,Cloud Logging,Log Storage cost,2026-03-01 00:00:00,2026-03-01 01:00:00,4.64E-4,EUR,1191448.0,bytes,goog-resource-type:REDACTED
000000-000000-000000,proj-anon,proj-anon,Cloud Logging,Log Storage cost,2026-03-01 00:00:00,2026-03-01 01:00:00,1.6E-5,EUR,40814.0,bytes,goog-resource-type:REDACTED
000000-000000-000000,proj-anon,proj-anon,Vertex AI,Vertex AI: Online/Batch Prediction N1 Predefined Instance Core running in Americas for AI Platform,2026-03-01 00:00:00,2026-03-01 01:00:00,0.029821,EUR,3568.0,seconds,
000000-000000-000000,proj-anon,proj-anon,Cloud Logging,Log Storage cost,2026-03-01 00:00:00,2026-03-01 01:00:00,4.0E-6,EUR,10271.0,bytes,goog-resource-type:REDACTED
000000-000000-000000,proj-anon,proj-anon,Compute Engine,Static Ip Charge,2026-03-01 00:00:00,2026-03-01 01:00:00,3.23E-4,EUR,139.0,seconds,
000000-000000-000000,proj-anon,proj-anon,Cloud Logging,Log Storage cost,2026-03-01 00:00:00,2026-03-01 01:00:00,1.5E-5,EUR,38520.0,bytes,goog-resource-type:REDACTED
000000-000000-000000,proj-anon,proj-anon,Cloud Logging,Log Storage cost,2026-03-01 00:00:00,2026-03-01 01:00:00,0.001128,EUR,2898057.0,bytes,goog-resource-type:REDACTED
000000-000000-000000,proj-anon,proj-anon,Cloud Logging,Log Storage cost,2026-03-01 00:00:00,2026-03-01 01:00:00,8.1E-5,EUR,207147.0,bytes,goog-resource-type:REDACTED
000000-000000-000000,proj-anon,proj-anon,Compute Engine,Network Inter Zone Data Transfer Out,2026-03-01 00:00:00,2026-03-01 01:00:00,1.8E-4,EUR,2.3165179E7,bytes,goog-gke-cluster-id-base32:REDACTED;goog-gke-node:REDACTED;goog-gke-node-pool-provisioning-model:REDACTED;goog-k8s-cluster-location:REDACTED;goog-k8s-cluster-name:REDACTED;goog-k8s-namespace:REDACTED;goog-k8s-node-pool-name:REDACTED;k8s-namespace:REDACTED
000000-000000-000000,proj-anon,proj-anon,Cloud Logging,Log Storage cost,2026-03-01 00:00:00,2026-03-01 01:00:00,6.0E-6,EUR,14078.0,bytes,goog-resource-type:REDACTED
000000-000000-000000,proj-anon,proj-anon,Cloud Logging,Log Storage cost,2026-03-01 00:00:00,2026-03-01 01:00:00,1.82E-4,EUR,470185.0,bytes,goog-resource-type:REDACTED
000000-000000-000000,proj-anon,proj-anon,Compute Engine,Storage PD Snapshot in European Union,2026-03-01 00:00:00,2026-03-01 01:00:00,9.48E-4,EUR,3.9302311054464E13,byte-seconds,
000000-000000-000000,proj-anon,proj-anon,Compute Engine,E2 Instance Ram running in EMEA,2026-03-01 00:00:00,2026-03-01 01:00:00,0.020673,EUR,2.9729763622912E13,byte-seconds,goog-ec-src:REDACTED
000000-000000-000000,proj-anon,proj-anon,Cloud Run,Jobs Memory in europe-west1,2026-03-01 00:00:00,2026-03-01 01:00:00,0.035704,EUR,2.293512536064E13,byte-seconds,resource-name:REDACTED;resource-type:cloudrun-job;team:ml
000000-000000-000000,proj-anon,proj-anon,Compute Engine,Network Internet Data Transfer Out from EMEA to EMEA,2026-03-01 00:00:00,2026-03-01 01:00:00,5.9E-5,EUR,637482.0,bytes,goog-ec-src:REDACTED
000000-000000-000000,proj-anon,proj-anon,Cloud Logging,Log Storage cost,2026-03-01 00:00:00,2026-03-01 01:00:00,6.0E-5,EUR,154456.0,bytes,goog-resource-type:REDACTED
000000-000000-000000,proj-anon,proj-anon,Artifact Registry,Artifact Registry Storage,2026-03-01 00:00:00,2026-03-01 01:00:00,0.298136,EUR,9.26582082917587E15,byte-seconds,
000000-000000-000000,proj-anon,proj-anon,Networking,Cloud NGFW Standard Rules: Data Processing Fee,2026-03-01 00:00:00,2026-03-01 01:00:00,5.0E-6,EUR,331346.0,bytes,
000000-000000-000000,proj-anon,proj-anon,Compute Engine,Licensing Fee for Red Hat Enterprise Linux 8 on VM with up to 8 VCPU,2026-03-01 00:00:00,2026-03-01 01:00:00,0.001859,EUR,556.0,seconds,goog-ops-agent-policy:REDACTED
000000-000000-000000,proj-anon,proj-anon,Compute Engine,Network Internet Data Transfer Out from EMEA to EMEA,2026-03-01 00:00:00,2026-03-01 01:00:00,2.68E-4,EUR,2868638.0,bytes,
000000-000000-000000,proj-anon,proj-anon,Cloud Logging,Log Storage cost,2026-03-01 00:00:00,2026-03-01 01:00:00,0.026114,EUR,6.7096341E7,bytes,goog-resource-type:REDACTED
000000-000000-000000,proj-anon,proj-anon,Cloud Run,Services Memory (Request-based billing),2026-03-01 00:00:00,2026-03-01 01:00:00,7.7E-5,EUR,3.95136991232E10,byte-seconds,env:qa;scope:REDACTED
000000-000000-000000,proj-anon,proj-anon,Vertex AI,Vertex AI: Online/Batch Prediction N1 Predefined Instance Ram running in EMEA for AI Platform,2026-03-01 00:00:00,2026-03-01 01:00:00,0.048011,EUR,3.7008172756908E13,byte-seconds,resource-type:vertexai-endpoint;team:ml
000000-000000-000000,proj-anon,proj-anon,Cloud Logging,Log Storage cost,2026-03-01 00:00:00,2026-03-01 01:00:00,7.31E-4,EUR,1877730.0,bytes,goog-resource-type:REDACTED
000000-000000-000000,proj-anon,proj-anon,Cloud Logging,Log Storage cost,2026-03-01 00:00:00,2026-03-01 01:00:00,1.0E-6,EUR,5102.0,bytes,goog-resource-type:REDACTED
000000-000000-000000,proj-anon,proj-anon,Cloud Composer,Cloud Composer 3 standard milli DCU-hours (europe-west1),2026-03-01 00:00:00,2026-03-01 01:00:00,0.069155,EUR,4513144.0,seconds,goog-composer-cluster-name:REDACTED;goog-composer-image-version:cloud-composer-service-2025-10-28-rc0;goog-composer-location:europe-west1;goog-composer-namespace-name:REDACTED;goog-composer-pod-name:REDACTED;goog-terraform-provisioned:true;resource-type:composer;team:ml
000000-000000-000000,proj-anon,proj-anon,Cloud SQL,Cloud SQL for PostgreSQL: Zonal - vCPU in Americas,2026-03-01 00:00:00,2026-03-01 01:00:00,0.034518,EUR,3600.0,seconds,
000000-000000-000000,proj-anon,proj-anon,Cloud Run,Services Memory (Request-based billing),2026-03-01 00:00:00,2026-03-01 01:00:00,0.00103,EUR,5.29354719232E11,byte-seconds,
000000-000000-000000,proj-anon,proj-anon,Compute Engine,Network Internet Data Transfer Out from EMEA to EMEA,2026-03-01 00:00:00,2026-03-01 01:00:00,5.74E-4,EUR,6140978.0,bytes,goog-ops-agent-policy:REDACTED
000000-000000-000000,proj-anon,proj-anon,Compute Engine,Storage PD Capacity,2026-03-01 00:00:00,2026-03-01 01:00:00,0.009565,EUR,7.432440905728E14,byte-seconds,
000000-000000-000000,proj-anon,proj-anon,Compute Engine,Storage PD Capacity in Milan,2026-03-01 00:00:00,2026-03-01 01:00:00,0.001775,EUR,1.18919054491648E14,byte-seconds,goog-gke-cluster-id-base32:REDACTED;goog-gke-volume:REDACTED;goog-k8s-cluster-location:REDACTED;goog-k8s-node-pool-name:REDACTED
000000-000000-000000,proj-anon,proj-anon,Cloud Monitoring,Metric Volume,2026-03-01 00:00:00,2026-03-01 01:00:00,1.72E-4,EUR,832.0,bytes,goog-agent-metric-class:REDACTED;goog-metric-domain:REDACTED
000000-000000-000000,proj-anon,proj-anon,Secret Manager,Secret version replica storage,2026-03-01 00:00:00,2026-03-01 01:00:00,9.0E-6,EUR,417.0,seconds,
000000-000000-000000,proj-anon,proj-anon,Cloud Logging,Log Storage cost,2026-03-01 00:00:00,2026-03-01 01:00:00,3.0E-6,EUR,6881.0,bytes,goog-resource-type:REDACTED
000000-000000-000000,proj-anon,proj-anon,Cloud Logging,Log Storage cost,2026-03-01 00:00:00,2026-03-01 01:00:00,6.3E-5,EUR,159935.0,bytes,goog-resource-type:REDACTED
000000-000000-000000,proj-anon,proj-anon,Cloud Logging,Log Storage cost,2026-03-01 00:00:00,2026-03-01 01:00:00,1.0E-5,EUR,23294.0,bytes,goog-resource-type:REDACTED
000000-000000-000000,proj-anon,proj-anon,Cloud Logging,Log Storage cost,2026-03-01 00:00:00,2026-03-01 01:00:00,1.0E-5,EUR,25796.0,bytes,goog-resource-type:REDACTED
000000-000000-000000,proj-anon,proj-anon,Cloud Run,Requests,2026-03-01 00:00:00,2026-03-01 01:00:00,5.0E-6,EUR,15.0,requests,
000000-000000-000000,proj-anon,proj-anon,Cloud Logging,Log Storage cost,2026-03-01 00:00:00,2026-03-01 01:00:00,9.0E-6,EUR,22054.0,bytes,goog-resource-type:REDACTED
000000-000000-000000,proj-anon,proj-anon,Cloud Run,Services Memory (Request-based billing),2026-03-01 00:00:00,2026-03-01 01:00:00,0.001453,EUR,7.468948127744E11,byte-seconds,
000000-000000-000000,proj-anon,proj-anon,Cloud Logging,Log Storage cost,2026-03-01 00:00:00,2026-03-01 01:00:00,1.5E-5,EUR,39443.0,bytes,goog-resource-type:REDACTED
000000-000000-000000,proj-anon,proj-anon,Cloud Monitoring,Time series billed count,2026-03-01 00:00:00,2026-03-01 01:00:00,5.48E-4,EUR,1312.0,requests,goog-method-name:REDACTED
000000-000000-000000,proj-anon,proj-anon,Compute Engine,Spot Preemptible E2 Instance Ram running in EMEA,2026-03-01 00:00:00,2026-03-01 01:00:00,0.01652,EUR,5.9459527245824E13,byte-seconds,goog-gke-cluster-id-base32:REDACTED;goog-gke-node:REDACTED;goog-gke-node-pool-provisioning-model:REDACTED;goog-k8s-cluster-location:REDACTED;goog-k8s-node-pool-name:REDACTED
000000-000000-000000,proj-anon,proj-anon,Cloud Composer,Cloud Composer 3 standard milli DCU-hours (europe-west1),2026-03-01 00:00:00,2026-03-01 01:00:00,0.00422,EUR,275400.0,seconds,goog-composer-cluster-name:REDACTED;goog-composer-image-version:cloud-composer-service-2026-02-09-rc3;goog-composer-location:europe-west1;goog-composer-namespace-name:REDACTED;goog-composer-pod-name:REDACTED;goog-terraform-provisioned:true;resource-type:composer;team:ml
000000-000000-000000,proj-anon,proj-anon,Cloud SQL,Cloud SQL: Backups in Netherlands,2026-03-01 00:00:00,2026-03-01 01:00:00,2.0E-6,EUR,6.4593037179E10,byte-seconds,bigalloc-enabled:false;cloud_sql_backup_id:REDACTED;cloud_sql_bill_to:REDACTED;dg_storage_retention_plan_id:REDACTED;env:dev;physical-block-size:4096;scope:REDACTED
000000-000000-000000,proj-anon,proj-anon,Cloud Logging,Log Storage cost,2026-03-01 00:00:00,2026-03-01 01:00:00,9.0E-6,EUR,23177.0,bytes,goog-resource-type:REDACTED
000000-000000-000000,proj-anon,proj-anon,Cloud Logging,Log Storage cost,2026-03-01 00:00:00,2026-03-01 01:00:00,2.98E-4,EUR,764085.0,bytes,goog-resource-type:REDACTED
000000-000000-000000,proj-anon,proj-anon,Compute Engine,Storage Image,2026-03-01 00:00:00,2026-03-01 01:00:00,3.6E-5,EUR,2.226172563308E12,byte-seconds,cal-account:REDACTED;cal-activity:backup;cal-calid:REDACTED;cal-instanceid:REDACTED;cal-instancename:instance-anon;cal-last-tagged-at:REDACTED;cal-solinstid:REDACTED;cal-solution:REDACTED;cal-userid:REDACTED;cal-volumesnapshot:REDACTED;name:REDACTED
000000-000000-000000,proj-anon,proj-anon,Compute Engine,Storage PD Capacity,2026-03-01 00:00:00,2026-03-01 01:00:00,0.001913,EUR,1.4864881811456E14,byte-seconds,
000000-000000-000000,proj-anon,proj-anon,Cloud Logging,Log Storage cost,2026-03-01 00:00:00,2026-03-01 01:00:00,7.0E-6,EUR,16767.0,bytes,goog-resource-type:REDACTED
000000-000000-000000,proj-anon,proj-anon,Cloud SQL,Cloud SQL for PostgreSQL: Zonal - Extended support vCPU v13 in Iowa,2026-03-01 00:00:00,2026-03-01 01:00:00,0.058505,EUR,3600.0,seconds,
000000-000000-000000,proj-anon,proj-anon,Artifact Registry,Artifact Registry Storage,2026-03-01 00:00:00,2026-03-01 01:00:00,8.5E-5,EUR,2.700110365139E12,byte-seconds,
000000-000000-000000,proj-anon,proj-anon,Cloud Logging,Log Storage cost,2026-03-01 00:00:00,2026-03-01 01:00:00,3.0E-6,EUR,7776.0,bytes,goog-resource-type:REDACTED
000000-000000-000000,proj-anon,proj-anon,Compute Engine,Balanced PD Capacity in Milan,2026-03-01 00:00:00,2026-03-01 01:00:00,0.001215,EUR,3.2536524750848E13,byte-seconds,goog-gke-cluster-id-base32:REDACTED;goog-gke-volume:REDACTED;goog-k8s-cluster-location:REDACTED;goog-k8s-node-pool-name:REDACTED
000000-000000-000000,proj-anon,proj-anon,Compute Engine,Storage Image,2026-03-01 00:00:00,2026-03-01 01:00:00,3.6E-5,EUR,2.224345111404E12,byte-seconds,cal-account:REDACTED;cal-activity:backup;cal-calid:REDACTED;cal-instanceid:REDACTED;cal-instancename:instance-anon;cal-last-tagged-at:REDACTED;cal-solinstid:REDACTED;cal-solution:REDACTED;cal-userid:REDACTED;cal-volumesnapshot:REDACTED;name:REDACTED
000000-000000-000000,proj-anon,proj-anon,Artifact Registry,Artifact Registry Storage,2026-03-01 00:00:00,2026-03-01 01:00:00,0.004976,EUR,1.54678045866446E14,byte-seconds,
000000-000000-000000,proj-anon,proj-anon,Cloud Monitoring,Time series billed count,2026-03-01 00:00:00,2026-03-01 01:00:00,0.012807,EUR,30648.0,requests,goog-method-name:REDACTED
000000-000000-000000,proj-anon,proj-anon,Cloud Logging,Log Storage cost,2026-03-01 00:00:00,2026-03-01 01:00:00,6.0E-6,EUR,15606.0,bytes,goog-resource-type:REDACTED
000000-000000-000000,proj-anon,proj-anon,Cloud Run,Services Min Instance Memory (Request-based billing),2026-03-01 00:00:00,2026-03-01 01:00:00,0.028585,EUR,1.4688858961092164E13,byte-seconds,env:dev;scope:REDACTED
000000-000000-000000,proj-anon,proj-anon,Vertex AI,Vertex Colab Storage for GCE usage - SSD Persistent Disk in europe-west1,2026-03-01 00:00:00,2026-03-01 01:00:00,0.001959,EUR,2.98500227072E13,byte-seconds,
000000-000000-000000,proj-anon,proj-anon,Cloud Logging,Log Storage cost,2026-03-01 00:00:00,2026-03-01 01:00:00,7.0E-6,EUR,17652.0,bytes,goog-resource-type:REDACTED
000000-000000-000000,proj-anon,proj-anon,Cloud Logging,Log Storage cost,2026-03-01 00:00:00,2026-03-01 01:00:00,3.18E-4,EUR,816535.0,bytes,goog-resource-type:REDACTED
000000-000000-000000,proj-anon,proj-anon,Compute Engine,Storage PD Capacity in Netherlands,2026-03-01 00:00:00,2026-03-01 01:00:00,6.3E-5,EUR,4.47750340608E12,byte-seconds,
000000-000000-000000,proj-anon,proj-anon,Compute Engine,Storage Image,2026-03-01 00:00:00,2026-03-01 01:00:00,1.49E-4,EUR,9.254881900032E12,byte-seconds,cal-account:REDACTED;cal-activity:backup;cal-calid:REDACTED;cal-instanceid:REDACTED;cal-instancename:instance-anon;cal-last-tagged-at:REDACTED;cal-solinstid:REDACTED;cal-solution:REDACTED;cal-userid:REDACTED;cal-volumesnapshot:REDACTED;name:REDACTED
000000-000000-000000,proj-anon,proj-anon,Cloud Run Functions,Cloud Run functions Min-Instance CPU (Request-based billing) in us-central1,2026-03-01 00:00:00,2026-03-01 01:00:00,0.021312,EUR,10200.056668,seconds,
000000-000000-000000,proj-anon,proj-anon,Cloud Run,Services Min Instance Memory (Request-based billing),2026-03-01 00:00:00,2026-03-01 01:00:00,0.056834,EUR,2.9205831262404723E13,byte-seconds,resource-name:REDACTED;resource-type:cloudrun-service;team:ml
000000-000000-000000,proj-anon,proj-anon,Cloud Composer,Cloud Composer 3 standard milli DCU-hours (europe-west1),2026-03-01 00:00:00,2026-03-01 01:00:00,0.004897,EUR,319600.0,seconds,goog-composer-cluster-name:REDACTED;goog-composer-image-version:cloud-composer-service-2026-02-09-rc3;goog-composer-location:europe-west1;goog-composer-namespace-name:REDACTED;goog-composer-pod-name:REDACTED;goog-terraform-provisioned:true;resource-type:composer;team:ml
000000-000000-000000,proj-anon,proj-anon,Cloud Logging,Log Storage cost,2026-03-01 00:00:00,2026-03-01 01:00:00,5.31E-4,EUR,1364304.0,bytes,goog-resource-type:REDACTED
000000-000000-000000,proj-anon,proj-anon,Networking,Network Intelligence Center Internet to Google Cloud Performance Resource Hours,2026-03-01 00:00:00,2026-03-01 01:00:00,0.001336,EUR,2.0,requests,
000000-000000-000000,proj-anon,proj-anon,Compute Engine,N1 Predefined Instance Core running in EMEA,2026-03-01 00:00:00,2026-03-01 01:00:00,0.001122,EUR,139.0,seconds,
000000-000000-000000,proj-anon,proj-anon,Cloud Run,Services Min Instance CPU (Request-based billing),2026-03-01 00:00:00,2026-03-01 01:00:00,0.014292,EUR,6840.032971,seconds,env:dev;scope:REDACTED
000000-000000-000000,proj-anon,proj-anon,Compute Engine,Balanced PD Capacity in Milan,2026-03-01 00:00:00,2026-03-01 01:00:00,5.57E-4,EUR,1.49250113536E13,byte-seconds,goog-gke-cluster-id-base32:REDACTED;goog-gke-node:REDACTED;goog-gke-node-pool-provisioning-model:REDACTED;goog-gke-volume:REDACTED;goog-k8s-cluster-location:REDACTED;goog-k8s-cluster-name:REDACTED;goog-k8s-node-pool-name:REDACTED
000000-000000-000000,proj-anon,proj-anon,Networking,Networking Telemetry,2026-03-01 00:00:00,2026-03-01 01:00:00,2.0E-5,EUR,105666.0,bytes,
000000-000000-000000,proj-anon,proj-anon,Cloud Logging,Log Storage cost,2026-03-01 00:00:00,2026-03-01 01:00:00,0.002747,EUR,7057693.0,bytes,goog-resource-type:REDACTED
000000-000000-000000,proj-anon,proj-anon,Cloud Logging,Log Storage cost,2026-03-01 00:00:00,2026-03-01 01:00:00,1.9E-5,EUR,47409.0,bytes,goog-resource-type:REDACTED
000000-000000-000000,proj-anon,proj-anon,Cloud SQL,Storage PD Snapshot,2026-03-01 00:00:00,2026-03-01 01:00:00,7.7E-5,EUR,2.995465231237E12,byte-seconds,bigalloc-enabled:false;cloud_sql_backup_id:REDACTED;cloud_sql_bill_to:REDACTED;dg_storage_retention_plan_id:REDACTED;physical-block-size:4096
000000-000000-000000,proj-anon,proj-anon,Compute Engine,E2 Instance Ram running in EMEA,2026-03-01 00:00:00,2026-03-01 01:00:00,0.020673,EUR,2.9729763622912E13,byte-seconds,goog-ops-agent-policy:REDACTED
000000-000000-000000,proj-anon,proj-anon,Cloud Logging,Vended Logs Storage,2026-03-01 00:00:00,2026-03-01 01:00:00,6.9E-5,EUR,356569.0,bytes,goog-resource-type:REDACTED
000000-000000-000000,proj-anon,proj-anon,Compute Engine,Network Internet Data Transfer Out from EMEA to Americas,2026-03-01 00:00:00,2026-03-01 01:00:00,1.3E-5,EUR,142781.0,bytes,goog-ec-src:REDACTED
000000-000000-000000,proj-anon,proj-anon,Cloud Logging,Log Storage cost,2026-03-01 00:00:00,2026-03-01 01:00:00,4.0E-6,EUR,9604.0,bytes,goog-resource-type:REDACTED
000000-000000-000000,proj-anon,proj-anon,Cloud SQL,Cloud SQL: Backups in Netherlands,2026-03-01 00:00:00,2026-03-01 01:00:00,1.0E-6,EUR,1.8448508201E10,byte-seconds,bigalloc-enabled:false;cloud_sql_backup_id:REDACTED;cloud_sql_bill_to:REDACTED;dg_storage_retention_plan_id:REDACTED;env:qa;physical-block-size:4096;scope:REDACTED
000000-000000-000000,proj-anon,proj-anon,Cloud Logging,Log Storage cost,2026-03-01 00:00:00,2026-03-01 01:00:00,3.3E-5,EUR,86687.0,bytes,goog-resource-type:REDACTED
000000-000000-000000,proj-anon,proj-anon,Cloud Logging,Log Storage cost,2026-03-01 00:00:00,2026-03-01 01:00:00,8.0E-6,EUR,19563.0,bytes,goog-resource-type:REDACTED
000000-000000-000000,proj-anon,proj-anon,Cloud Logging,Log Storage cost,2026-03-01 00:00:00,2026-03-01 01:00:00,1.8E-5,EUR,45792.0,bytes,goog-resource-type:REDACTED
000000-000000-000000,proj-anon,proj-anon,Networking,Networking Telemetry,2026-03-01 00:00:00,2026-03-01 01:00:00,3.7E-5,EUR,185129.0,bytes,
000000-000000-000000,proj-anon,proj-anon,Cloud Logging,Log Storage cost,2026-03-01 00:00:00,2026-03-01 01:00:00,3.7E-5,EUR,96246.0,bytes,goog-resource-type:REDACTED
000000-000000-000000,proj-anon,proj-anon,Cloud Composer,Cloud Composer 3 standard milli DCU-hours (europe-west1),2026-03-01 00:00:00,2026-03-01 01:00:00,0.004168,EUR,272000.0,seconds,goog-composer-cluster-name:REDACTED;goog-composer-image-version:cloud-composer-service-2026-02-09-rc3;goog-composer-location:europe-west1;goog-composer-namespace-name:REDACTED;goog-composer-pod-name:REDACTED;goog-terraform-provisioned:true;resource-type:composer;team:ml
000000-000000-000000,proj-anon,proj-anon,Cloud Logging,Log Storage cost,2026-03-01 00:00:00,2026-03-01 01:00:00,1.5E-5,EUR,36819.0,bytes,goog-resource-type:REDACTED
000000-000000-000000,proj-anon,proj-anon,Cloud Logging,Log Storage cost,2026-03-01 00:00:00,2026-03-01 01:00:00,2.66E-4,EUR,683733.0,bytes,goog-resource-type:REDACTED
000000-000000-000000,proj-anon,proj-anon,Cloud Logging,Log Storage cost,2026-03-01 00:00:00,2026-03-01 01:00:00,9.0E-6,EUR,23501.0,bytes,goog-resource-type:REDACTED
000000-000000-000000,proj-anon,proj-anon,Compute Engine,Micro Instance with burstable CPU running in EMEA,2026-03-01 00:00:00,2026-03-01 01:00:00,0.01382,EUR,6922.0,seconds,serverless-vpc-access:REDACTED
000000-000000-000000,proj-anon,proj-anon,Cloud Logging,Log Storage cost,2026-03-01 00:00:00,2026-03-01 01:00:00,5.0E-6,EUR,13219.0,bytes,goog-resource-type:REDACTED
000000-000000-000000,proj-anon,proj-anon,Networking,Regional External Passthrough Network Load Balancer Outbound Data Processing for Milan (europe-west8),2026-03-01 00:00:00,2026-03-01 01:00:00,2.9E-5,EUR,4106930.0,bytes,goog-gke-cluster-id-base32:REDACTED;goog-gke-node:REDACTED;goog-gke-node-pool-provisioning-model:REDACTED;goog-k8s-cluster-location:REDACTED;goog-k8s-cluster-name:REDACTED;goog-k8s-namespace:REDACTED;goog-k8s-node-pool-name:REDACTED;k8s-namespace:REDACTED
000000-000000-000000,proj-anon,proj-anon,BigQuery,Analysis (europe-west1),2026-03-01 00:00:00,2026-03-01 01:00:00,0.001614,EUR,2.8311552E8,bytes,data_source_id:REDACTED;dts_config_id:REDACTED;dts_run_id:REDACTED
000000-000000-000000,proj-anon,proj-anon,Compute Engine,E2 Instance Ram running in Netherlands,2026-03-01 00:00:00,2026-03-01 01:00:00,1.04E-4,EUR,1.49250113536E11,byte-seconds,env:qa;goog-terraform-provisioned:true;scope:REDACTED
000000-000000-000000,proj-anon,proj-anon,Cloud Logging,Log Storage cost,2026-03-01 00:00:00,2026-03-01 01:00:00,2.0E-6,EUR,4356.0,bytes,goog-resource-type:REDACTED
000000-000000-000000,proj-anon,proj-anon,Cloud Composer,Cloud Composer 3 standard milli DCU-hours (europe-west1),2026-03-01 00:00:00,2026-03-01 01:00:00,0.004168,EUR,272000.0,seconds,goog-composer-cluster-name:REDACTED;goog-composer-image-version:cloud-composer-service-2025-10-28-rc0;goog-composer-location:europe-west1;goog-composer-namespace-name:REDACTED;goog-composer-pod-name:REDACTED;goog-terraform-provisioned:true;resource-type:composer;team:ml
000000-000000-000000,proj-anon,proj-anon,Workflows,Internal Steps,2026-03-01 00:00:00,2026-03-01 01:00:00,0.01008,EUR,1206.0,requests,
000000-000000-000000,proj-anon,proj-anon,BigQuery,Analysis (europe-west1),2026-03-01 00:00:00,2026-03-01 01:00:00,6.57E-4,EUR,1.1534336E8,bytes,
000000-000000-000000,proj-anon,proj-anon,Compute Engine,Network Internet Data Transfer Out from EMEA to Australia,2026-03-01 00:00:00,2026-03-01 01:00:00,9.0E-5,EUR,612150.0,bytes,goog-gke-cluster-id-base32:REDACTED;goog-gke-node:REDACTED;goog-gke-node-pool-provisioning-model:REDACTED;goog-k8s-cluster-location:REDACTED;goog-k8s-cluster-name:REDACTED;goog-k8s-namespace:REDACTED;goog-k8s-node-pool-name:REDACTED;k8s-namespace:REDACTED
000000-000000-000000,proj-anon,proj-anon,Compute Engine,Network Internet Data Transfer Out from EMEA to Americas,2026-03-01 00:00:00,2026-03-01 01:00:00,3.9E-5,EUR,420951.0,bytes,goog-gke-cluster-id-base32:REDACTED;goog-gke-node:REDACTED;goog-gke-node-pool-provisioning-model:REDACTED;goog-k8s-cluster-location:REDACTED;goog-k8s-cluster-name:REDACTED;goog-k8s-namespace:REDACTED;goog-k8s-node-pool-name:REDACTED;k8s-namespace:REDACTED
000000-000000-000000,proj-anon,proj-anon,Compute Engine,Balanced PD Capacity,2026-03-01 00:00:00,2026-03-01 01:00:00,9.12E-4,EUR,2.835752157184E13,byte-seconds,
000000-000000-000000,proj-anon,proj-anon,Cloud Logging,Log Storage cost,2026-03-01 00:00:00,2026-03-01 01:00:00,6.9E-5,EUR,177245.0,bytes,goog-resource-type:REDACTED
000000-000000-000000,proj-anon,proj-anon,Cloud Logging,Log Storage cost,2026-03-01 00:00:00,2026-03-01 01:00:00,1.0E-6,EUR,3031.0,bytes,goog-resource-type:REDACTED
000000-000000-000000,proj-anon,proj-anon,Compute Engine,Network Inter Zone Data Transfer Out,2026-03-01 00:00:00,2026-03-01 01:00:00,5.1E-5,EUR,6582060.0,bytes,goog-gke-cluster-id-base32:REDACTED;goog-gke-node:REDACTED;goog-gke-node-pool-provisioning-model:REDACTED;goog-k8s-cluster-location:REDACTED;goog-k8s-cluster-name:REDACTED;goog-k8s-namespace:REDACTED;goog-k8s-node-pool-name:REDACTED;k8s-namespace:REDACTED
000000-000000-000000,proj-anon,proj-anon,Compute Engine,Network Internet Data Transfer Out from EMEA to Australia,2026-03-01 00:00:00,2026-03-01 01:00:00,7.0E-6,EUR,44840.0,bytes,goog-ops-agent-policy:REDACTED
000000-000000-000000,proj-anon,proj-anon,Cloud Logging,Log Storage cost,2026-03-01 00:00:00,2026-03-01 01:00:00,1.18E-4,EUR,305406.0,bytes,goog-resource-type:REDACTED
000000-000000-000000,proj-anon,proj-anon,Cloud Logging,Log Storage cost,2026-03-01 00:00:00,2026-03-01 01:00:00,1.0E-6,EUR,1394.0,bytes,goog-resource-type:REDACTED
000000-000000-000000,proj-anon,proj-anon,Cloud SQL,Cloud SQL: Backups in Netherlands,2026-03-01 00:00:00,2026-03-01 01:00:00,1.0E-6,EUR,1.9863650735E10,byte-seconds,bigalloc-enabled:false;cloud_sql_backup_id:REDACTED;cloud_sql_bill_to:REDACTED;dg_storage_retention_plan_id:REDACTED;env:qa;physical-block-size:4096;scope:REDACTED
000000-000000-000000,proj-anon,proj-anon,Cloud Run,Services CPU (Request-based billing),2026-03-01 00:00:00,2026-03-01 01:00:00,0.033023,EUR,1646.399998,seconds,
000000-000000-000000,proj-anon,proj-anon,Cloud Logging,Log Storage cost,2026-03-01 00:00:00,2026-03-01 01:00:00,4.64E-4,EUR,1191957.0,bytes,goog-resource-type:REDACTED
000000-000000-000000,proj-anon,proj-anon,Cloud Run,Services Memory (Request-based billing),2026-03-01 00:00:00,2026-03-01 01:00:00,0.008111,EUR,4.168748944588801E12,byte-seconds,
000000-000000-000000,proj-anon,proj-anon,Cloud Composer,Cloud Composer 3 standard milli DCU-hours (europe-west1),2026-03-01 00:00:00,2026-03-01 01:00:00,0.004116,EUR,268600.0,seconds,goog-composer-cluster-name:REDACTED;goog-composer-image-version:cloud-composer-service-2026-02-09-rc3;goog-composer-location:europe-west1;goog-composer-namespace-name:REDACTED;goog-composer-pod-name:REDACTED;goog-terraform-provisioned:true;resource-type:composer;team:ml
000000-000000-000000,proj-anon,proj-anon,Compute Engine,Spot Preemptible E2 Instance Core running in EMEA,2026-03-01 00:00:00,2026-03-01 01:00:00,0.001239,EUR,556.0,seconds,goog-gke-cluster-id-base32:REDACTED;goog-gke-node:REDACTED;goog-gke-node-pool-provisioning-model:REDACTED;goog-k8s-cluster-location:REDACTED;goog-k8s-node-pool-name:REDACTED
000000-000000-000000,proj-anon,proj-anon,Vertex AI,Vertex AI: Online/Batch Prediction N1 Predefined Instance Ram running in Americas for AI Platform,2026-03-01 00:00:00,2026-03-01 01:00:00,0.004909,EUR,4.541343198199E12,byte-seconds,
000000-000000-000000,proj-anon,proj-anon,Cloud Logging,Log Storage cost,2026-03-01 00:00:00,2026-03-01 01:00:00,4.0E-6,EUR,10735.0,bytes,goog-resource-type:REDACTED
000000-000000-000000,proj-anon,proj-anon,Cloud Monitoring,Prometheus Samples Ingested,2026-03-01 00:00:00,2026-03-01 01:00:00,0.007607,EUR,151659.0,requests,goog-metric-domain:REDACTED
000000-000000-000000,proj-anon,proj-anon,BigQuery,Active Logical Storage (europe-west1),2026-03-01 00:00:00,2026-03-01 01:00:00,3.99E-4,EUR,6.1957455478784E13,byte-seconds,
000000-000000-000000,proj-anon,proj-anon,Cloud Run,Jobs Memory in europe-west1,2026-03-01 00:00:00,2026-03-01 01:00:00,0.096917,EUR,6.2254149546328836E13,byte-seconds,
000000-000000-000000,proj-anon,proj-anon,Cloud SQL,Cloud SQL for PostgreSQL: Zonal - Enterprise Plus N RAM in EMEA,2026-03-01 00:00:00,2026-03-01 01:00:00,0.243384,EUR,1.236950581248E14,byte-seconds,
000000-000000-000000,proj-anon,proj-anon,Notebooks,Workbench Instances RAM for GCE usage - E2 Instance RAM in europe-west1,2026-03-01 00:00:00,2026-03-01 01:00:00,0.049617,EUR,5.9459527245824E13,byte-seconds,consumer-project-id:REDACTED;consumer-project-number:REDACTED;goog-caip-notebook:REDACTED;notebooks-product:REDACTED;resource-name:REDACTED
000000-000000-000000,proj-anon,proj-anon,Compute Engine,Network Internet Data Transfer Out from EMEA to Americas,2026-03-01 00:00:00,2026-03-01 01:00:00,6.4E-5,EUR,689415.0,bytes,goog-ec-src:REDACTED
000000-000000-000000,proj-anon,proj-anon,Cloud Logging,Log Storage cost,2026-03-01 00:00:00,2026-03-01 01:00:00,5.7E-5,EUR,147343.0,bytes,goog-resource-type:REDACTED
000000-000000-000000,proj-anon,proj-anon,Secret Manager,Secret version replica storage,2026-03-01 00:00:00,2026-03-01 01:00:00,0.005954,EUR,287263.0,seconds,
000000-000000-000000,proj-anon,proj-anon,Artifact Registry,Artifact Registry Storage,2026-03-01 00:00:00,2026-03-01 01:00:00,3.3E-4,EUR,1.0244697976167E13,byte-seconds,goog-managed-by:REDACTED
000000-000000-000000,proj-anon,proj-anon,Cloud SQL,Storage PD Snapshot,2026-03-01 00:00:00,2026-03-01 01:00:00,1.08E-4,EUR,4.179721243157E12,byte-seconds,bigalloc-enabled:false;cloud_sql_backup_id:REDACTED;cloud_sql_bill_to:REDACTED;dg_storage_retention_plan_id:REDACTED;physical-block-size:4096
000000-000000-000000,proj-anon,proj-anon,Compute Engine,E2 Instance Core running in EMEA,2026-03-01 00:00:00,2026-03-01 01:00:00,0.019279,EUR,3461.0,seconds,goog-ops-agent-policy:REDACTED
000000-000000-000000,proj-anon,proj-anon,Cloud SQL,Cloud SQL for PostgreSQL: Zonal - Enterprise Plus N vCPU in EMEA,2026-03-01 00:00:00,2026-03-01 01:00:00,0.179529,EUR,14400.0,seconds,
000000-000000-000000,proj-anon,proj-anon,Compute Engine,Storage PD Capacity,2026-03-01 00:00:00,2026-03-01 01:00:00,4.0E-6,EUR,2.98500227072E11,byte-seconds,goog-composer-environment:REDACTED;goog-composer-environment-uuid:REDACTED;goog-composer-location:europe-west1;goog-composer-version:REDACTED;goog-gke-cluster-id-base32:REDACTED;goog-gke-volume:REDACTED;goog-k8s-cluster-location:REDACTED;goog-k8s-node-pool-name:REDACTED
000000-000000-000000,proj-anon,proj-anon,Cloud SQL,Storage PD Snapshot,2026-03-01 00:00:00,2026-03-01 01:00:00,1.0E-6,EUR,1.3216605881E10,byte-seconds,bigalloc-enabled:false;cloud_sql_backup_id:REDACTED;cloud_sql_bill_to:REDACTED;dg_storage_retention_plan_id:REDACTED;physical-block-size:4096
000000-000000-000000,proj-anon,proj-anon,Compute Engine,Storage PD Capacity in Milan,2026-03-01 00:00:00,2026-03-01 01:00:00,1.42E-4,EUR,9.552007266304E12,byte-seconds,goog-gke-volume:REDACTED
000000-000000-000000,proj-anon,proj-anon,Compute Engine,Network Internet Data Transfer Out from EMEA to Americas,2026-03-01 00:00:00,2026-03-01 01:00:00,2.1E-5,EUR,232136.0,bytes,goog-ops-agent-policy:REDACTED
000000-000000-000000,proj-anon,proj-anon,Cloud Composer,Cloud Composer 3 standard milli DCU-hours (europe-west1),2026-03-01 00:00:00,2026-03-01 01:00:00,0.045968,EUR,3000000.0,seconds,goog-terraform-provisioned:true;resource-type:composer;team:ml
000000-000000-000000,proj-anon,proj-anon,Cloud Composer,Cloud Composer 3 standard milli DCU-hours (europe-west1),2026-03-01 00:00:00,2026-03-01 01:00:00,0.004012,EUR,261800.0,seconds,goog-composer-cluster-name:REDACTED;goog-composer-image-version:cloud-composer-service-2026-02-09-rc3;goog-composer-location:europe-west1;goog-composer-namespace-name:REDACTED;goog-composer-pod-name:REDACTED;goog-terraform-provisioned:true;resource-type:composer;team:ml
000000-000000-000000,proj-anon,proj-anon,Cloud Logging,Log Storage cost,2026-03-01 00:00:00,2026-03-01 01:00:00,2.0E-6,EUR,4951.0,bytes,goog-resource-type:REDACTED
000000-000000-000000,proj-anon,proj-anon,Cloud Logging,Log Storage cost,2026-03-01 00:00:00,2026-03-01 01:00:00,2.1E-5,EUR,52561.0,bytes,goog-resource-type:REDACTED
000000-000000-000000,proj-anon,proj-anon,Cloud Logging,Log Storage cost,2026-03-01 00:00:00,2026-03-01 01:00:00,1.0E-6,EUR,1625.0,bytes,goog-resource-type:REDACTED
000000-000000-000000,proj-anon,proj-anon,Cloud Monitoring,Metric Volume,2026-03-01 00:00:00,2026-03-01 01:00:00,0.012233,EUR,59488.0,bytes,goog-agent-metric-class:REDACTED;goog-metric-domain:REDACTED
000000-000000-000000,proj-anon,proj-anon,Cloud SQL,Storage PD Snapshot,2026-03-01 00:00:00,2026-03-01 01:00:00,9.0E-5,EUR,3.481369587221E12,byte-seconds,bigalloc-enabled:false;cloud_sql_backup_id:REDACTED;cloud_sql_bill_to:REDACTED;dg_storage_retention_plan_id:REDACTED;physical-block-size:4096
000000-000000-000000,proj-anon,proj-anon,Compute Engine,E2 Instance Core running in Milan,2026-03-01 00:00:00,2026-03-01 01:00:00,1.99E-4,EUR,34.0,seconds,env:bastion
000000-000000-000000,proj-anon,proj-anon,Cloud SQL,Cloud SQL: Backups in Netherlands,2026-03-01 00:00:00,2026-03-01 01:00:00,1.0E-6,EUR,2.1386322484E10,byte-seconds,bigalloc-enabled:false;cloud_sql_backup_id:REDACTED;cloud_sql_bill_to:REDACTED;dg_storage_retention_plan_id:REDACTED;env:qa;physical-block-size:4096;scope:REDACTED
000000-000000-000000,proj-anon,proj-anon,Networking,Network Intelligence Center Internet to Google Cloud Performance Resource Hours,2026-03-01 00:00:00,2026-03-01 01:00:00,0.003343,EUR,5.0,requests,
000000-000000-000000,proj-anon,proj-anon,Networking,Regional External Passthrough Network Load Balancer Inbound Data Processing for Belgium (europe-west1),2026-03-01 00:00:00,2026-03-01 01:00:00,7.0E-6,EUR,1278426.0,bytes,goog-gke-cluster-id-base32:REDACTED;goog-gke-node:REDACTED;goog-gke-node-pool-provisioning-model:REDACTED;goog-k8s-cluster-location:REDACTED;goog-k8s-cluster-name:REDACTED;goog-k8s-namespace:REDACTED;goog-k8s-node-pool-name:REDACTED;k8s-namespace:REDACTED
000000-000000-000000,proj-anon,proj-anon,Cloud Logging,Log Storage cost,2026-03-01 00:00:00,2026-03-01 01:00:00,5.0E-6,EUR,13094.0,bytes,goog-resource-type:REDACTED
000000-000000-000000,proj-anon,proj-anon,Cloud Logging,Log Storage cost,2026-03-01 00:00:00,2026-03-01 01:00:00,1.0E-5,EUR,26260.0,bytes,goog-resource-type:REDACTED
000000-000000-000000,proj-anon,proj-anon,Cloud Logging,Vended Logs Storage,2026-03-01 00:00:00,2026-03-01 01:00:00,3.73E-4,EUR,1919268.0,bytes,goog-resource-type:REDACTED
000000-000000-000000,proj-anon,proj-anon,Compute Engine,External IP Charge on a Spot Preemptible VM,2026-03-01 00:00:00,2026-03-01 01:00:00,1.61E-4,EUR,278.0,seconds,goog-gke-cluster-id-base32:REDACTED;goog-gke-node:REDACTED;goog-gke-node-pool-provisioning-model:REDACTED;goog-k8s-cluster-location:REDACTED;goog-k8s-cluster-name:REDACTED;goog-k8s-namespace:REDACTED;goog-k8s-node-pool-name:REDACTED;k8s-namespace:REDACTED
000000-000000-000000,proj-anon,proj-anon,Cloud Logging,Log Storage cost,2026-03-01 00:00:00,2026-03-01 01:00:00,1.0E-5,EUR,25802.0,bytes,goog-resource-type:REDACTED
000000-000000-000000,proj-anon,proj-anon,Cloud Logging,Log Storage cost,2026-03-01 00:00:00,2026-03-01 01:00:00,1.0E-6,EUR,3077.0,bytes,goog-resource-type:REDACTED
000000-000000-000000,proj-anon,proj-anon,Cloud Document AI API,Number of hours a processor version has been deployed.,2026-03-01 00:00:00,2026-03-01 01:00:00,0.200882,EUR,17305.0,seconds,
000000-000000-000000,proj-anon,proj-anon,Artifact Registry,Artifact Registry Storage,2026-03-01 00:00:00,2026-03-01 01:00:00,2.9E-5,EUR,8.90969104914E11,byte-seconds,goog-managed-by:REDACTED
000000-000000-000000,proj-anon,proj-anon,Cloud Logging,Log Storage cost,2026-03-01 00:00:00,2026-03-01 01:00:00,1.1E-5,EUR,29337.0,bytes,goog-resource-type:REDACTED
000000-000000-000000,proj-anon,proj-anon,Cloud Logging,Log Storage cost,2026-03-01 00:00:00,2026-03-01 01:00:00,1.8E-5,EUR,45683.0,bytes,goog-resource-type:REDACTED
000000-000000-000000,proj-anon,proj-anon,Cloud Logging,Log Storage cost,2026-03-01 00:00:00,2026-03-01 01:00:00,8.0E-6,EUR,22315.0,bytes,goog-resource-type:REDACTED
000000-000000-000000,proj-anon,proj-anon,Cloud Logging,Log Storage cost,2026-03-01 00:00:00,2026-03-01 01:00:00,1.04E-4,EUR,270105.0,bytes,goog-resource-type:REDACTED
000000-000000-000000,proj-anon,proj-anon,Artifact Registry,Artifact Registry Storage,2026-03-01 00:00:00,2026-03-01 01:00:00,0.034961,EUR,1.0865489812995239E15,byte-seconds,resource-type:artifact-registry;team:ml
000000-000000-000000,proj-anon,proj-anon,Cloud Composer,Cloud Composer Network Inter Zone Data Transfer Out,2026-03-01 00:00:00,2026-03-01 01:00:00,1.0E-6,EUR,134857.0,bytes,goog-composer-cluster-name:REDACTED;goog-composer-image-version:cloud-composer-service-2025-10-28-rc0;goog-composer-location:europe-west1;goog-composer-namespace-name:REDACTED;goog-composer-pod-name:REDACTED;goog-terraform-provisioned:true;resource-type:composer;team:ml
000000-000000-000000,proj-anon,proj-anon,Cloud Logging,Log Storage cost,2026-03-01 00:00:00,2026-03-01 01:00:00,0.001402,EUR,3602999.0,bytes,goog-resource-type:REDACTED
000000-000000-000000,proj-anon,proj-anon,Cloud Logging,Log Storage cost,2026-03-01 00:00:00,2026-03-01 01:00:00,2.2E-5,EUR,56271.0,bytes,goog-resource-type:REDACTED
000000-000000-000000,proj-anon,proj-anon,Cloud Logging,Log Storage cost,2026-03-01 00:00:00,2026-03-01 01:00:00,2.0E-5,EUR,52619.0,bytes,goog-resource-type:REDACTED
000000-000000-000000,proj-anon,proj-anon,Compute Engine,Storage Image,2026-03-01 00:00:00,2026-03-01 01:00:00,3.0E-6,EUR,1.74817902505E11,byte-seconds,cal-account:REDACTED;cal-activity:backup;cal-calid:REDACTED;cal-instanceid:REDACTED;cal-instancename:instance-anon;cal-last-tagged-at:REDACTED;cal-solinstid:REDACTED;cal-solution:REDACTED;cal-userid:REDACTED;cal-volumesnapshot:REDACTED;name:REDACTED
000000-000000-000000,proj-anon,proj-anon,BigQuery,Active Logical Storage (europe-west1),2026-03-01 00:00:00,2026-03-01 01:00:00,1.91E-4,EUR,2.9660317483008E13,byte-seconds,goog-terraform-provisioned:true;resource-type:bigquery-dataset;team:ml
000000-000000-000000,proj-anon,proj-anon,Cloud Logging,Vended Logs Storage,2026-03-01 00:00:00,2026-03-01 01:00:00,6.0E-5,EUR,308714.0,bytes,goog-resource-type:REDACTED
000000-000000-000000,proj-anon,proj-anon,Notebooks,Workbench Instances Storage for GCE usage - Balanced Persistent Disk in europe-west1,2026-03-01 00:00:00,2026-03-01 01:00:00,0.035871,EUR,9.29055113216E14,byte-seconds,consumer-project-id:REDACTED;consumer-project-number:REDACTED;notebooks-product:REDACTED;resource-name:REDACTED
000000-000000-000000,proj-anon,proj-anon,Networking,Network Intelligence Center Network Analyzer Resource Hours,2026-03-01 00:00:00,2026-03-01 01:00:00,9.19E-4,EUR,1.0,requests,
000000-000000-000000,proj-anon,proj-anon,Cloud Key Management Service (KMS),Active software symmetric key versions,2026-03-01 00:00:00,2026-03-01 01:00:00,5.73E-4,EUR,27688.0,seconds,
000000-000000-000000,proj-anon,proj-anon,Cloud Logging,Log Storage cost,2026-03-01 00:00:00,2026-03-01 01:00:00,5.8E-5,EUR,149905.0,bytes,goog-resource-type:REDACTED
000000-000000-000000,proj-anon,proj-anon,Cloud Run Functions,Cloud Run functions Min-Instance Memory (Request-based billing) in europe-west1,2026-03-01 00:00:00,2026-03-01 01:00:00,0.014292,EUR,7.344525235347297E12,byte-seconds,goog-drz-cloudfunctions-id:REDACTED;goog-drz-cloudfunctions-location:REDACTED;goog-managed-by:REDACTED
000000-000000-000000,proj-anon,proj-anon,Artifact Registry,Artifact Registry Storage,2026-03-01 00:00:00,2026-03-01 01:00:00,7.0E-6,EUR,2.25876627795E11,byte-seconds,
000000-000000-000000,proj-anon,proj-anon,Cloud Composer,Cloud Composer 3 standard milli DCU-hours (europe-west1),2026-03-01 00:00:00,2026-03-01 01:00:00,0.003803,EUR,248200.0,seconds,goog-composer-cluster-name:REDACTED;goog-composer-image-version:cloud-composer-service-2025-10-28-rc0;goog-composer-location:europe-west1;goog-composer-namespace-name:REDACTED;goog-composer-pod-name:REDACTED;goog-terraform-provisioned:true;resource-type:composer;team:ml
000000-000000-000000,proj-anon,proj-anon,Cloud Logging,Log Storage cost,2026-03-01 00:00:00,2026-03-01 01:00:00,3.6E-5,EUR,93596.0,bytes,goog-resource-type:REDACTED
000000-000000-000000,proj-anon,proj-anon,Secret Manager,Secret access operations,2026-03-01 00:00:00,2026-03-01 01:00:00,6.3E-5,EUR,25.0,requests,
000000-000000-000000,proj-anon,proj-anon,Cloud Logging,Log Storage cost,2026-03-01 00:00:00,2026-03-01 01:00:00,2.2E-5,EUR,57120.0,bytes,goog-resource-type:REDACTED
000000-000000-000000,proj-anon,proj-anon,Cloud Logging,Log Storage cost,2026-03-01 00:00:00,2026-03-01 01:00:00,1.0E-5,EUR,26793.0,bytes,goog-resource-type:REDACTED
000000-000000-000000,proj-anon,proj-anon,Notebooks,Workbench Instances Storage for GCE usage - Standard Persistent Disk in europe-west1,2026-03-01 00:00:00,2026-03-01 01:00:00,0.014348,EUR,9.29055113216E14,byte-seconds,consumer-project-id:REDACTED;consumer-project-number:REDACTED;goog-caip-notebook:REDACTED;notebooks-product:REDACTED;resource-name:REDACTED
000000-000000-000000,proj-anon,proj-anon,Cloud Logging,Log Storage cost,2026-03-01 00:00:00,2026-03-01 01:00:00,0.001047,EUR,2690092.0,bytes,goog-resource-type:REDACTED
000000-000000-000000,proj-anon,proj-anon,Cloud Composer,Cloud Composer Network Inter Zone Data Transfer Out,2026-03-01 00:00:00,2026-03-01 01:00:00,1.0E-6,EUR,147535.0,bytes,goog-composer-cluster-name:REDACTED;goog-composer-image-version:cloud-composer-service-2026-02-09-rc3;goog-composer-location:europe-west1;goog-composer-namespace-name:REDACTED;goog-composer-pod-name:REDACTED;goog-terraform-provisioned:true;resource-type:composer;team:ml
000000-000000-000000,proj-anon,proj-anon,Compute Engine,Balanced PD Capacity,2026-03-01 00:00:00,2026-03-01 01:00:00,0.014588,EUR,4.53378895249408E14,byte-seconds,goog-gke-cluster-id-base32:REDACTED;goog-gke-node-pool-provisioning-model:REDACTED;goog-gke-volume:REDACTED;goog-k8s-cluster-location:REDACTED;goog-k8s-node-pool-name:REDACTED
000000-000000-000000,proj-anon,proj-anon,Compute Engine,E2 Instance Core running in Netherlands,2026-03-01 00:00:00,2026-03-01 01:00:00,3.79E-4,EUR,68.0,seconds,serverless-vpc-access:REDACTED
000000-000000-000000,proj-anon,proj-anon,Cloud Composer,Cloud Composer Network Inter Zone Data Transfer Out,2026-03-01 00:00:00,2026-03-01 01:00:00,4.84E-4,EUR,6.2070101E7,bytes,goog-composer-environment:REDACTED;goog-composer-environment-uuid:REDACTED;goog-composer-location:europe-west1;goog-gke-cluster-id-base32:REDACTED;goog-gke-node:REDACTED;goog-gke-node-pool-provisioning-model:REDACTED;goog-k8s-cluster-location:REDACTED;goog-k8s-cluster-name:REDACTED;goog-k8s-namespace:REDACTED;goog-k8s-node-pool-name:REDACTED;k8s-namespace:REDACTED
000000-000000-000000,proj-anon,proj-anon,BigQuery,Long Term Logical Storage (europe-west1),2026-03-01 00:00:00,2026-03-01 01:00:00,9.33E-4,EUR,2.89789544759296E14,byte-seconds,resource-type:bigquery-dataset;team:ml
000000-000000-000000,proj-anon,proj-anon,Compute Engine,Storage Image,2026-03-01 00:00:00,2026-03-01 01:00:00,9.1E-5,EUR,5.687174120064E12,byte-seconds,cal-account:REDACTED;cal-activity:backup;cal-calid:REDACTED;cal-instanceid:REDACTED;cal-instancename:instance-anon;cal-last-tagged-at:REDACTED;cal-solinstid:REDACTED;cal-solution:REDACTED;cal-userid:REDACTED;cal-volumesnapshot:REDACTED;name:REDACTED
000000-000000-000000,proj-anon,proj-anon,Secret Manager,Secret access operations,2026-03-01 00:00:00,2026-03-01 01:00:00,8.5E-5,EUR,34.0,requests,
000000-000000-000000,proj-anon,proj-anon,Cloud Run,Services Memory (Request-based billing),2026-03-01 00:00:00,2026-03-01 01:00:00,0.011456,EUR,5.887541169356798E12,byte-seconds,resource-name:REDACTED;resource-type:cloudrun-service;team:ml
000000-000000-000000,proj-anon,proj-anon,Compute Engine,Micro Instance with burstable CPU running in EMEA,2026-03-01 00:00:00,2026-03-01 01:00:00,5.55E-4,EUR,278.0,seconds,serverless-vpc-access:REDACTED
000000-000000-000000,proj-anon,proj-anon,Compute Engine,Storage Image,2026-03-01 00:00:00,2026-03-01 01:00:00,8.92E-4,EUR,5.542530346784E13,byte-seconds,cal-account:REDACTED;cal-activity:backup;cal-calid:REDACTED;cal-instanceid:REDACTED;cal-instancename:instance-anon;cal-last-tagged-at:REDACTED;cal-solinstid:REDACTED;cal-solution:REDACTED;cal-userid:REDACTED;cal-volumesnapshot:REDACTED;name:REDACTED
000000-000000-000000,proj-anon,proj-anon,Compute Engine,E2 Instance Core running in EMEA,2026-03-01 00:00:00,2026-03-01 01:00:00,0.077117,EUR,13844.0,seconds,goog-ops-agent-policy:REDACTED
000000-000000-000000,proj-anon,proj-anon,Compute Engine,Storage PD Capacity,2026-03-01 00:00:00,2026-03-01 01:00:00,0.001912,EUR,1.4864881811456E14,byte-seconds,
000000-000000-000000,proj-anon,proj-anon,Cloud Run,Services CPU (Request-based billing),2026-03-01 00:00:00,2026-03-01 01:00:00,0.061418,EUR,3061.899998,seconds,
000000-000000-000000,proj-anon,proj-anon,Cloud Composer,Cloud Composer 3 standard milli DCU-hours (europe-west1),2026-03-01 00:00:00,2026-03-01 01:00:00,0.002777,EUR,181256.0,seconds,goog-composer-cluster-name:REDACTED;goog-composer-image-version:cloud-composer-service-2025-10-28-rc0;goog-composer-location:europe-west1;goog-composer-namespace-name:REDACTED;goog-composer-pod-name:REDACTED;goog-terraform-provisioned:true;resource-type:composer;team:ml
000000-000000-000000,proj-anon,proj-anon,Cloud Logging,Log Storage cost,2026-03-01 00:00:00,2026-03-01 01:00:00,9.0E-6,EUR,24053.0,bytes,goog-resource-type:REDACTED
000000-000000-000000,proj-anon,proj-anon,Artifact Registry,Artifact Registry Storage,2026-03-01 00:00:00,2026-03-01 01:00:00,1.3E-5,EUR,4.11445508158E11,byte-seconds,goog-managed-by:REDACTED
000000-000000-000000,proj-anon,proj-anon,Cloud Composer,Cloud Composer 3 standard milli DCU-hours (europe-west1),2026-03-01 00:00:00,2026-03-01 01:00:00,0.002777,EUR,181256.0,seconds,goog-composer-cluster-name:REDACTED;goog-composer-image-version:cloud-composer-service-2026-02-09-rc3;goog-composer-location:europe-west1;goog-composer-namespace-name:REDACTED;goog-composer-pod-name:REDACTED;goog-terraform-provisioned:true;resource-type:composer;team:ml
000000-000000-000000,proj-anon,proj-anon,Cloud Logging,Log Storage cost,2026-03-01 00:00:00,2026-03-01 01:00:00,8.2E-5,EUR,211475.0,bytes,goog-resource-type:REDACTED
000000-000000-000000,proj-anon,proj-anon,Notebooks,Workbench Instances CPU for GCE usage - E2 Instance Cores in europe-west1,2026-03-01 00:00:00,2026-03-01 01:00:00,0.09254,EUR,13844.0,seconds,consumer-project-id:REDACTED;consumer-project-number:REDACTED;goog-caip-notebook:REDACTED;notebooks-product:REDACTED;resource-name:REDACTED
000000-000000-000000,proj-anon,proj-anon,Cloud Logging,Log Storage cost,2026-03-01 00:00:00,2026-03-01 01:00:00,3.78E-4,EUR,970671.0,bytes,goog-resource-type:REDACTED
000000-000000-000000,proj-anon,proj-anon,Networking,Network Intelligence Center Internet to Google Cloud Performance Resource Hours,2026-03-01 00:00:00,2026-03-01 01:00:00,6.68E-4,EUR,1.0,requests,
000000-000000-000000,proj-anon,proj-anon,Cloud Logging,Log Storage cost,2026-03-01 00:00:00,2026-03-01 01:00:00,2.2E-5,EUR,57648.0,bytes,goog-resource-type:REDACTED
000000-000000-000000,proj-anon,proj-anon,Cloud Composer,Cloud Composer 3 standard milli DCU-hours (europe-west1),2026-03-01 00:00:00,2026-03-01 01:00:00,0.003777,EUR,246500.0,seconds,goog-composer-cluster-name:REDACTED;goog-composer-image-version:cloud-composer-service-2025-10-28-rc0;goog-composer-location:europe-west1;goog-composer-namespace-name:REDACTED;goog-composer-pod-name:REDACTED;goog-terraform-provisioned:true;resource-type:composer;team:ml
000000-000000-000000,proj-anon,proj-anon,Cloud Composer,Cloud Composer 3 standard milli DCU-hours (europe-west1),2026-03-01 00:00:00,2026-03-01 01:00:00,0.137905,EUR,9000000.0,seconds,goog-terraform-provisioned:true;resource-type:composer;team:ml
000000-000000-000000,proj-anon,proj-anon,Cloud Logging,Log Storage cost,2026-03-01 00:00:00,2026-03-01 01:00:00,2.0E-6,EUR,6197.0,bytes,goog-resource-type:REDACTED
000000-000000-000000,proj-anon,proj-anon,Cloud Composer,Cloud Composer 3 standard milli DCU-hours (europe-west1),2026-03-01 00:00:00,2026-03-01 01:00:00,0.003605,EUR,235277.0,seconds,goog-composer-cluster-name:REDACTED;goog-composer-image-version:cloud-composer-service-2025-10-28-rc0;goog-composer-location:europe-west1;goog-composer-namespace-name:REDACTED;goog-composer-pod-name:REDACTED;goog-terraform-provisioned:true;resource-type:composer;team:ml
000000-000000-000000,proj-anon,proj-anon,Cloud SQL,Cloud SQL: Backups in Netherlands,2026-03-01 00:00:00,2026-03-01 01:00:00,3.0E-6,EUR,1.01341485656E11,byte-seconds,bigalloc-enabled:false;cloud_sql_bill_to:REDACTED;dg_storage_retention_plan_id:REDACTED;env:dev;physical-block-size:4096;scope:REDACTED
000000-000000-000000,proj-anon,proj-anon,Compute Engine,Network Internet Data Transfer Out from Milan to South America,2026-03-01 00:00:00,2026-03-01 01:00:00,3.51E-4,EUR,2378304.0,bytes,env:bastion
000000-000000-000000,proj-anon,proj-anon,Compute Engine,Balanced PD Capacity,2026-03-01 00:00:00,2026-03-01 01:00:00,0.022718,EUR,7.0608188604416E14,byte-seconds,
000000-000000-000000,proj-anon,proj-anon,Cloud Logging,Log Storage cost,2026-03-01 00:00:00,2026-03-01 01:00:00,0.003418,EUR,8783791.0,bytes,goog-resource-type:REDACTED
000000-000000-000000,proj-anon,proj-anon,Cloud Logging,Log Storage cost,2026-03-01 00:00:00,2026-03-01 01:00:00,2.0E-6,EUR,6256.0,bytes,goog-resource-type:REDACTED
000000-000000-000000,proj-anon,proj-anon,Cloud Composer,Cloud Composer 3 standard milli DCU-hours (europe-west1),2026-03-01 00:00:00,2026-03-01 01:00:00,0.002397,EUR,156400.0,seconds,goog-composer-cluster-name:REDACTED;goog-composer-image-version:cloud-composer-service-2025-10-28-rc0;goog-composer-location:europe-west1;goog-composer-namespace-name:REDACTED;goog-composer-pod-name:REDACTED;goog-terraform-provisioned:true;resource-type:composer;team:ml
000000-000000-000000,proj-anon,proj-anon,Cloud Logging,Log Storage cost,2026-03-01 00:00:00,2026-03-01 01:00:00,3.0E-5,EUR,76913.0,bytes,goog-resource-type:REDACTED
000000-000000-000000,proj-anon,proj-anon,Cloud Composer,Cloud Composer 3 standard milli DCU-hours (europe-west1),2026-03-01 00:00:00,2026-03-01 01:00:00,0.003699,EUR,241400.0,seconds,goog-composer-cluster-name:REDACTED;goog-composer-image-version:cloud-composer-service-2026-02-09-rc3;goog-composer-location:europe-west1;goog-composer-namespace-name:REDACTED;goog-composer-pod-name:REDACTED;goog-terraform-provisioned:true;resource-type:composer;team:ml
000000-000000-000000,proj-anon,proj-anon,Compute Engine,Balanced PD Capacity,2026-03-01 00:00:00,2026-03-01 01:00:00,5.3E-5,EUR,1.641751248896E12,byte-seconds,goog-gke-cluster-id-base32:REDACTED;goog-gke-node-pool-provisioning-model:REDACTED;goog-gke-volume:REDACTED;goog-k8s-cluster-location:REDACTED;goog-k8s-node-pool-name:REDACTED
000000-000000-000000,proj-anon,proj-anon,Cloud Run,Jobs Memory in europe-west1,2026-03-01 00:00:00,2026-03-01 01:00:00,0.039215,EUR,2.518998319104E13,byte-seconds,
000000-000000-000000,proj-anon,proj-anon,Cloud Run,Services Min Instance CPU (Request-based billing),2026-03-01 00:00:00,2026-03-01 01:00:00,0.081584,EUR,39045.582009,seconds,
000000-000000-000000,proj-anon,proj-anon,Cloud Logging,Log Storage cost,2026-03-01 00:00:00,2026-03-01 01:00:00,8.6E-5,EUR,221819.0,bytes,goog-resource-type:REDACTED
000000-000000-000000,proj-anon,proj-anon,Compute Engine,Network Internet Data Transfer Out from EMEA to Americas,2026-03-01 00:00:00,2026-03-01 01:00:00,2.6E-5,EUR,275332.0,bytes,
000000-000000-000000,proj-anon,proj-anon,Compute Engine,Network Internet Data Transfer Out from Belgium to Apac(Excluding Korea and Indonesia),2026-03-01 00:00:00,2026-03-01 01:00:00,7.5E-5,EUR,810822.0,bytes,goog-ec-src:REDACTED
000000-000000-000000,proj-anon,proj-anon,Cloud Logging,Log Storage cost,2026-03-01 00:00:00,2026-03-01 01:00:00,0.003756,EUR,9650889.0,bytes,goog-resource-type:REDACTED
000000-000000-000000,proj-anon,proj-anon,Cloud Composer,Cloud Composer Network Inter Zone Data Transfer Out,2026-03-01 00:00:00,2026-03-01 01:00:00,1.0E-6,EUR,134935.0,bytes,goog-composer-cluster-name:REDACTED;goog-composer-image-version:cloud-composer-service-2025-10-28-rc0;goog-composer-location:europe-west1;goog-composer-namespace-name:REDACTED;goog-composer-pod-name:REDACTED;goog-terraform-provisioned:true;resource-type:composer;team:ml
000000-000000-000000,proj-anon,proj-anon,Cloud Logging,Vended Logs Storage,2026-03-01 00:00:00,2026-03-01 01:00:00,1.54E-4,EUR,791723.0,bytes,goog-resource-type:REDACTED
000000-000000-000000,proj-anon,proj-anon,Compute Engine,N1 Predefined Instance Ram running in EMEA,2026-03-01 00:00:00,2026-03-01 01:00:00,0.001128,EUR,1.119403176696E12,byte-seconds,
000000-000000-000000,proj-anon,proj-anon,Secret Manager,Secret version replica storage,2026-03-01 00:00:00,2026-03-01 01:00:00,0.001506,EUR,72681.0,seconds,
000000-000000-000000,proj-anon,proj-anon,Vertex AI,Vertex AI: Training/Pipelines on SSD backed PD Capacity,2026-03-01 00:00:00,2026-03-01 01:00:00,0.150822,EUR,2.397665492992E15,byte-seconds,
000000-000000-000000,proj-anon,proj-anon,Cloud Logging,Log Storage cost,2026-03-01 00:00:00,2026-03-01 01:00:00,0.004327,EUR,1.1116121E7,bytes,goog-resource-type:REDACTED
000000-000000-000000,proj-anon,proj-anon,Compute Engine,External IP Charge on a Standard VM,2026-03-01 00:00:00,2026-03-01 01:00:00,0.004018,EUR,3461.0,seconds,goog-ec-src:REDACTED
000000-000000-000000,proj-anon,proj-anon,Cloud Key Management Service (KMS),Active software symmetric key versions,2026-03-01 00:00:00,2026-03-01 01:00:00,7.1E-5,EUR,3461.0,seconds,
000000-000000-000000,proj-anon,proj-anon,Cloud Run,Services Min Instance Memory (Request-based billing),2026-03-01 00:00:00,2026-03-01 01:00:00,0.057002,EUR,2.929175624644481E13,byte-seconds,resource-name:REDACTED;resource-type:cloudrun-service;team:ml
000000-000000-000000,proj-anon,proj-anon,Vertex AI,Vertex AI: Training/Pipelines on N1 Predefined Instance Core running in EMEA,2026-03-01 00:00:00,2026-03-01 01:00:00,0.005607,EUR,604.0,seconds,
000000-000000-000000,proj-anon,proj-anon,Artifact Registry,Artifact Registry Storage,2026-03-01 00:00:00,2026-03-01 01:00:00,8.4E-5,EUR,2.597681104095E12,byte-seconds,
000000-000000-000000,proj-anon,proj-anon,Cloud Logging,Log Storage cost,2026-03-01 00:00:00,2026-03-01 01:00:00,9.03E-4,EUR,2319351.0,bytes,goog-resource-type:REDACTED
000000-000000-000000,proj-anon,proj-anon,Compute Engine,Licensing Fee for Red Hat Enterprise Linux 8 on VM with up to 8 VCPU,2026-03-01 00:00:00,2026-03-01 01:00:00,9.29E-4,EUR,278.0,seconds,goog-ops-agent-policy:REDACTED
000000-000000-000000,proj-anon,proj-anon,Notebooks,Workbench Instances Storage for GCE usage - Balanced Persistent Disk in europe-west4,2026-03-01 00:00:00,2026-03-01 01:00:00,0.001583,EUR,3.7312528384E13,byte-seconds,consumer-project-id:REDACTED;consumer-project-number:REDACTED;notebooks-product:REDACTED;resource-name:REDACTED
000000-000000-000000,proj-anon,proj-anon,Networking,Regional External Passthrough Network Load Balancer Outbound Data Processing for Milan (europe-west8),2026-03-01 00:00:00,2026-03-01 01:00:00,3.0E-5,EUR,4141242.0,bytes,goog-gke-cluster-id-base32:REDACTED;goog-gke-node:REDACTED;goog-gke-node-pool-provisioning-model:REDACTED;goog-k8s-cluster-location:REDACTED;goog-k8s-cluster-name:REDACTED;goog-k8s-namespace:REDACTED;goog-k8s-node-pool-name:REDACTED;k8s-namespace:REDACTED
000000-000000-000000,proj-anon,proj-anon,Cloud Logging,Vended Logs Storage,2026-03-01 00:00:00,2026-03-01 01:00:00,0.001116,EUR,5742041.0,bytes,goog-resource-type:REDACTED
000000-000000-000000,proj-anon,proj-anon,Cloud Logging,Log Storage cost,2026-03-01 00:00:00,2026-03-01 01:00:00,1.0E-6,EUR,1834.0,bytes,goog-resource-type:REDACTED
000000-000000-000000,proj-anon,proj-anon,Cloud Logging,Log Storage cost,2026-03-01 00:00:00,2026-03-01 01:00:00,6.0E-6,EUR,14391.0,bytes,goog-resource-type:REDACTED
000000-000000-000000,proj-anon,proj-anon,Cloud Run,Services Min Instance Memory (Request-based billing),2026-03-01 00:00:00,2026-03-01 01:00:00,0.16317,EUR,8.384974889778231E13,byte-seconds,
000000-000000-000000,proj-anon,proj-anon,Compute Engine,Balanced PD Capacity in Milan,2026-03-01 00:00:00,2026-03-01 01:00:00,0.030238,EUR,8.10136058724352E14,byte-seconds,goog-gke-cluster-id-base32:REDACTED;goog-gke-volume:REDACTED;goog-k8s-cluster-location:REDACTED;goog-k8s-node-pool-name:REDACTED
000000-000000-000000,proj-anon,proj-anon,Vertex AI,Vertex AI: Training/Pipelines on E2 Instance Ram running in EMEA,2026-03-01 00:00:00,2026-03-01 01:00:00,0.01268,EUR,1.5857019256832E13,byte-seconds,vertex-ai-pipelines-run-billing-id:REDACTED;vertex_pipelines:REDACTED
000000-000000-000000,proj-anon,proj-anon,Cloud Logging,Log Storage cost,2026-03-01 00:00:00,2026-03-01 01:00:00,2.2E-5,EUR,55921.0,bytes,goog-resource-type:REDACTED
000000-000000-000000,proj-anon,proj-anon,Networking,Networking Cloud NAT IP Usage,2026-03-01 00:00:00,2026-03-01 01:00:00,0.004017,EUR,3461.0,seconds,
000000-000000-000000,proj-anon,proj-anon,Secret Manager,Secret access operations,2026-03-01 00:00:00,2026-03-01 01:00:00,0.002966,EUR,1183.0,requests,
000000-000000-000000,proj-anon,proj-anon,Cloud Logging,Log Storage cost,2026-03-01 00:00:00,2026-03-01 01:00:00,1.0E-6,EUR,2976.0,bytes,goog-resource-type:REDACTED
000000-000000-000000,proj-anon,proj-anon,Cloud Logging,Log Storage cost,2026-03-01 00:00:00,2026-03-01 01:00:00,1.0E-6,EUR,2589.0,bytes,goog-resource-type:REDACTED
000000-000000-000000,proj-anon,proj-anon,Cloud Run,Services CPU (Request-based billing),2026-03-01 00:00:00,2026-03-01 01:00:00,0.022867,EUR,1139.999999,seconds,env:shared;scope:REDACTED
000000-000000-000000,proj-anon,proj-anon,Cloud SQL,Storage PD Snapshot,2026-03-01 00:00:00,2026-03-01 01:00:00,3.1E-5,EUR,1.189052799673E12,byte-seconds,bigalloc-enabled:false;cloud_sql_backup_id:REDACTED;cloud_sql_bill_to:REDACTED;dg_storage_retention_plan_id:REDACTED;physical-block-size:4096
000000-000000-000000,proj-anon,proj-anon,Cloud Logging,Log Storage cost,2026-03-01 00:00:00,2026-03-01 01:00:00,4.0E-6,EUR,9805.0,bytes,goog-resource-type:REDACTED
000000-000000-000000,proj-anon,proj-anon,Cloud Logging,Log Storage cost,2026-03-01 00:00:00,2026-03-01 01:00:00,1.33E-4,EUR,340717.0,bytes,goog-resource-type:REDACTED
000000-000000-000000,proj-anon,proj-anon,Networking,Regional External Passthrough Network Load Balancer Outbound Data Processing for Belgium (europe-west1),2026-03-01 00:00:00,2026-03-01 01:00:00,1.4E-5,EUR,2376438.0,bytes,goog-gke-cluster-id-base32:REDACTED;goog-gke-node:REDACTED;goog-gke-node-pool-provisioning-model:REDACTED;goog-k8s-cluster-location:REDACTED;goog-k8s-cluster-name:REDACTED;goog-k8s-namespace:REDACTED;goog-k8s-node-pool-name:REDACTED;k8s-namespace:REDACTED
000000-000000-000000,proj-anon,proj-anon,Cloud SQL,Cloud SQL: Backups in Netherlands,2026-03-01 00:00:00,2026-03-01 01:00:00,1.0E-6,EUR,2.2869988352E10,byte-seconds,bigalloc-enabled:false;cloud_sql_backup_id:REDACTED;cloud_sql_bill_to:REDACTED;dg_storage_retention_plan_id:REDACTED;env:qa;physical-block-size:4096;scope:REDACTED
000000-000000-000000,proj-anon,proj-anon,Cloud Logging,Log Storage cost,2026-03-01 00:00:00,2026-03-01 01:00:00,5.0E-6,EUR,13537.0,bytes,goog-resource-type:REDACTED
000000-000000-000000,proj-anon,proj-anon,Cloud Logging,Log Storage cost,2026-03-01 00:00:00,2026-03-01 01:00:00,1.6E-5,EUR,41307.0,bytes,goog-resource-type:REDACTED
000000-000000-000000,proj-anon,proj-anon,Cloud Logging,Log Storage cost,2026-03-01 00:00:00,2026-03-01 01:00:00,3.0E-6,EUR,6420.0,bytes,goog-resource-type:REDACTED
000000-000000-000000,proj-anon,proj-anon,Compute Engine,External IP Charge on a Standard VM,2026-03-01 00:00:00,2026-03-01 01:00:00,0.004018,EUR,3461.0,seconds,goog-ec-src:REDACTED
000000-000000-000000,proj-anon,proj-anon,Cloud Logging,Log Storage cost,2026-03-01 00:00:00,2026-03-01 01:00:00,1.15E-4,EUR,295392.0,bytes,goog-resource-type:REDACTED
000000-000000-000000,proj-anon,proj-anon,Cloud Monitoring,Metric Volume,2026-03-01 00:00:00,2026-03-01 01:00:00,0.006641,EUR,32293.0,bytes,goog-agent-metric-class:REDACTED;goog-metric-domain:REDACTED
000000-000000-000000,proj-anon,proj-anon,Compute Engine,Network Internet Data Transfer Out from EMEA to EMEA,2026-03-01 00:00:00,2026-03-01 01:00:00,8.2E-5,EUR,874984.0,bytes,goog-ops-agent-policy:REDACTED
000000-000000-000000,proj-anon,proj-anon,Cloud Logging,Log Storage cost,2026-03-01 00:00:00,2026-03-01 01:00:00,1.3E-5,EUR,32584.0,bytes,goog-resource-type:REDACTED
000000-000000-000000,proj-anon,proj-anon,Cloud Logging,Log Storage cost,2026-03-01 00:00:00,2026-03-01 01:00:00,2.4E-4,EUR,615964.0,bytes,goog-resource-type:REDACTED
000000-000000-000000,proj-anon,proj-anon,Cloud SQL,Storage PD Snapshot,2026-03-01 00:00:00,2026-03-01 01:00:00,1.0E-6,EUR,3.7732871732E10,byte-seconds,bigalloc-enabled:false;cloud_sql_backup_id:REDACTED;cloud_sql_bill_to:REDACTED;dg_storage_retention_plan_id:REDACTED;physical-block-size:4096
000000-000000-000000,proj-anon,proj-anon,Cloud SQL,Storage PD Snapshot,2026-03-01 00:00:00,2026-03-01 01:00:00,1.06E-4,EUR,4.121487320064E12,byte-seconds,bigalloc-enabled:false;cloud_sql_backup_id:REDACTED;cloud_sql_bill_to:REDACTED;dg_storage_retention_plan_id:REDACTED;physical-block-size:4096
000000-000000-000000,proj-anon,proj-anon,Cloud Logging,Vended Logs Storage,2026-03-01 00:00:00,2026-03-01 01:00:00,3.0E-6,EUR,18334.0,bytes,goog-resource-type:REDACTED
000000-000000-000000,proj-anon,proj-anon,Cloud Run,Jobs CPU in europe-west1,2026-03-01 00:00:00,2026-03-01 01:00:00,0.549004,EUR,36492.305103,seconds,
000000-000000-000000,proj-anon,proj-anon,Cloud Logging,Log Storage cost,2026-03-01 00:00:00,2026-03-01 01:00:00,0.001287,EUR,3306632.0,bytes,goog-resource-type:REDACTED
000000-000000-000000,proj-anon,proj-anon,Cloud SQL,Cloud SQL for PostgreSQL: Regional - RAM in Americas,2026-03-01 00:00:00,2026-03-01 01:00:00,0.304231,EUR,1.005022347264E14,byte-seconds,
000000-000000-000000,proj-anon,proj-anon,Compute Engine,Storage PD Capacity,2026-03-01 00:00:00,2026-03-01 01:00:00,0.001673,EUR,1.3006771585024E14,byte-seconds,
000000-000000-000000,proj-anon,proj-anon,Cloud Logging,Log Storage cost,2026-03-01 00:00:00,2026-03-01 01:00:00,0.001564,EUR,4020593.0,bytes,goog-resource-type:REDACTED
000000-000000-000000,proj-anon,proj-anon,Kubernetes Engine,Regional Kubernetes Clusters,2026-03-01 00:00:00,2026-03-01 01:00:00,0.080352,EUR,3461.0,seconds,goog-gke-cluster-id-base32:REDACTED;goog-k8s-cluster-location:REDACTED;goog-k8s-cluster-name:REDACTED
000000-000000-000000,proj-anon,proj-anon,Notebooks,Workbench Instances RAM for GCE usage - E2 Instance RAM in europe-west1,2026-03-01 00:00:00,2026-03-01 01:00:00,0.001992,EUR,2.388001816576E12,byte-seconds,consumer-project-id:REDACTED;consumer-project-number:REDACTED;goog-caip-notebook:REDACTED;notebooks-product:REDACTED;resource-name:REDACTED
000000-000000-000000,proj-anon,proj-anon,Cloud Logging,Log Storage cost,2026-03-01 00:00:00,2026-03-01 01:00:00,1.01E-4,EUR,258915.0,bytes,goog-resource-type:REDACTED
000000-000000-000000,proj-anon,proj-anon,Cloud Logging,Log Storage cost,2026-03-01 00:00:00,2026-03-01 01:00:00,1.0E-5,EUR,23130.0,bytes,goog-resource-type:REDACTED
000000-000000-000000,proj-anon,proj-anon,Cloud Logging,Log Storage cost,2026-03-01 00:00:00,2026-03-01 01:00:00,0.009829,EUR,2.525683E7,bytes,goog-resource-type:REDACTED
000000-000000-000000,proj-anon,proj-anon,Compute Engine,Network Vpn Internet Data Transfer Out from EMEA to EMEA,2026-03-01 00:00:00,2026-03-01 01:00:00,0.013346,EUR,1.42899836E8,bytes,
000000-000000-000000,proj-anon,proj-anon,Cloud Run,Requests,2026-03-01 00:00:00,2026-03-01 01:00:00,2.8E-5,EUR,84.0,requests,
000000-000000-000000,proj-anon,proj-anon,Cloud Logging,Log Storage cost,2026-03-01 00:00:00,2026-03-01 01:00:00,8.93E-4,EUR,2294582.0,bytes,goog-resource-type:REDACTED
000000-000000-000000,proj-anon,proj-anon,Compute Engine,E2 Instance Core running in Netherlands,2026-03-01 00:00:00,2026-03-01 01:00:00,0.009656,EUR,1732.0,seconds,serverless-vpc-access:REDACTED
000000-000000-000000,proj-anon,proj-anon,Compute Engine,Storage Image,2026-03-01 00:00:00,2026-03-01 01:00:00,3.6E-5,EUR,2.219246422406E12,byte-seconds,cal-account:REDACTED;cal-activity:backup;cal-calid:REDACTED;cal-instanceid:REDACTED;cal-instancename:instance-anon;cal-last-tagged-at:REDACTED;cal-solinstid:REDACTED;cal-solution:REDACTED;cal-userid:REDACTED;cal-volumesnapshot:REDACTED;name:REDACTED
000000-000000-000000,proj-anon,proj-anon,Compute Engine,Storage PD Capacity,2026-03-01 00:00:00,2026-03-01 01:00:00,3.84E-4,EUR,2.98500227072E13,byte-seconds,goog-caip-notebook-volume:REDACTED
000000-000000-000000,proj-anon,proj-anon,Networking,Networking Cloud NAT IP Usage,2026-03-01 00:00:00,2026-03-01 01:00:00,1.61E-4,EUR,139.0,seconds,
000000-000000-000000,proj-anon,proj-anon,Compute Engine,External IP Charge on a Standard VM,2026-03-01 00:00:00,2026-03-01 01:00:00,1.61E-4,EUR,139.0,seconds,
000000-000000-000000,proj-anon,proj-anon,Compute Engine,E2 Instance Ram running in EMEA,2026-03-01 00:00:00,2026-03-01 01:00:00,0.010337,EUR,1.4864881811456E13,byte-seconds,
000000-000000-000000,proj-anon,proj-anon,Artifact Registry,Artifact Registry Storage,2026-03-01 00:00:00,2026-03-01 01:00:00,0.021618,EUR,6.71871681090063E14,byte-seconds,
000000-000000-000000,proj-anon,proj-anon,Notebooks,Workbench Instances Storage for GCE usage - Balanced Persistent Disk in europe-west1,2026-03-01 00:00:00,2026-03-01 01:00:00,0.00144,EUR,3.7312528384E13,byte-seconds,consumer-project-id:REDACTED;consumer-project-number:REDACTED;notebooks-product:REDACTED;resource-name:REDACTED
000000-000000-000000,proj-anon,proj-anon,Vertex AI,Vertex AI: Online/Batch Prediction N1 Predefined Instance Core running in EMEA for AI Platform,2026-03-01 00:00:00,2026-03-01 01:00:00,0.118406,EUR,12143.0,seconds,resource-type:vertexai-endpoint;team:ml
000000-000000-000000,proj-anon,proj-anon,Cloud Monitoring,Metric Volume,2026-03-01 00:00:00,2026-03-01 01:00:00,0.012807,EUR,62280.0,bytes,goog-agent-metric-class:REDACTED;goog-metric-domain:REDACTED
000000-000000-000000,proj-anon,proj-anon,Compute Engine,Network Inter Zone Data Transfer Out,2026-03-01 00:00:00,2026-03-01 01:00:00,3.09E-4,EUR,3.9696106E7,bytes,goog-gke-cluster-id-base32:REDACTED;goog-gke-node:REDACTED;goog-gke-node-pool-provisioning-model:REDACTED;goog-k8s-cluster-location:REDACTED;goog-k8s-cluster-name:REDACTED;goog-k8s-namespace:REDACTED;goog-k8s-node-pool-name:REDACTED;k8s-namespace:REDACTED
000000-000000-000000,proj-anon,proj-anon,Artifact Registry,Artifact Registry Storage,2026-03-01 00:00:00,2026-03-01 01:00:00,3.8E-5,EUR,1.172841161599E12,byte-seconds,
000000-000000-000000,proj-anon,proj-anon,Cloud SQL,Storage PD Snapshot,2026-03-01 00:00:00,2026-03-01 01:00:00,2.0E-6,EUR,6.7277742258E10,byte-seconds,bigalloc-enabled:false;cloud_sql_backup_id:REDACTED;cloud_sql_bill_to:REDACTED;dg_storage_retention_plan_id:REDACTED;physical-block-size:4096
000000-000000-000000,proj-anon,proj-anon,Artifact Registry,Artifact Registry Storage,2026-03-01 00:00:00,2026-03-01 01:00:00,5.46E-4,EUR,1.6956243872964E13,byte-seconds,goog-managed-by:REDACTED
000000-000000-000000,proj-anon,proj-anon,Cloud Logging,Log Storage cost,2026-03-01 00:00:00,2026-03-01 01:00:00,2.0E-6,EUR,5896.0,bytes,goog-resource-type:REDACTED
000000-000000-000000,proj-anon,proj-anon,Cloud Logging,Log Storage cost,2026-03-01 00:00:00,2026-03-01 01:00:00,4.0E-6,EUR,10123.0,bytes,goog-resource-type:REDACTED
000000-000000-000000,proj-anon,proj-anon,Cloud Key Management Service (KMS),Active software symmetric key versions,2026-03-01 00:00:00,2026-03-01 01:00:00,4.6E-5,EUR,2224.0,seconds,
000000-000000-000000,proj-anon,proj-anon,Cloud SQL,Storage PD Snapshot,2026-03-01 00:00:00,2026-03-01 01:00:00,3.0E-6,EUR,1.32202559028E11,byte-seconds,bigalloc-enabled:false;cloud_sql_backup_id:REDACTED;cloud_sql_bill_to:REDACTED;dg_storage_retention_plan_id:REDACTED;physical-block-size:4096
000000-000000-000000,proj-anon,proj-anon,Compute Engine,Storage PD Capacity in Milan,2026-03-01 00:00:00,2026-03-01 01:00:00,0.003551,EUR,2.37838108983296E14,byte-seconds,goog-gke-volume:REDACTED
000000-000000-000000,proj-anon,proj-anon,Compute Engine,Licensing Fee for Red Hat Enterprise Linux 8 on VM with up to 8 VCPU,2026-03-01 00:00:00,2026-03-01 01:00:00,0.046283,EUR,13844.0,seconds,goog-ops-agent-policy:REDACTED
000000-000000-000000,proj-anon,proj-anon,Cloud Logging,Log Storage cost,2026-03-01 00:00:00,2026-03-01 01:00:00,5.2E-5,EUR,134258.0,bytes,goog-resource-type:REDACTED
000000-000000-000000,proj-anon,proj-anon,Compute Engine,Storage PD Capacity in Milan,2026-03-01 00:00:00,2026-03-01 01:00:00,1.78E-4,EUR,1.194000908288E13,byte-seconds,
000000-000000-000000,proj-anon,proj-anon,Cloud Composer,Cloud Composer 3 standard milli DCU-hours (europe-west1),2026-03-01 00:00:00,2026-03-01 01:00:00,0.004611,EUR,300900.0,seconds,goog-composer-cluster-name:REDACTED;goog-composer-image-version:cloud-composer-service-2026-02-09-rc3;goog-composer-location:europe-west1;goog-composer-namespace-name:REDACTED;goog-composer-pod-name:REDACTED;goog-terraform-provisioned:true;resource-type:composer;team:ml
000000-000000-000000,proj-anon,proj-anon,Artifact Registry,Artifact Registry Storage,2026-03-01 00:00:00,2026-03-01 01:00:00,1.0E-5,EUR,3.00805788831E11,byte-seconds,
000000-000000-000000,proj-anon,proj-anon,Cloud Composer,Cloud Composer 3 standard milli DCU-hours (europe-west1),2026-03-01 00:00:00,2026-03-01 01:00:00,0.002777,EUR,181256.0,seconds,goog-composer-cluster-name:REDACTED;goog-composer-image-version:cloud-composer-service-2025-10-28-rc0;goog-composer-location:europe-west1;goog-composer-namespace-name:REDACTED;goog-composer-pod-name:REDACTED;goog-terraform-provisioned:true;resource-type:composer;team:ml
000000-000000-000000,proj-anon,proj-anon,Cloud Logging,Log Storage cost,2026-03-01 00:00:00,2026-03-01 01:00:00,2.0E-6,EUR,5622.0,bytes,goog-resource-type:REDACTED
000000-000000-000000,proj-anon,proj-anon,Compute Engine,E2 Instance Ram running in EMEA,2026-03-01 00:00:00,2026-03-01 01:00:00,0.010337,EUR,1.4864881811456E13,byte-seconds,goog-ops-agent-policy:REDACTED
000000-000000-000000,proj-anon,proj-anon,Cloud Composer,Cloud Composer Network Inter Zone Data Transfer Out,2026-03-01 00:00:00,2026-03-01 01:00:00,1.0E-6,EUR,149640.0,bytes,goog-composer-cluster-name:REDACTED;goog-composer-image-version:cloud-composer-service-2026-02-09-rc3;goog-composer-location:europe-west1;goog-composer-namespace-name:REDACTED;goog-composer-pod-name:REDACTED;goog-terraform-provisioned:true;resource-type:composer;team:ml
000000-000000-000000,proj-anon,proj-anon,Cloud Run,Services Min Instance Memory (Request-based billing),2026-03-01 00:00:00,2026-03-01 01:00:00,0.03094,EUR,1.5899918441926377E13,byte-seconds,
000000-000000-000000,proj-anon,proj-anon,Compute Engine,External IP Charge on a Standard VM,2026-03-01 00:00:00,2026-03-01 01:00:00,1.62E-4,EUR,139.0,seconds,env:dev;goog-terraform-provisioned:true;scope:REDACTED
000000-000000-000000,proj-anon,proj-anon,Compute Engine,E2 Instance Ram running in EMEA,2026-03-01 00:00:00,2026-03-01 01:00:00,4.15E-4,EUR,5.97000454144E11,byte-seconds,goog-ops-agent-policy:REDACTED
000000-000000-000000,proj-anon,proj-anon,Cloud Run,Cloud Run Network Internet Data Transfer Out Europe to Europe,2026-03-01 00:00:00,2026-03-01 01:00:00,2.0E-6,EUR,18377.0,bytes,
000000-000000-000000,proj-anon,proj-anon,Cloud Logging,Log Storage cost,2026-03-01 00:00:00,2026-03-01 01:00:00,1.3E-5,EUR,33529.0,bytes,goog-resource-type:REDACTED
000000-000000-000000,proj-anon,proj-anon,Cloud Monitoring,Metric Volume,2026-03-01 00:00:00,2026-03-01 01:00:00,2.56E-4,EUR,1248.0,bytes,goog-agent-metric-class:REDACTED;goog-metric-domain:REDACTED
000000-000000-000000,proj-anon,proj-anon,Cloud Logging,Log Storage cost,2026-03-01 00:00:00,2026-03-01 01:00:00,4.0E-6,EUR,11137.0,bytes,goog-resource-type:REDACTED
000000-000000-000000,proj-anon,proj-anon,Cloud Logging,Log Storage cost,2026-03-01 00:00:00,2026-03-01 01:00:00,2.0E-6,EUR,4339.0,bytes,goog-resource-type:REDACTED
000000-000000-000000,proj-anon,proj-anon,Cloud Logging,Log Storage cost,2026-03-01 00:00:00,2026-03-01 01:00:00,7.13E-4,EUR,1830891.0,bytes,goog-resource-type:REDACTED
000000-000000-000000,proj-anon,proj-anon,Cloud Logging,Log Storage cost,2026-03-01 00:00:00,2026-03-01 01:00:00,2.0E-6,EUR,4923.0,bytes,goog-resource-type:REDACTED
000000-000000-000000,proj-anon,proj-anon,Compute Engine,Network Internet Data Transfer Out from Belgium to Apac(Excluding Korea and Indonesia),2026-03-01 00:00:00,2026-03-01 01:00:00,2.7E-5,EUR,298332.0,bytes,container-vm:REDACTED
000000-000000-000000,proj-anon,proj-anon,Cloud Logging,Vended Logs Storage,2026-03-01 00:00:00,2026-03-01 01:00:00,4.4E-5,EUR,229277.0,bytes,goog-resource-type:REDACTED
000000-000000-000000,proj-anon,proj-anon,Cloud Logging,Log Storage cost,2026-03-01 00:00:00,2026-03-01 01:00:00,2.5E-5,EUR,64444.0,bytes,goog-resource-type:REDACTED
000000-000000-000000,proj-anon,proj-anon,Cloud Logging,Vended Logs Storage,2026-03-01 00:00:00,2026-03-01 01:00:00,0.003733,EUR,1.9184134E7,bytes,goog-resource-type:REDACTED
000000-000000-000000,proj-anon,proj-anon,Cloud Run,Services CPU (Request-based billing),2026-03-01 00:00:00,2026-03-01 01:00:00,4.0E-6,EUR,0.2,seconds,resource-name:REDACTED;resource-type:cloudrun-service;team:ml
000000-000000-000000,proj-anon,proj-anon,Workflows,Internal Steps,2026-03-01 00:00:00,2026-03-01 01:00:00,0.010339,EUR,1237.0,requests,
000000-000000-000000,proj-anon,proj-anon,Cloud Logging,Log Storage cost,2026-03-01 00:00:00,2026-03-01 01:00:00,1.0E-6,EUR,3774.0,bytes,goog-resource-type:REDACTED
000000-000000-000000,proj-anon,proj-anon,Cloud Logging,Log Storage cost,2026-03-01 00:00:00,2026-03-01 01:00:00,3.1E-5,EUR,80848.0,bytes,goog-resource-type:REDACTED
000000-000000-000000,proj-anon,proj-anon,Artifact Registry,Artifact Registry Storage,2026-03-01 00:00:00,2026-03-01 01:00:00,0.011974,EUR,3.72132070169195E14,byte-seconds,
000000-000000-000000,proj-anon,proj-anon,Cloud Run,Cloud Run Network Internet Data Transfer Out Europe to Europe,2026-03-01 00:00:00,2026-03-01 01:00:00,7.0E-6,EUR,74207.0,bytes,
000000-000000-000000,proj-anon,proj-anon,Cloud Run Functions,Cloud Run functions Min-Instance Memory (Request-based billing) in us-central1,2026-03-01 00:00:00,2026-03-01 01:00:00,0.042625,EUR,2.1904454912433246E13,byte-seconds,
000000-000000-000000,proj-anon,proj-anon,Cloud Logging,Vended Logs Storage,2026-03-01 00:00:00,2026-03-01 01:00:00,3.0E-6,EUR,17288.0,bytes,goog-resource-type:REDACTED
000000-000000-000000,proj-anon,proj-anon,Cloud Logging,Log Storage cost,2026-03-01 00:00:00,2026-03-01 01:00:00,5.0E-6,EUR,11821.0,bytes,goog-resource-type:REDACTED
000000-000000-000000,proj-anon,proj-anon,Vertex AI,Vertex AI: Training/Pipelines on N1 Predefined Instance Core running in EMEA,2026-03-01 00:00:00,2026-03-01 01:00:00,1.658511,EUR,178640.0,seconds,
000000-000000-000000,proj-anon,proj-anon,Cloud Logging,Vended Logs Storage,2026-03-01 00:00:00,2026-03-01 01:00:00,4.97E-4,EUR,2558410.0,bytes,goog-resource-type:REDACTED
000000-000000-000000,proj-anon,proj-anon,Compute Engine,Storage Image,2026-03-01 00:00:00,2026-03-01 01:00:00,7.0E-5,EUR,4.363185570496E12,byte-seconds,cal-account:REDACTED;cal-activity:backup;cal-calid:REDACTED;cal-instanceid:REDACTED;cal-instancename:instance-anon;cal-last-tagged-at:REDACTED;cal-solinstid:REDACTED;cal-solution:REDACTED;cal-userid:REDACTED;cal-volumesnapshot:REDACTED;name:REDACTED
000000-000000-000000,proj-anon,proj-anon,Cloud Logging,Log Storage cost,2026-03-01 00:00:00,2026-03-01 01:00:00,2.0E-6,EUR,5350.0,bytes,goog-resource-type:REDACTED
000000-000000-000000,proj-anon,proj-anon,Cloud Memorystore for Redis,Redis Capacity Basic M1 Netherlands,2026-03-01 00:00:00,2026-03-01 01:00:00,0.001646,EUR,1.49250113536E11,byte-seconds,env:dev;goog-terraform-provisioned:true;scope:REDACTED
000000-000000-000000,proj-anon,proj-anon,BigQuery,Analysis (europe-west1),2026-03-01 00:00:00,2026-03-01 01:00:00,1.79E-4,EUR,3.145728E7,bytes,data_source_id:REDACTED;dts_config_id:REDACTED;dts_run_id:REDACTED
000000-000000-000000,proj-anon,proj-anon,Cloud SQL,Cloud SQL for PostgreSQL: Zonal - vCPU in Netherlands,2026-03-01 00:00:00,2026-03-01 01:00:00,0.075891,EUR,7200.0,seconds,env:dev;scope:REDACTED
000000-000000-000000,proj-anon,proj-anon,Compute Engine,Balanced PD Capacity in Milan,2026-03-01 00:00:00,2026-03-01 01:00:00,0.035509,EUR,9.51352435933184E14,byte-seconds,goog-gke-cluster-id-base32:REDACTED;goog-gke-volume:REDACTED;goog-k8s-cluster-location:REDACTED;goog-k8s-node-pool-name:REDACTED
000000-000000-000000,proj-anon,proj-anon,Compute Engine,E2 Instance Ram running in EMEA,2026-03-01 00:00:00,2026-03-01 01:00:00,8.3E-4,EUR,1.194000908288E12,byte-seconds,goog-ec-src:REDACTED
000000-000000-000000,proj-anon,proj-anon,Cloud Logging,Log Storage cost,2026-03-01 00:00:00,2026-03-01 01:00:00,5.5E-5,EUR,142215.0,bytes,goog-resource-type:REDACTED
000000-000000-000000,proj-anon,proj-anon,Vertex AI,Vertex AI: Online/Batch Prediction N1 Predefined Instance Core running in Americas for AI Platform,2026-03-01 00:00:00,2026-03-01 01:00:00,0.03079,EUR,3684.0,seconds,
000000-000000-000000,proj-anon,proj-anon,Cloud Key Management Service (KMS),Active software symmetric key versions,2026-03-01 00:00:00,2026-03-01 01:00:00,1.4E-5,EUR,695.0,seconds,
000000-000000-000000,proj-anon,proj-anon,BigQuery,Active Logical Storage (europe-west1),2026-03-01 00:00:00,2026-03-01 01:00:00,1.96E-4,EUR,3.0435999481856E13,byte-seconds,goog-terraform-provisioned:true;resource-type:bigquery-dataset;team:ml
000000-000000-000000,proj-anon,proj-anon,Compute Engine,External IP Charge on a Standard VM,2026-03-01 00:00:00,2026-03-01 01:00:00,1.61E-4,EUR,139.0,seconds,goog-ops-agent-policy:REDACTED
000000-000000-000000,proj-anon,proj-anon,Artifact Registry,Artifact Registry Storage,2026-03-01 00:00:00,2026-03-01 01:00:00,7.14E-4,EUR,2.2184490381908E13,byte-seconds,goog-managed-by:REDACTED
000000-000000-000000,proj-anon,proj-anon,Compute Engine,Storage PD Capacity in Milan,2026-03-01 00:00:00,2026-03-01 01:00:00,1.11E-4,EUR,7.4625056768E12,byte-seconds,goog-gke-volume:REDACTED;goog-k8s-cluster-location:REDACTED;goog-k8s-cluster-name:REDACTED;goog-k8s-node-pool-name:REDACTED
000000-000000-000000,proj-anon,proj-anon,Cloud SQL,Cloud SQL for MySQL: Zonal - IP address reservation in Milan,2026-03-01 00:00:00,2026-03-01 01:00:00,0.009695,EUR,3600.0,seconds,
000000-000000-000000,proj-anon,proj-anon,Cloud Logging,Vended Logs Storage,2026-03-01 00:00:00,2026-03-01 01:00:00,1.1E-5,EUR,58994.0,bytes,goog-resource-type:REDACTED
000000-000000-000000,proj-anon,proj-anon,Cloud Logging,Log Storage cost,2026-03-01 00:00:00,2026-03-01 01:00:00,1.0E-6,EUR,2650.0,bytes,goog-resource-type:REDACTED
000000-000000-000000,proj-anon,proj-anon,Compute Engine,Balanced PD Capacity,2026-03-01 00:00:00,2026-03-01 01:00:00,0.00192,EUR,5.97000454144E13,byte-seconds,
000000-000000-000000,proj-anon,proj-anon,Cloud Logging,Log Storage cost,2026-03-01 00:00:00,2026-03-01 01:00:00,3.2E-5,EUR,81613.0,bytes,goog-resource-type:REDACTED
000000-000000-000000,proj-anon,proj-anon,Cloud Run,Services Memory (Request-based billing),2026-03-01 00:00:00,2026-03-01 01:00:00,0.006479,EUR,3.330747138048E12,byte-seconds,
000000-000000-000000,proj-anon,proj-anon,Cloud Run,Services CPU (Request-based billing),2026-03-01 00:00:00,2026-03-01 01:00:00,0.016737,EUR,834.4,seconds,
000000-000000-000000,proj-anon,proj-anon,Networking,Cloud NGFW Standard Rules: Data Processing Fee,2026-03-01 00:00:00,2026-03-01 01:00:00,8.3E-5,EUR,5548089.0,bytes,env:bastion
000000-000000-000000,proj-anon,proj-anon,Cloud Build,Build time e2-standard-2,2026-03-01 00:00:00,2026-03-01 01:00:00,0.006769,EUR,81.0,seconds,
000000-000000-000000,proj-anon,proj-anon,Networking,Networking Telemetry,2026-03-01 00:00:00,2026-03-01 01:00:00,1.6E-5,EUR,82825.0,bytes,
000000-000000-000000,proj-anon,proj-anon,Networking,Network Intelligence Center Topology and Google Cloud Performance Resource Hours,2026-03-01 00:00:00,2026-03-01 01:00:00,9.19E-4,EUR,1.0,requests,
000000-000000-000000,proj-anon,proj-anon,Compute Engine,Network Internet Data Transfer Out from EMEA to EMEA,2026-03-01 00:00:00,2026-03-01 01:00:00,3.67E-4,EUR,3936038.0,bytes,goog-gke-cluster-id-base32:REDACTED;goog-gke-node:REDACTED;goog-gke-node-pool-provisioning-model:REDACTED;goog-k8s-cluster-location:REDACTED;goog-k8s-cluster-name:REDACTED;goog-k8s-namespace:REDACTED;goog-k8s-node-pool-name:REDACTED;k8s-namespace:REDACTED
000000-000000-000000,proj-anon,proj-anon,Compute Engine,Storage PD Snapshot in European Union,2026-03-01 00:00:00,2026-03-01 01:00:00,7.6E-5,EUR,3.155179227933E12,byte-seconds,
000000-000000-000000,proj-anon,proj-anon,Compute Engine,Balanced PD Capacity,2026-03-01 00:00:00,2026-03-01 01:00:00,4.8E-5,EUR,1.49250113536E12,byte-seconds,
000000-000000-000000,proj-anon,proj-anon,Compute Engine,Storage Image,2026-03-01 00:00:00,2026-03-01 01:00:00,3.6E-5,EUR,2.225980116176E12,byte-seconds,cal-account:REDACTED;cal-activity:backup;cal-calid:REDACTED;cal-instanceid:REDACTED;cal-instancename:instance-anon;cal-last-tagged-at:REDACTED;cal-solinstid:REDACTED;cal-solution:REDACTED;cal-userid:REDACTED;cal-volumesnapshot:REDACTED;name:REDACTED
000000-000000-000000,proj-anon,proj-anon,Artifact Registry,Artifact Registry Storage,2026-03-01 00:00:00,2026-03-01 01:00:00,0.001404,EUR,4.3637766036005E13,byte-seconds,resource-type:artifact-registry;team:ml
000000-000000-000000,proj-anon,proj-anon,Cloud Logging,Log Storage cost,2026-03-01 00:00:00,2026-03-01 01:00:00,1.1E-5,EUR,27606.0,bytes,goog-resource-type:REDACTED
000000-000000-000000,proj-anon,proj-anon,Vertex AI,Vertex AI: Online/Batch Prediction N1 Predefined Instance Core running in EMEA for AI Platform,2026-03-01 00:00:00,2026-03-01 01:00:00,0.017512,EUR,1796.0,seconds,resource-type:vertexai-endpoint;team:ml
000000-000000-000000,proj-anon,proj-anon,Cloud Logging,Log Storage cost,2026-03-01 00:00:00,2026-03-01 01:00:00,2.7E-5,EUR,68335.0,bytes,goog-resource-type:REDACTED
000000-000000-000000,proj-anon,proj-anon,Cloud Logging,Log Storage cost,2026-03-01 00:00:00,2026-03-01 01:00:00,5.4E-5,EUR,138709.0,bytes,goog-resource-type:REDACTED
000000-000000-000000,proj-anon,proj-anon,Cloud Logging,Log Storage cost,2026-03-01 00:00:00,2026-03-01 01:00:00,1.0E-6,EUR,1451.0,bytes,goog-resource-type:REDACTED
000000-000000-000000,proj-anon,proj-anon,Cloud Run Functions,Cloud Run functions Min-Instance CPU (Request-based billing) in europe-west1,2026-03-01 00:00:00,2026-03-01 01:00:00,0.028499,EUR,13640.084989,seconds,goog-managed-by:REDACTED
000000-000000-000000,proj-anon,proj-anon,Cloud Logging,Log Storage cost,2026-03-01 00:00:00,2026-03-01 01:00:00,3.4E-5,EUR,86199.0,bytes,goog-resource-type:REDACTED
000000-000000-000000,proj-anon,proj-anon,Cloud Logging,Vended Logs Storage,2026-03-01 00:00:00,2026-03-01 01:00:00,4.0E-6,EUR,19466.0,bytes,goog-resource-type:REDACTED
000000-000000-000000,proj-anon,proj-anon,Cloud Logging,Vended Logs Storage,2026-03-01 00:00:00,2026-03-01 01:00:00,7.17E-4,EUR,3685581.0,bytes,goog-resource-type:REDACTED
000000-000000-000000,proj-anon,proj-anon,Cloud Composer,Cloud Composer 3 standard milli DCU-hours (europe-west1),2026-03-01 00:00:00,2026-03-01 01:00:00,0.00297,EUR,193800.0,seconds,goog-composer-cluster-name:REDACTED;goog-composer-image-version:cloud-composer-service-2026-02-09-rc3;goog-composer-location:europe-west1;goog-composer-namespace-name:REDACTED;goog-composer-pod-name:REDACTED;goog-terraform-provisioned:true;resource-type:composer;team:ml
000000-000000-000000,proj-anon,proj-anon,Artifact Registry,Artifact Registry Storage,2026-03-01 00:00:00,2026-03-01 01:00:00,7.5E-5,EUR,2.325062488911E12,byte-seconds,goog-managed-by:REDACTED
000000-000000-000000,proj-anon,proj-anon,Cloud Run Functions,Cloud Run functions Min-Instance CPU (Request-based billing) in europe-west1,2026-03-01 00:00:00,2026-03-01 01:00:00,0.007145,EUR,3420.061074,seconds,goog-drz-cloudfunctions-id:REDACTED;goog-drz-cloudfunctions-location:REDACTED;goog-managed-by:REDACTED
000000-000000-000000,proj-anon,proj-anon,Cloud Logging,Log Storage cost,2026-03-01 00:00:00,2026-03-01 01:00:00,5.98E-4,EUR,1536510.0,bytes,goog-resource-type:REDACTED
000000-000000-000000,proj-anon,proj-anon,Artifact Registry,Artifact Registry Storage,2026-03-01 00:00:00,2026-03-01 01:00:00,8.99E-4,EUR,2.7926723594555E13,byte-seconds,
000000-000000-000000,proj-anon,proj-anon,Compute Engine,Storage PD Capacity,2026-03-01 00:00:00,2026-03-01 01:00:00,9.6E-5,EUR,7.432440905728E12,byte-seconds,goog-composer-environment:REDACTED;goog-composer-environment-uuid:REDACTED;goog-composer-location:europe-west1;goog-composer-version:REDACTED;goog-gke-cluster-id-base32:REDACTED;goog-gke-volume:REDACTED;goog-k8s-cluster-location:REDACTED;goog-k8s-node-pool-name:REDACTED
000000-000000-000000,proj-anon,proj-anon,Vertex AI,Vertex AI: Online/Batch Prediction N1 Predefined Instance Core running in EMEA for AI Platform,2026-03-01 00:00:00,2026-03-01 01:00:00,0.010453,EUR,1072.0,seconds,resource-type:vertexai-endpoint;team:ml
000000-000000-000000,proj-anon,proj-anon,Cloud Logging,Log Storage cost,2026-03-01 00:00:00,2026-03-01 01:00:00,1.3E-5,EUR,34101.0,bytes,goog-resource-type:REDACTED
000000-000000-000000,proj-anon,proj-anon,Vertex AI,Vertex AI: Online/Batch Prediction N1 Predefined Instance Core running in Americas for AI Platform,2026-03-01 00:00:00,2026-03-01 01:00:00,0.030991,EUR,3708.0,seconds,
000000-000000-000000,proj-anon,proj-anon,Networking,Cloud Load Balancer Forwarding Rule Minimum for Milan (europe-west8),2026-03-01 00:00:00,2026-03-01 01:00:00,0.023503,EUR,3461.0,seconds,
000000-000000-000000,proj-anon,proj-anon,Cloud DNS,ManagedZone,2026-03-01 00:00:00,2026-03-01 01:00:00,2.49E-4,EUR,3600.0,seconds,
000000-000000-000000,proj-anon,proj-anon,Cloud Run,Services Min Instance CPU (Request-based billing),2026-03-01 00:00:00,2026-03-01 01:00:00,0.060143,EUR,28784.71335,seconds,
000000-000000-000000,proj-anon,proj-anon,Compute Engine,External IP Charge on a Spot Preemptible VM,2026-03-01 00:00:00,2026-03-01 01:00:00,0.002008,EUR,3461.0,seconds,goog-gke-cluster-id-base32:REDACTED;goog-gke-node:REDACTED;goog-gke-node-pool-provisioning-model:REDACTED;goog-k8s-cluster-location:REDACTED;goog-k8s-cluster-name:REDACTED;goog-k8s-namespace:REDACTED;goog-k8s-node-pool-name:REDACTED;k8s-namespace:REDACTED
000000-000000-000000,proj-anon,proj-anon,Cloud Monitoring,Prometheus Samples Ingested,2026-03-01 00:00:00,2026-03-01 01:00:00,0.009101,EUR,181483.0,requests,goog-metric-domain:REDACTED
000000-000000-000000,proj-anon,proj-anon,Cloud Logging,Log Storage cost,2026-03-01 00:00:00,2026-03-01 01:00:00,1.3E-5,EUR,32438.0,bytes,goog-resource-type:REDACTED
000000-000000-000000,proj-anon,proj-anon,Cloud SQL,Storage PD Snapshot,2026-03-01 00:00:00,2026-03-01 01:00:00,3.0E-6,EUR,1.00605177856E11,byte-seconds,bigalloc-enabled:false;cloud_sql_backup_id:REDACTED;cloud_sql_bill_to:REDACTED;dg_storage_retention_plan_id:REDACTED;physical-block-size:4096
000000-000000-000000,proj-anon,proj-anon,Cloud Composer,Cloud Composer Network Inter Zone Data Transfer Out,2026-03-01 00:00:00,2026-03-01 01:00:00,1.0E-6,EUR,115820.0,bytes,goog-composer-cluster-name:REDACTED;goog-composer-image-version:cloud-composer-service-2026-02-09-rc3;goog-composer-location:europe-west1;goog-composer-namespace-name:REDACTED;goog-composer-pod-name:REDACTED;goog-terraform-provisioned:true;resource-type:composer;team:ml
000000-000000-000000,proj-anon,proj-anon,Networking,Regional Internal Application Load Balancer Proxy Instance Charge for Belgium (europe-west1),2026-03-01 00:00:00,2026-03-01 01:00:00,0.020894,EUR,3600.0,seconds,
000000-000000-000000,proj-anon,proj-anon,Cloud Logging,Log Storage cost,2026-03-01 00:00:00,2026-03-01 01:00:00,9.0E-6,EUR,22101.0,bytes,goog-resource-type:REDACTED
000000-000000-000000,proj-anon,proj-anon,Compute Engine,Network Inter Zone Data Transfer Out,2026-03-01 00:00:00,2026-03-01 01:00:00,5.47E-4,EUR,7.0355347E7,bytes,goog-ops-agent-policy:REDACTED
000000-000000-000000,proj-anon,proj-anon,Cloud Run,Services Min Instance CPU (Request-based billing),2026-03-01 00:00:00,2026-03-01 01:00:00,0.007103,EUR,3400.005899,seconds,
000000-000000-000000,proj-anon,proj-anon,Compute Engine,Balanced PD Capacity in Milan,2026-03-01 00:00:00,2026-03-01 01:00:00,0.024966,EUR,6.6891968151552E14,byte-seconds,
000000-000000-000000,proj-anon,proj-anon,Cloud Logging,Log Storage cost,2026-03-01 00:00:00,2026-03-01 01:00:00,0.006956,EUR,1.7873032E7,bytes,goog-resource-type:REDACTED
000000-000000-000000,proj-anon,proj-anon,Cloud SQL,Cloud SQL for PostgreSQL: Zonal - Standard storage in Netherlands,2026-03-01 00:00:00,2026-03-01 01:00:00,0.002326,EUR,3.8654705664E13,byte-seconds,env:dev;scope:REDACTED
000000-000000-000000,proj-anon,proj-anon,Compute Engine,Licensing Fee for Windows Server 2025 Datacenter Edition on VM,2026-03-01 00:00:00,2026-03-01 01:00:00,0.002968,EUR,278.0,seconds,goog-ops-agent-policy:REDACTED
000000-000000-000000,proj-anon,proj-anon,Cloud Logging,Log Storage cost,2026-03-01 00:00:00,2026-03-01 01:00:00,0.003009,EUR,7732704.0,bytes,goog-resource-type:REDACTED
000000-000000-000000,proj-anon,proj-anon,Compute Engine,Storage PD Snapshot,2026-03-01 00:00:00,2026-03-01 01:00:00,3.39E-4,EUR,2.1117063240128E13,byte-seconds,
000000-000000-000000,proj-anon,proj-anon,Compute Engine,Storage Image,2026-03-01 00:00:00,2026-03-01 01:00:00,4.0E-6,EUR,2.28623134511E11,byte-seconds,cal-account:REDACTED;cal-activity:backup;cal-calid:REDACTED;cal-instanceid:REDACTED;cal-instancename:instance-anon;cal-last-tagged-at:REDACTED;cal-solinstid:REDACTED;cal-solution:REDACTED;cal-userid:REDACTED;cal-volumesnapshot:REDACTED;name:REDACTED
000000-000000-000000,proj-anon,proj-anon,Cloud Logging,Log Storage cost,2026-03-01 00:00:00,2026-03-01 01:00:00,7.0E-6,EUR,18627.0,bytes,goog-resource-type:REDACTED
000000-000000-000000,proj-anon,proj-anon,Cloud Logging,Log Storage cost,2026-03-01 00:00:00,2026-03-01 01:00:00,8.2E-5,EUR,210347.0,bytes,goog-resource-type:REDACTED
000000-000000-000000,proj-anon,proj-anon,Cloud SQL,Cloud SQL: Backups in Milan,2026-03-01 00:00:00,2026-03-01 01:00:00,1.0E-6,EUR,1.8620871117E10,byte-seconds,bigalloc-enabled:false;cloud_sql_backup_id:REDACTED;cloud_sql_bill_to:REDACTED;dg_storage_retention_plan_id:REDACTED;physical-block-size:4096
000000-000000-000000,proj-anon,proj-anon,Cloud Composer,Cloud Composer Network Inter Zone Data Transfer Out,2026-03-01 00:00:00,2026-03-01 01:00:00,2.0E-6,EUR,134281.0,bytes,goog-composer-cluster-name:REDACTED;goog-composer-image-version:cloud-composer-service-2026-02-09-rc3;goog-composer-location:europe-west1;goog-composer-namespace-name:REDACTED;goog-composer-pod-name:REDACTED;goog-terraform-provisioned:true;resource-type:composer;team:ml
000000-000000-000000,proj-anon,proj-anon,Cloud Run,Services Memory (Request-based billing),2026-03-01 00:00:00,2026-03-01 01:00:00,0.001777,EUR,9.131100471295999E11,byte-seconds,resource-name:REDACTED;resource-type:cloudrun-service;team:ml
000000-000000-000000,proj-anon,proj-anon,Vertex AI,Vertex AI: Online/Batch Prediction N1 Predefined Instance Core running in EMEA for AI Platform,2026-03-01 00:00:00,2026-03-01 01:00:00,0.037092,EUR,3804.0,seconds,resource-type:vertexai-endpoint;team:ml
000000-000000-000000,proj-anon,proj-anon,Cloud Monitoring,Metric Volume,2026-03-01 00:00:00,2026-03-01 01:00:00,2.99E-4,EUR,1456.0,bytes,goog-agent-metric-class:REDACTED;goog-metric-domain:REDACTED
000000-000000-000000,proj-anon,proj-anon,Cloud Logging,Log Storage cost,2026-03-01 00:00:00,2026-03-01 01:00:00,3.0E-6,EUR,6802.0,bytes,goog-resource-type:REDACTED
000000-000000-000000,proj-anon,proj-anon,Secret Manager,Secret version replica storage,2026-03-01 00:00:00,2026-03-01 01:00:00,2.39E-4,EUR,11537.0,seconds,
000000-000000-000000,proj-anon,proj-anon,Networking,Networking Private Service Connect Partner Select End Point,2026-03-01 00:00:00,2026-03-01 01:00:00,3.22E-4,EUR,139.0,seconds,
000000-000000-000000,proj-anon,proj-anon,Cloud Logging,Log Storage cost,2026-03-01 00:00:00,2026-03-01 01:00:00,3.1E-5,EUR,79671.0,bytes,goog-resource-type:REDACTED
000000-000000-000000,proj-anon,proj-anon,Cloud Logging,Log Storage cost,2026-03-01 00:00:00,2026-03-01 01:00:00,5.0E-6,EUR,12488.0,bytes,goog-resource-type:REDACTED
000000-000000-000000,proj-anon,proj-anon,Compute Engine,Balanced PD Capacity in Milan,2026-03-01 00:00:00,2026-03-01 01:00:00,2.78E-4,EUR,7.4625056768E12,byte-seconds,
000000-000000-000000,proj-anon,proj-anon,Cloud Logging,Vended Logs Storage,2026-03-01 00:00:00,2026-03-01 01:00:00,7.39E-4,EUR,3799808.0,bytes,goog-resource-type:REDACTED
000000-000000-000000,proj-anon,proj-anon,Networking,Network Intelligence Center Topology and Google Cloud Performance Resource Hours,2026-03-01 00:00:00,2026-03-01 01:00:00,9.19E-4,EUR,1.0,requests,
000000-000000-000000,proj-anon,proj-anon,Compute Engine,External IP Charge on a Standard VM,2026-03-01 00:00:00,2026-03-01 01:00:00,0.004018,EUR,3461.0,seconds,env:dev;goog-terraform-provisioned:true;scope:REDACTED
000000-000000-000000,proj-anon,proj-anon,Compute Engine,Storage Image,2026-03-01 00:00:00,2026-03-01 01:00:00,3.6E-5,EUR,2.219978269609E12,byte-seconds,cal-account:REDACTED;cal-activity:backup;cal-calid:REDACTED;cal-instanceid:REDACTED;cal-instancename:instance-anon;cal-last-tagged-at:REDACTED;cal-solinstid:REDACTED;cal-solution:REDACTED;cal-userid:REDACTED;cal-volumesnapshot:REDACTED;name:REDACTED
000000-000000-000000,proj-anon,proj-anon,Cloud Composer,Cloud Composer Network Inter Zone Data Transfer Out,2026-03-01 00:00:00,2026-03-01 01:00:00,4.4E-5,EUR,5724122.0,bytes,goog-composer-cluster-name:REDACTED;goog-composer-image-version:cloud-composer-service-2026-02-09-rc3;goog-composer-location:europe-west1;goog-composer-namespace-name:REDACTED;goog-composer-pod-name:REDACTED;goog-terraform-provisioned:true;resource-type:composer;team:ml
000000-000000-000000,proj-anon,proj-anon,Cloud Composer,Cloud Composer Network Inter Zone Data Transfer Out,2026-03-01 00:00:00,2026-03-01 01:00:00,1.0E-6,EUR,169646.0,bytes,goog-composer-cluster-name:REDACTED;goog-composer-image-version:cloud-composer-service-2026-02-09-rc3;goog-composer-location:europe-west1;goog-composer-namespace-name:REDACTED;goog-composer-pod-name:REDACTED;goog-terraform-provisioned:true;resource-type:composer;team:ml
000000-000000-000000,proj-anon,proj-anon,Compute Engine,Network Internet Data Transfer Out from Belgium to Apac(Excluding Korea and Indonesia),2026-03-01 00:00:00,2026-03-01 01:00:00,1.46E-4,EUR,1567362.0,bytes,
000000-000000-000000,proj-anon,proj-anon,Artifact Registry,Artifact Registry Storage,2026-03-01 00:00:00,2026-03-01 01:00:00,7.61E-4,EUR,2.3655628220084E13,byte-seconds,
000000-000000-000000,proj-anon,proj-anon,Cloud Composer,Cloud Composer Network Inter Zone Data Transfer Out,2026-03-01 00:00:00,2026-03-01 01:00:00,1.0E-6,EUR,120902.0,bytes,goog-composer-cluster-name:REDACTED;goog-composer-image-version:cloud-composer-service-2025-10-28-rc0;goog-composer-location:europe-west1;goog-composer-namespace-name:REDACTED;goog-composer-pod-name:REDACTED;goog-terraform-provisioned:true;resource-type:composer;team:ml
000000-000000-000000,proj-anon,proj-anon,Cloud Run,Services CPU (Request-based billing),2026-03-01 00:00:00,2026-03-01 01:00:00,0.062222,EUR,3101.999999,seconds,
000000-000000-000000,proj-anon,proj-anon,Cloud SQL,Cloud SQL for PostgreSQL: Zonal - Enterprise Plus Standard Storage in EMEA,2026-03-01 00:00:00,2026-03-01 01:00:00,0.052859,EUR,9.663676416E14,byte-seconds,
000000-000000-000000,proj-anon,proj-anon,Cloud Logging,Log Storage cost,2026-03-01 00:00:00,2026-03-01 01:00:00,1.7E-5,EUR,42714.0,bytes,goog-resource-type:REDACTED
000000-000000-000000,proj-anon,proj-anon,Cloud Logging,Vended Logs Storage,2026-03-01 00:00:00,2026-03-01 01:00:00,1.8E-5,EUR,94576.0,bytes,goog-resource-type:REDACTED
000000-000000-000000,proj-anon,proj-anon,Cloud SQL,Cloud SQL: Backups in Netherlands,2026-03-01 00:00:00,2026-03-01 01:00:00,1.0E-6,EUR,1.6005984735E10,byte-seconds,bigalloc-enabled:false;cloud_sql_backup_id:REDACTED;cloud_sql_bill_to:REDACTED;dg_storage_retention_plan_id:REDACTED;env:qa;physical-block-size:4096;scope:REDACTED
000000-000000-000000,proj-anon,proj-anon,Artifact Registry,Artifact Registry Storage,2026-03-01 00:00:00,2026-03-01 01:00:00,0.025464,EUR,7.914080862475E14,byte-seconds,goog-managed-by:REDACTED
000000-000000-000000,proj-anon,proj-anon,Secret Manager,Secret access operations,2026-03-01 00:00:00,2026-03-01 01:00:00,0.005461,EUR,2178.0,requests,
000000-000000-000000,proj-anon,proj-anon,Compute Engine,Storage PD Capacity,2026-03-01 00:00:00,2026-03-01 01:00:00,4.0E-6,EUR,2.98500227072E11,byte-seconds,goog-composer-environment:REDACTED;goog-composer-environment-uuid:REDACTED;goog-composer-location:europe-west1;goog-composer-version:REDACTED;goog-gke-cluster-id-base32:REDACTED;goog-gke-volume:REDACTED;goog-k8s-cluster-location:REDACTED;goog-k8s-node-pool-name:REDACTED
000000-000000-000000,proj-anon,proj-anon,Cloud Logging,Log Storage cost,2026-03-01 00:00:00,2026-03-01 01:00:00,1.0E-6,EUR,2966.0,bytes,goog-resource-type:REDACTED
000000-000000-000000,proj-anon,proj-anon,Compute Engine,Storage Image,2026-03-01 00:00:00,2026-03-01 01:00:00,3.5E-5,EUR,2.214506420076E12,byte-seconds,cal-account:REDACTED;cal-activity:backup;cal-calid:REDACTED;cal-instanceid:REDACTED;cal-instancename:instance-anon;cal-last-tagged-at:REDACTED;cal-solinstid:REDACTED;cal-solution:REDACTED;cal-userid:REDACTED;cal-volumesnapshot:REDACTED;name:REDACTED
000000-000000-000000,proj-anon,proj-anon,Cloud Composer,Cloud Composer Network Inter Zone Data Transfer Out,2026-03-01 00:00:00,2026-03-01 01:00:00,1.0E-6,EUR,155022.0,bytes,goog-composer-cluster-name:REDACTED;goog-composer-image-version:cloud-composer-service-2026-02-09-rc3;goog-composer-location:europe-west1;goog-composer-namespace-name:REDACTED;goog-composer-pod-name:REDACTED;goog-terraform-provisioned:true;resource-type:composer;team:ml
000000-000000-000000,proj-anon,proj-anon,Cloud Logging,Vended Logs Storage,2026-03-01 00:00:00,2026-03-01 01:00:00,6.29E-4,EUR,3235478.0,bytes,goog-resource-type:REDACTED
000000-000000-000000,proj-anon,proj-anon,Compute Engine,Micro Instance with burstable CPU running in EMEA,2026-03-01 00:00:00,2026-03-01 01:00:00,5.54E-4,EUR,278.0,seconds,serverless-vpc-access:REDACTED
000000-000000-000000,proj-anon,proj-anon,Compute Engine,E2 Instance Core running in EMEA,2026-03-01 00:00:00,2026-03-01 01:00:00,0.001548,EUR,278.0,seconds,goog-ec-src:REDACTED
000000-000000-000000,proj-anon,proj-anon,BigQuery,Long Term Logical Storage (europe-west1),2026-03-01 00:00:00,2026-03-01 01:00:00,2.0E-6,EUR,7.4961125376E11,byte-seconds,resource-type:bigquery-dataset;team:ml
000000-000000-000000,proj-anon,proj-anon,Artifact Registry,Artifact Registry Storage,2026-03-01 00:00:00,2026-03-01 01:00:00,0.00583,EUR,1.81179953651965E14,byte-seconds,
000000-000000-000000,proj-anon,proj-anon,Secret Manager,Secret version replica storage,2026-03-01 00:00:00,2026-03-01 01:00:00,4.3E-4,EUR,20766.0,seconds,
000000-000000-000000,proj-anon,proj-anon,Cloud SQL,Cloud SQL: Backups in Netherlands,2026-03-01 00:00:00,2026-03-01 01:00:00,2.0E-6,EUR,5.2827452538E10,byte-seconds,bigalloc-enabled:false;cloud_sql_backup_id:REDACTED;cloud_sql_bill_to:REDACTED;dg_storage_retention_plan_id:REDACTED;env:qa;physical-block-size:4096;scope:REDACTED
000000-000000-000000,proj-anon,proj-anon,Cloud Logging,Log Storage cost,2026-03-01 00:00:00,2026-03-01 01:00:00,5.8E-5,EUR,149839.0,bytes,goog-resource-type:REDACTED
000000-000000-000000,proj-anon,proj-anon,Cloud Logging,Log Storage cost,2026-03-01 00:00:00,2026-03-01 01:00:00,5.12E-4,EUR,1314759.0,bytes,goog-resource-type:REDACTED
000000-000000-000000,proj-anon,proj-anon,Networking,Cloud Load Balancer Forwarding Rule Minimum for Milan (europe-west8),2026-03-01 00:00:00,2026-03-01 01:00:00,9.43E-4,EUR,139.0,seconds,
000000-000000-000000,proj-anon,proj-anon,Cloud Key Management Service (KMS),Active software symmetric key versions,2026-03-01 00:00:00,2026-03-01 01:00:00,2.0E-6,EUR,139.0,seconds,
000000-000000-000000,proj-anon,proj-anon,Cloud Logging,Vended Logs Storage,2026-03-01 00:00:00,2026-03-01 01:00:00,5.8E-5,EUR,298369.0,bytes,goog-resource-type:REDACTED
000000-000000-000000,proj-anon,proj-anon,Compute Engine,E2 Instance Ram running in Milan,2026-03-01 00:00:00,2026-03-01 01:00:00,8.75E-4,EUR,1.194000908288E12,byte-seconds,goog-ops-agent-policy:REDACTED
000000-000000-000000,proj-anon,proj-anon,Cloud Run,Services CPU (Request-based billing),2026-03-01 00:00:00,2026-03-01 01:00:00,5.6E-5,EUR,2.808529,seconds,
000000-000000-000000,proj-anon,proj-anon,Compute Engine,Storage Image,2026-03-01 00:00:00,2026-03-01 01:00:00,3.0E-6,EUR,1.75238763372E11,byte-seconds,cal-account:REDACTED;cal-activity:backup;cal-calid:REDACTED;cal-instanceid:REDACTED;cal-instancename:instance-anon;cal-last-tagged-at:REDACTED;cal-solinstid:REDACTED;cal-solution:REDACTED;cal-userid:REDACTED;cal-volumesnapshot:REDACTED;name:REDACTED
000000-000000-000000,proj-anon,proj-anon,Notebooks,Managed Notebooks Disk for GCE usage - Standard Persistent Disk in us-central1,2026-03-01 00:00:00,2026-03-01 01:00:00,1.92E-4,EUR,1.49250113536E13,byte-seconds,
000000-000000-000000,proj-anon,proj-anon,Cloud Logging,Log Storage cost,2026-03-01 00:00:00,2026-03-01 01:00:00,4.6E-5,EUR,119682.0,bytes,goog-resource-type:REDACTED
000000-000000-000000,proj-anon,proj-anon,Cloud Logging,Log Storage cost,2026-03-01 00:00:00,2026-03-01 01:00:00,3.0E-6,EUR,7859.0,bytes,goog-resource-type:REDACTED
000000-000000-000000,proj-anon,proj-anon,Cloud Logging,Log Storage cost,2026-03-01 00:00:00,2026-03-01 01:00:00,0.004582,EUR,1.1773804E7,bytes,goog-resource-type:REDACTED
000000-000000-000000,proj-anon,proj-anon,Cloud Run,Services CPU (Request-based billing),2026-03-01 00:00:00,2026-03-01 01:00:00,0.013953,EUR,695.6,seconds,
000000-000000-000000,proj-anon,proj-anon,Secret Manager,Secret access operations,2026-03-01 00:00:00,2026-03-01 01:00:00,0.003271,EUR,1305.0,requests,
000000-000000-000000,proj-anon,proj-anon,Compute Engine,Storage Image,2026-03-01 00:00:00,2026-03-01 01:00:00,8.87E-4,EUR,5.5109819972224E13,byte-seconds,cal-account:REDACTED;cal-activity:backup;cal-calid:REDACTED;cal-instanceid:REDACTED;cal-instancename:instance-anon;cal-last-tagged-at:REDACTED;cal-solinstid:REDACTED;cal-solution:REDACTED;cal-userid:REDACTED;cal-volumesnapshot:REDACTED;name:REDACTED
000000-000000-000000,proj-anon,proj-anon,Cloud Logging,Log Storage cost,2026-03-01 00:00:00,2026-03-01 01:00:00,2.0E-6,EUR,6055.0,bytes,goog-resource-type:REDACTED
000000-000000-000000,proj-anon,proj-anon,Cloud Logging,Log Storage cost,2026-03-01 00:00:00,2026-03-01 01:00:00,2.0E-6,EUR,4724.0,bytes,goog-resource-type:REDACTED
000000-000000-000000,proj-anon,proj-anon,Cloud Logging,Log Storage cost,2026-03-01 00:00:00,2026-03-01 01:00:00,1.1E-5,EUR,28853.0,bytes,goog-resource-type:REDACTED
000000-000000-000000,proj-anon,proj-anon,Compute Engine,E2 Instance Core running in Netherlands,2026-03-01 00:00:00,2026-03-01 01:00:00,3.78E-4,EUR,68.0,seconds,serverless-vpc-access:REDACTED
000000-000000-000000,proj-anon,proj-anon,Cloud Run,Services CPU (Request-based billing),2026-03-01 00:00:00,2026-03-01 01:00:00,0.027496,EUR,1370.799998,seconds,resource-name:REDACTED;resource-type:cloudrun-service;team:ml
000000-000000-000000,proj-anon,proj-anon,Cloud Logging,Log Storage cost,2026-03-01 00:00:00,2026-03-01 01:00:00,2.0E-6,EUR,3884.0,bytes,goog-resource-type:REDACTED
000000-000000-000000,proj-anon,proj-anon,Compute Engine,Storage Image,2026-03-01 00:00:00,2026-03-01 01:00:00,8.91E-4,EUR,5.5384593026176E13,byte-seconds,cal-account:REDACTED;cal-activity:backup;cal-calid:REDACTED;cal-instanceid:REDACTED;cal-instancename:instance-anon;cal-last-tagged-at:REDACTED;cal-solinstid:REDACTED;cal-solution:REDACTED;cal-userid:REDACTED;cal-volumesnapshot:REDACTED;name:REDACTED
000000-000000-000000,proj-anon,proj-anon,Cloud Monitoring,Metric Volume,2026-03-01 00:00:00,2026-03-01 01:00:00,1.91E-4,EUR,928.0,bytes,goog-agent-metric-class:REDACTED;goog-metric-domain:REDACTED
000000-000000-000000,proj-anon,proj-anon,Cloud Logging,Log Storage cost,2026-03-01 00:00:00,2026-03-01 01:00:00,2.3E-5,EUR,58653.0,bytes,goog-resource-type:REDACTED
000000-000000-000000,proj-anon,proj-anon,Cloud Logging,Log Storage cost,2026-03-01 00:00:00,2026-03-01 01:00:00,3.9E-5,EUR,100826.0,bytes,goog-resource-type:REDACTED
000000-000000-000000,proj-anon,proj-anon,BigQuery,Analysis (europe-west1),2026-03-01 00:00:00,2026-03-01 01:00:00,1.19E-4,EUR,2.097152E7,bytes,data_source_id:REDACTED;dts_config_id:REDACTED;dts_run_id:REDACTED
000000-000000-000000,proj-anon,proj-anon,Compute Engine,Storage PD Snapshot in European Union,2026-03-01 00:00:00,2026-03-01 01:00:00,7.7E-5,EUR,3.196841417728E12,byte-seconds,
000000-000000-000000,proj-anon,proj-anon,Cloud Logging,Log Storage cost,2026-03-01 00:00:00,2026-03-01 01:00:00,4.0E-6,EUR,10406.0,bytes,goog-resource-type:REDACTED
000000-000000-000000,proj-anon,proj-anon,Cloud Run,Services CPU (Request-based billing),2026-03-01 00:00:00,2026-03-01 01:00:00,0.045185,EUR,2252.6,seconds,resource-name:REDACTED;resource-type:cloudrun-service;team:ml
000000-000000-000000,proj-anon,proj-anon,Vertex AI,Vertex Colab Storage for GCE usage - SSD Persistent Disk in europe-west1,2026-03-01 00:00:00,2026-03-01 01:00:00,0.048785,EUR,7.432440905728E14,byte-seconds,
000000-000000-000000,proj-anon,proj-anon,Cloud Logging,Log Storage cost,2026-03-01 00:00:00,2026-03-01 01:00:00,5.0E-6,EUR,13199.0,bytes,goog-resource-type:REDACTED
000000-000000-000000,proj-anon,proj-anon,Compute Engine,Network Inter Region Data Transfer Out from EMEA to Americas,2026-03-01 00:00:00,2026-03-01 01:00:00,1.0E-6,EUR,26603.0,bytes,goog-gke-cluster-id-base32:REDACTED;goog-gke-node:REDACTED;goog-gke-node-pool-provisioning-model:REDACTED;goog-k8s-cluster-location:REDACTED;goog-k8s-cluster-name:REDACTED;goog-k8s-namespace:REDACTED;goog-k8s-node-pool-name:REDACTED;k8s-namespace:REDACTED
000000-000000-000000,proj-anon,proj-anon,Cloud Logging,Log Storage cost,2026-03-01 00:00:00,2026-03-01 01:00:00,1.0E-6,EUR,2531.0,bytes,goog-resource-type:REDACTED
000000-000000-000000,proj-anon,proj-anon,Cloud Logging,Log Storage cost,2026-03-01 00:00:00,2026-03-01 01:00:00,2.0E-6,EUR,5980.0,bytes,goog-resource-type:REDACTED
000000-000000-000000,proj-anon,proj-anon,Cloud Logging,Log Storage cost,2026-03-01 00:00:00,2026-03-01 01:00:00,4.0E-6,EUR,9497.0,bytes,goog-resource-type:REDACTED
000000-000000-000000,proj-anon,proj-anon,BigQuery,Analysis (europe-west1),2026-03-01 00:00:00,2026-03-01 01:00:00,5.67E-4,EUR,9.961472E7,bytes,airflow-dag:REDACTED;airflow-task:REDACTED
000000-000000-000000,proj-anon,proj-anon,Cloud Logging,Log Storage cost,2026-03-01 00:00:00,2026-03-01 01:00:00,2.0E-6,EUR,4913.0,bytes,goog-resource-type:REDACTED
000000-000000-000000,proj-anon,proj-anon,Cloud Logging,Log Storage cost,2026-03-01 00:00:00,2026-03-01 01:00:00,0.005191,EUR,1.3341266E7,bytes,goog-resource-type:REDACTED
000000-000000-000000,proj-anon,proj-anon,Compute Engine,Storage PD Capacity in Milan,2026-03-01 00:00:00,2026-03-01 01:00:00,1.83E-4,EUR,1.2238509309952E13,byte-seconds,goog-gke-volume:REDACTED;goog-k8s-cluster-location:REDACTED;goog-k8s-cluster-name:REDACTED;goog-k8s-node-pool-name:REDACTED
000000-000000-000000,proj-anon,proj-anon,Cloud Logging,Vended Logs Storage,2026-03-01 00:00:00,2026-03-01 01:00:00,1.6E-5,EUR,82825.0,bytes,goog-resource-type:REDACTED
000000-000000-000000,proj-anon,proj-anon,Cloud Logging,Log Storage cost,2026-03-01 00:00:00,2026-03-01 01:00:00,1.9E-5,EUR,48253.0,bytes,goog-resource-type:REDACTED
000000-000000-000000,proj-anon,proj-anon,Networking,Networking Telemetry,2026-03-01 00:00:00,2026-03-01 01:00:00,4.1E-5,EUR,213131.0,bytes,
000000-000000-000000,proj-anon,proj-anon,Cloud Logging,Log Storage cost,2026-03-01 00:00:00,2026-03-01 01:00:00,2.2E-5,EUR,56763.0,bytes,goog-resource-type:REDACTED
000000-000000-000000,proj-anon,proj-anon,Cloud Monitoring,Metric Volume,2026-03-01 00:00:00,2026-03-01 01:00:00,6.51E-4,EUR,3168.0,bytes,goog-agent-metric-class:REDACTED;goog-metric-domain:REDACTED
000000-000000-000000,proj-anon,proj-anon,Artifact Registry,Artifact Registry Storage,2026-03-01 00:00:00,2026-03-01 01:00:00,0.022374,EUR,6.95355326544847E14,byte-seconds,
000000-000000-000000,proj-anon,proj-anon,Networking,Network Intelligence Center Topology and Google Cloud Performance Resource Hours,2026-03-01 00:00:00,2026-03-01 01:00:00,0.003677,EUR,4.0,requests,
000000-000000-000000,proj-anon,proj-anon,Cloud Run,Requests,2026-03-01 00:00:00,2026-03-01 01:00:00,2.21E-4,EUR,663.0,requests,
000000-000000-000000,proj-anon,proj-anon,Compute Engine,E2 Instance Ram running in Netherlands,2026-03-01 00:00:00,2026-03-01 01:00:00,0.005172,EUR,7.432440905728E12,byte-seconds,serverless-vpc-access:REDACTED
000000-000000-000000,proj-anon,proj-anon,Cloud SQL,Storage PD Snapshot,2026-03-01 00:00:00,2026-03-01 01:00:00,6.7E-5,EUR,2.605532070423E12,byte-seconds,bigalloc-enabled:false;cloud_sql_backup_id:REDACTED;cloud_sql_bill_to:REDACTED;dg_storage_retention_plan_id:REDACTED;physical-block-size:4096
000000-000000-000000,proj-anon,proj-anon,Cloud Logging,Log Storage cost,2026-03-01 00:00:00,2026-03-01 01:00:00,2.0E-6,EUR,4950.0,bytes,goog-resource-type:REDACTED
000000-000000-000000,proj-anon,proj-anon,Cloud Run,Services Memory (Request-based billing),2026-03-01 00:00:00,2026-03-01 01:00:00,2.0E-6,EUR,1.073741824E9,byte-seconds,
000000-000000-000000,proj-anon,proj-anon,Cloud Key Management Service (KMS),Active software symmetric key versions,2026-03-01 00:00:00,2026-03-01 01:00:00,7.1E-5,EUR,3461.0,seconds,
000000-000000-000000,proj-anon,proj-anon,Cloud Composer,Cloud Composer 3 standard milli DCU-hours (europe-west1),2026-03-01 00:00:00,2026-03-01 01:00:00,0.003855,EUR,251600.0,seconds,goog-composer-cluster-name:REDACTED;goog-composer-image-version:cloud-composer-service-2026-02-09-rc3;goog-composer-location:europe-west1;goog-composer-namespace-name:REDACTED;goog-composer-pod-name:REDACTED;goog-terraform-provisioned:true;resource-type:composer;team:ml
000000-000000-000000,proj-anon,proj-anon,Compute Engine,E2 Instance Core running in EMEA,2026-03-01 00:00:00,2026-03-01 01:00:00,0.001548,EUR,278.0,seconds,goog-ec-src:REDACTED
000000-000000-000000,proj-anon,proj-anon,Cloud Logging,Log Storage cost,2026-03-01 00:00:00,2026-03-01 01:00:00,0.004141,EUR,1.0642584E7,bytes,goog-resource-type:REDACTED
000000-000000-000000,proj-anon,proj-anon,Cloud Run,Services Memory (Request-based billing),2026-03-01 00:00:00,2026-03-01 01:00:00,0.015645,EUR,8.040608274841602E12,byte-seconds,
000000-000000-000000,proj-anon,proj-anon,Compute Engine,SSD backed PD Capacity in Milan,2026-03-01 00:00:00,2026-03-01 01:00:00,0.015091,EUR,2.37838108983296E14,byte-seconds,goog-gke-volume:REDACTED
000000-000000-000000,proj-anon,proj-anon,Cloud Logging,Log Storage cost,2026-03-01 00:00:00,2026-03-01 01:00:00,6.16E-4,EUR,1581952.0,bytes,goog-resource-type:REDACTED
000000-000000-000000,proj-anon,proj-anon,Cloud Logging,Log Storage cost,2026-03-01 00:00:00,2026-03-01 01:00:00,1.6E-5,EUR,42017.0,bytes,goog-resource-type:REDACTED
000000-000000-000000,proj-anon,proj-anon,Cloud SQL,Storage PD Snapshot,2026-03-01 00:00:00,2026-03-01 01:00:00,1.0E-6,EUR,1.0886938E10,byte-seconds,bigalloc-enabled:false;cloud_sql_backup_id:REDACTED;cloud_sql_bill_to:REDACTED;dg_storage_retention_plan_id:REDACTED;physical-block-size:4096
000000-000000-000000,proj-anon,proj-anon,Compute Engine,Spot Preemptible E2 Instance Core running in EMEA,2026-03-01 00:00:00,2026-03-01 01:00:00,0.046283,EUR,20766.0,seconds,goog-gke-cluster-id-base32:REDACTED;goog-gke-node:REDACTED;goog-gke-node-pool-provisioning-model:REDACTED;goog-k8s-cluster-location:REDACTED;goog-k8s-node-pool-name:REDACTED
000000-000000-000000,proj-anon,proj-anon,Cloud Run,Requests,2026-03-01 00:00:00,2026-03-01 01:00:00,9.0E-6,EUR,26.0,requests,
000000-000000-000000,proj-anon,proj-anon,Cloud Logging,Log Storage cost,2026-03-01 00:00:00,2026-03-01 01:00:00,3.02E-4,EUR,774607.0,bytes,goog-resource-type:REDACTED
000000-000000-000000,proj-anon,proj-anon,Cloud Logging,Log Storage cost,2026-03-01 00:00:00,2026-03-01 01:00:00,2.09E-4,EUR,538997.0,bytes,goog-resource-type:REDACTED
000000-000000-000000,proj-anon,proj-anon,Compute Engine,Storage PD Capacity,2026-03-01 00:00:00,2026-03-01 01:00:00,9.6E-5,EUR,7.432440905728E12,byte-seconds,goog-composer-environment:REDACTED;goog-composer-environment-uuid:REDACTED;goog-composer-location:europe-west1;goog-composer-version:REDACTED;goog-gke-cluster-id-base32:REDACTED;goog-gke-volume:REDACTED;goog-k8s-cluster-location:REDACTED;goog-k8s-node-pool-name:REDACTED
000000-000000-000000,proj-anon,proj-anon,Networking,Network Intelligence Center Topology and Google Cloud Performance Resource Hours,2026-03-01 00:00:00,2026-03-01 01:00:00,0.005516,EUR,6.0,requests,
000000-000000-000000,proj-anon,proj-anon,Artifact Registry,Artifact Registry Storage,2026-03-01 00:00:00,2026-03-01 01:00:00,0.001023,EUR,3.1784375600873E13,byte-seconds,goog-managed-by:REDACTED
000000-000000-000000,proj-anon,proj-anon,Compute Engine,E2 Instance Ram running in Netherlands,2026-03-01 00:00:00,2026-03-01 01:00:00,0.002586,EUR,3.716220452864E12,byte-seconds,env:qa;goog-terraform-provisioned:true;scope:REDACTED
000000-000000-000000,proj-anon,proj-anon,BigQuery,Long Term Logical Storage,2026-03-01 00:00:00,2026-03-01 01:00:00,7.0E-6,EUR,2.3248764928E12,byte-seconds,
000000-000000-000000,proj-anon,proj-anon,Cloud Composer,Cloud Composer 3 standard milli DCU-hours (europe-west1),2026-03-01 00:00:00,2026-03-01 01:00:00,0.058549,EUR,3820944.0,seconds,goog-composer-cluster-name:REDACTED;goog-composer-image-version:cloud-composer-service-2026-02-09-rc3;goog-composer-location:europe-west1;goog-composer-namespace-name:REDACTED;goog-composer-pod-name:REDACTED;goog-terraform-provisioned:true;resource-type:composer;team:ml
000000-000000-000000,proj-anon,proj-anon,Cloud Logging,Log Storage cost,2026-03-01 00:00:00,2026-03-01 01:00:00,0.022454,EUR,5.7689927E7,bytes,goog-resource-type:REDACTED
000000-000000-000000,proj-anon,proj-anon,Cloud SQL,Storage PD Snapshot,2026-03-01 00:00:00,2026-03-01 01:00:00,1.01E-4,EUR,3.917063211541E12,byte-seconds,bigalloc-enabled:false;cloud_sql_backup_id:REDACTED;cloud_sql_bill_to:REDACTED;dg_storage_retention_plan_id:REDACTED;physical-block-size:4096
000000-000000-000000,proj-anon,proj-anon,Cloud Logging,Log Storage cost,2026-03-01 00:00:00,2026-03-01 01:00:00,1.0E-6,EUR,3153.0,bytes,goog-resource-type:REDACTED
000000-000000-000000,proj-anon,proj-anon,Cloud Logging,Log Storage cost,2026-03-01 00:00:00,2026-03-01 01:00:00,1.0E-6,EUR,1565.0,bytes,goog-resource-type:REDACTED
000000-000000-000000,proj-anon,proj-anon,Compute Engine,Spot Preemptible E2 Instance Ram running in EMEA,2026-03-01 00:00:00,2026-03-01 01:00:00,6.63E-4,EUR,2.388001816576E12,byte-seconds,goog-gke-cluster-id-base32:REDACTED;goog-gke-node:REDACTED;goog-gke-node-pool-provisioning-model:REDACTED;goog-k8s-cluster-location:REDACTED;goog-k8s-node-pool-name:REDACTED
000000-000000-000000,proj-anon,proj-anon,Artifact Registry,Artifact Registry Storage,2026-03-01 00:00:00,2026-03-01 01:00:00,2.41E-4,EUR,7.489847068772E12,byte-seconds,
000000-000000-000000,proj-anon,proj-anon,Cloud Run,Services CPU (Request-based billing),2026-03-01 00:00:00,2026-03-01 01:00:00,3.69E-4,EUR,18.4,seconds,env:qa;scope:REDACTED
000000-000000-000000,proj-anon,proj-anon,Cloud Document AI API,Number of hours a processor version has been deployed.,2026-03-01 00:00:00,2026-03-01 01:00:00,0.003227,EUR,278.0,seconds,
000000-000000-000000,proj-anon,proj-anon,BigQuery,Analysis (europe-west1),2026-03-01 00:00:00,2026-03-01 01:00:00,1.61E-4,EUR,2.8311552E7,bytes,airflow-dag:REDACTED;airflow-task:REDACTED
000000-000000-000000,proj-anon,proj-anon,Cloud SQL,Cloud SQL for PostgreSQL: Zonal - RAM in Netherlands,2026-03-01 00:00:00,2026-03-01 01:00:00,0.051485,EUR,3.09237645312E13,byte-seconds,env:dev;scope:REDACTED
000000-000000-000000,proj-anon,proj-anon,Cloud Logging,Log Storage cost,2026-03-01 00:00:00,2026-03-01 01:00:00,1.0E-6,EUR,3552.0,bytes,goog-resource-type:REDACTED
000000-000000-000000,proj-anon,proj-anon,Compute Engine,Balanced PD Capacity,2026-03-01 00:00:00,2026-03-01 01:00:00,0.035871,EUR,1.1148661358592E15,byte-seconds,goog-gke-cluster-id-base32:REDACTED;goog-gke-node:REDACTED;goog-gke-node-pool-provisioning-model:REDACTED;goog-gke-volume:REDACTED;goog-k8s-cluster-location:REDACTED;goog-k8s-cluster-name:REDACTED;goog-k8s-node-pool-name:REDACTED
000000-000000-000000,proj-anon,proj-anon,Cloud Logging,Log Storage cost,2026-03-01 00:00:00,2026-03-01 01:00:00,8.52E-4,EUR,2189551.0,bytes,goog-resource-type:REDACTED
000000-000000-000000,proj-anon,proj-anon,Compute Engine,Balanced PD Capacity in Milan,2026-03-01 00:00:00,2026-03-01 01:00:00,4.5E-5,EUR,1.194000908288E12,byte-seconds,goog-gke-volume:REDACTED
000000-000000-000000,proj-anon,proj-anon,Compute Engine,External IP Charge on a Standard VM,2026-03-01 00:00:00,2026-03-01 01:00:00,0.008036,EUR,6922.0,seconds,
000000-000000-000000,proj-anon,proj-anon,Cloud Composer,Cloud Composer 3 standard milli DCU-hours (europe-west1),2026-03-01 00:00:00,2026-03-01 01:00:00,0.003803,EUR,248200.0,seconds,goog-composer-cluster-name:REDACTED;goog-composer-image-version:cloud-composer-service-2025-10-28-rc0;goog-composer-location:europe-west1;goog-composer-namespace-name:REDACTED;goog-composer-pod-name:REDACTED;goog-terraform-provisioned:true;resource-type:composer;team:ml
000000-000000-000000,proj-anon,proj-anon,Cloud Logging,Log Storage cost,2026-03-01 00:00:00,2026-03-01 01:00:00,2.68E-4,EUR,688472.0,bytes,goog-resource-type:REDACTED
000000-000000-000000,proj-anon,proj-anon,Kubernetes Engine,Regional Kubernetes Clusters,2026-03-01 00:00:00,2026-03-01 01:00:00,0.003227,EUR,139.0,seconds,goog-gke-cluster-id-base32:REDACTED;goog-k8s-cluster-location:REDACTED;goog-k8s-cluster-name:REDACTED
000000-000000-000000,proj-anon,proj-anon,Cloud SQL,Storage PD Snapshot,2026-03-01 00:00:00,2026-03-01 01:00:00,1.0E-6,EUR,1.0047393035E10,byte-seconds,bigalloc-enabled:false;cloud_sql_backup_id:REDACTED;cloud_sql_bill_to:REDACTED;dg_storage_retention_plan_id:REDACTED;physical-block-size:4096
000000-000000-000000,proj-anon,proj-anon,Cloud Logging,Log Storage cost,2026-03-01 00:00:00,2026-03-01 01:00:00,8.0E-6,EUR,20314.0,bytes,goog-resource-type:REDACTED
000000-000000-000000,proj-anon,proj-anon,Cloud Logging,Log Storage cost,2026-03-01 00:00:00,2026-03-01 01:00:00,5.0E-6,EUR,13638.0,bytes,goog-resource-type:REDACTED
000000-000000-000000,proj-anon,proj-anon,Cloud Monitoring,Metric Volume,2026-03-01 00:00:00,2026-03-01 01:00:00,0.003282,EUR,15960.0,bytes,goog-agent-metric-class:REDACTED;goog-metric-domain:REDACTED
000000-000000-000000,proj-anon,proj-anon,Networking,Networking Telemetry,2026-03-01 00:00:00,2026-03-01 01:00:00,8.96E-4,EUR,4607714.0,bytes,
000000-000000-000000,proj-anon,proj-anon,Cloud Logging,Log Storage cost,2026-03-01 00:00:00,2026-03-01 01:00:00,1.2E-5,EUR,31130.0,bytes,goog-resource-type:REDACTED
000000-000000-000000,proj-anon,proj-anon,Compute Engine,Storage PD Snapshot in European Union,2026-03-01 00:00:00,2026-03-01 01:00:00,6.7E-5,EUR,2.78156859808E12,byte-seconds,
000000-000000-000000,proj-anon,proj-anon,Cloud Composer,Cloud Composer 3 standard milli DCU-hours (europe-west1),2026-03-01 00:00:00,2026-03-01 01:00:00,0.007658,EUR,499800.0,seconds,goog-composer-cluster-name:REDACTED;goog-composer-image-version:cloud-composer-service-2026-02-09-rc3;goog-composer-location:europe-west1;goog-composer-namespace-name:REDACTED;goog-composer-pod-name:REDACTED;goog-terraform-provisioned:true;resource-type:composer;team:ml
000000-000000-000000,proj-anon,proj-anon,Cloud Logging,Log Storage cost,2026-03-01 00:00:00,2026-03-01 01:00:00,4.0E-6,EUR,9423.0,bytes,goog-resource-type:REDACTED
000000-000000-000000,proj-anon,proj-anon,Cloud Logging,Log Storage cost,2026-03-01 00:00:00,2026-03-01 01:00:00,1.8E-5,EUR,47405.0,bytes,goog-resource-type:REDACTED
000000-000000-000000,proj-anon,proj-anon,Compute Engine,E2 Instance Core running in Milan,2026-03-01 00:00:00,2026-03-01 01:00:00,8.16E-4,EUR,139.0,seconds,
000000-000000-000000,proj-anon,proj-anon,Cloud Logging,Log Storage cost,2026-03-01 00:00:00,2026-03-01 01:00:00,1.8E-5,EUR,46279.0,bytes,goog-resource-type:REDACTED
000000-000000-000000,proj-anon,proj-anon,Artifact Registry,Artifact Registry Storage,2026-03-01 00:00:00,2026-03-01 01:00:00,0.002081,EUR,6.4680390146743E13,byte-seconds,
000000-000000-000000,proj-anon,proj-anon,Compute Engine,E2 Instance Ram running in Netherlands,2026-03-01 00:00:00,2026-03-01 01:00:00,0.005171,EUR,7.432440905728E12,byte-seconds,serverless-vpc-access:REDACTED
000000-000000-000000,proj-anon,proj-anon,Compute Engine,Storage PD Snapshot in European Union,2026-03-01 00:00:00,2026-03-01 01:00:00,2.0E-6,EUR,1.00495647774E11,byte-seconds,
000000-000000-000000,proj-anon,proj-anon,Cloud SQL,Cloud SQL: Backups in Netherlands,2026-03-01 00:00:00,2026-03-01 01:00:00,1.0E-6,EUR,1.7350032684E10,byte-seconds,bigalloc-enabled:false;cloud_sql_backup_id:REDACTED;cloud_sql_bill_to:REDACTED;dg_storage_retention_plan_id:REDACTED;env:qa;physical-block-size:4096;scope:REDACTED
000000-000000-000000,proj-anon,proj-anon,Cloud Monitoring,Metric Volume,2026-03-01 00:00:00,2026-03-01 01:00:00,0.001023,EUR,4976.0,bytes,goog-agent-metric-class:REDACTED;goog-metric-domain:REDACTED
000000-000000-000000,proj-anon,proj-anon,Cloud Logging,Log Storage cost,2026-03-01 00:00:00,2026-03-01 01:00:00,0.002145,EUR,5508870.0,bytes,goog-resource-type:REDACTED
000000-000000-000000,proj-anon,proj-anon,Compute Engine,E2 Instance Core running in Netherlands,2026-03-01 00:00:00,2026-03-01 01:00:00,0.004828,EUR,866.0,seconds,env:dev;goog-terraform-provisioned:true;scope:REDACTED
000000-000000-000000,proj-anon,proj-anon,Artifact Registry,Artifact Registry Storage,2026-03-01 00:00:00,2026-03-01 01:00:00,3.0E-6,EUR,1.08441323493E11,byte-seconds,
000000-000000-000000,proj-anon,proj-anon,Cloud Logging,Log Storage cost,2026-03-01 00:00:00,2026-03-01 01:00:00,5.0E-6,EUR,13712.0,bytes,goog-resource-type:REDACTED
000000-000000-000000,proj-anon,proj-anon,Cloud Logging,Log Storage cost,2026-03-01 00:00:00,2026-03-01 01:00:00,1.0E-6,EUR,2025.0,bytes,goog-resource-type:REDACTED
000000-000000-000000,proj-anon,proj-anon,Artifact Registry,Artifact Registry Storage,2026-03-01 00:00:00,2026-03-01 01:00:00,7.0E-5,EUR,2.16067854133E12,byte-seconds,
000000-000000-000000,proj-anon,proj-anon,Cloud Logging,Log Storage cost,2026-03-01 00:00:00,2026-03-01 01:00:00,0.001733,EUR,4452986.0,bytes,goog-resource-type:REDACTED
000000-000000-000000,proj-anon,proj-anon,Cloud Run,Services CPU (Request-based billing),2026-03-01 00:00:00,2026-03-01 01:00:00,0.06523,EUR,3251.999999,seconds,
000000-000000-000000,proj-anon,proj-anon,Cloud SQL,Storage PD Snapshot,2026-03-01 00:00:00,2026-03-01 01:00:00,2.2E-5,EUR,8.89912755556E11,byte-seconds,bigalloc-enabled:false;cloud_sql_backup_id:REDACTED;cloud_sql_bill_to:REDACTED;dg_storage_retention_plan_id:REDACTED;physical-block-size:4096
000000-000000-000000,proj-anon,proj-anon,Secret Manager,Secret version replica storage,2026-03-01 00:00:00,2026-03-01 01:00:00,0.002297,EUR,110752.0,seconds,
000000-000000-000000,proj-anon,proj-anon,Compute Engine,E2 Instance Core running in Milan,2026-03-01 00:00:00,2026-03-01 01:00:00,0.040661,EUR,6922.0,seconds,goog-ops-agent-policy:REDACTED
000000-000000-000000,proj-anon,proj-anon,Networking,Networking Telemetry,2026-03-01 00:00:00,2026-03-01 01:00:00,1.0E-4,EUR,511136.0,bytes,
000000-000000-000000,proj-anon,proj-anon,Cloud Logging,Log Storage cost,2026-03-01 00:00:00,2026-03-01 01:00:00,9.0E-6,EUR,21857.0,bytes,goog-resource-type:REDACTED
000000-000000-000000,proj-anon,proj-anon,Cloud Monitoring,Metric Volume,2026-03-01 00:00:00,2026-03-01 01:00:00,2.05E-4,EUR,992.0,bytes,goog-agent-metric-class:REDACTED;goog-metric-domain:REDACTED
000000-000000-000000,proj-anon,proj-anon,Cloud SQL,Cloud SQL for PostgreSQL: Zonal - vCPU in EMEA,2026-03-01 00:00:00,2026-03-01 01:00:00,0.034518,EUR,3600.0,seconds,
000000-000000-000000,proj-anon,proj-anon,Vertex AI,Vertex AI: Online/Batch Prediction N1 Predefined Instance Ram running in EMEA for AI Platform,2026-03-01 00:00:00,2026-03-01 01:00:00,0.019871,EUR,1.531692711936E13,byte-seconds,resource-type:vertexai-endpoint;team:ml
000000-000000-000000,proj-anon,proj-anon,Artifact Registry,Artifact Registry Storage,2026-03-01 00:00:00,2026-03-01 01:00:00,7.7E-5,EUR,2.398082928932E12,byte-seconds,goog-managed-by:REDACTED
000000-000000-000000,proj-anon,proj-anon,Compute Engine,Network Internet Data Transfer Out from EMEA to Americas,2026-03-01 00:00:00,2026-03-01 01:00:00,9.0E-6,EUR,103469.0,bytes,goog-gke-cluster-id-base32:REDACTED;goog-gke-node:REDACTED;goog-gke-node-pool-provisioning-model:REDACTED;goog-k8s-cluster-location:REDACTED;goog-k8s-cluster-name:REDACTED;goog-k8s-namespace:REDACTED;goog-k8s-node-pool-name:REDACTED;k8s-namespace:REDACTED
000000-000000-000000,proj-anon,proj-anon,Cloud Composer,Cloud Composer Network Inter Zone Data Transfer Out,2026-03-01 00:00:00,2026-03-01 01:00:00,1.0E-6,EUR,119139.0,bytes,goog-composer-cluster-name:REDACTED;goog-composer-image-version:cloud-composer-service-2026-02-09-rc3;goog-composer-location:europe-west1;goog-composer-namespace-name:REDACTED;goog-composer-pod-name:REDACTED;goog-terraform-provisioned:true;resource-type:composer;team:ml
000000-000000-000000,proj-anon,proj-anon,Compute Engine,Network Internet Data Transfer Out from Milan to Middle East,2026-03-01 00:00:00,2026-03-01 01:00:00,1.0E-6,EUR,12511.0,bytes,goog-gke-cluster-id-base32:REDACTED;goog-gke-node:REDACTED;goog-gke-node-pool-provisioning-model:REDACTED;goog-k8s-cluster-location:REDACTED;goog-k8s-cluster-name:REDACTED;goog-k8s-namespace:REDACTED;goog-k8s-node-pool-name:REDACTED;k8s-namespace:REDACTED
000000-000000-000000,proj-anon,proj-anon,Cloud Logging,Log Storage cost,2026-03-01 00:00:00,2026-03-01 01:00:00,9.0E-6,EUR,22091.0,bytes,goog-resource-type:REDACTED
000000-000000-000000,proj-anon,proj-anon,Compute Engine,Balanced PD Capacity,2026-03-01 00:00:00,2026-03-01 01:00:00,9.6E-4,EUR,2.98500227072E13,byte-seconds,
000000-000000-000000,proj-anon,proj-anon,Compute Engine,Storage Image,2026-03-01 00:00:00,2026-03-01 01:00:00,1.0E-5,EUR,5.9198974654E11,byte-seconds,cal-account:REDACTED;cal-activity:backup;cal-calid:REDACTED;cal-instanceid:REDACTED;cal-instancename:instance-anon;cal-last-tagged-at:REDACTED;cal-solinstid:REDACTED;cal-solution:REDACTED;cal-userid:REDACTED;cal-volumesnapshot:REDACTED;name:REDACTED
000000-000000-000000,proj-anon,proj-anon,Cloud Logging,Log Storage cost,2026-03-01 00:00:00,2026-03-01 01:00:00,7.0E-6,EUR,18178.0,bytes,goog-resource-type:REDACTED
000000-000000-000000,proj-anon,proj-anon,Cloud Composer,Cloud Composer 3 standard milli DCU-hours (europe-west1),2026-03-01 00:00:00,2026-03-01 01:00:00,0.004506,EUR,294100.0,seconds,goog-composer-cluster-name:REDACTED;goog-composer-image-version:cloud-composer-service-2026-02-09-rc3;goog-composer-location:europe-west1;goog-composer-namespace-name:REDACTED;goog-composer-pod-name:REDACTED;goog-terraform-provisioned:true;resource-type:composer;team:ml
000000-000000-000000,proj-anon,proj-anon,Networking,Networking Cloud VPN Tunnel Europewest1,2026-03-01 00:00:00,2026-03-01 01:00:00,0.001613,EUR,139.0,seconds,
000000-000000-000000,proj-anon,proj-anon,Networking,Regional Internal Application Load Balancer Proxy Instance Charge for Belgium (europe-west1),2026-03-01 00:00:00,2026-03-01 01:00:00,0.010447,EUR,1800.0,seconds,
000000-000000-000000,proj-anon,proj-anon,Cloud Document AI API,Number of hours a processor version has been deployed.,2026-03-01 00:00:00,2026-03-01 01:00:00,0.008067,EUR,695.0,seconds,
000000-000000-000000,proj-anon,proj-anon,Cloud Monitoring,Metric Volume,2026-03-01 00:00:00,2026-03-01 01:00:00,0.00112,EUR,5440.0,bytes,goog-agent-metric-class:REDACTED;goog-metric-domain:REDACTED
000000-000000-000000,proj-anon,proj-anon,Cloud Logging,Log Storage cost,2026-03-01 00:00:00,2026-03-01 01:00:00,1.8E-5,EUR,46823.0,bytes,goog-resource-type:REDACTED
000000-000000-000000,proj-anon,proj-anon,Cloud Composer,Cloud Composer Network Inter Zone Data Transfer Out,2026-03-01 00:00:00,2026-03-01 01:00:00,1.49E-4,EUR,1.9227966E7,bytes,goog-composer-environment:REDACTED;goog-composer-environment-uuid:REDACTED;goog-composer-location:europe-west1;goog-gke-cluster-id-base32:REDACTED;goog-gke-node:REDACTED;goog-gke-node-pool-provisioning-model:REDACTED;goog-k8s-cluster-location:REDACTED;goog-k8s-cluster-name:REDACTED;goog-k8s-namespace:REDACTED;goog-k8s-node-pool-name:REDACTED;k8s-namespace:REDACTED
000000-000000-000000,proj-anon,proj-anon,Cloud Logging,Log Storage cost,2026-03-01 00:00:00,2026-03-01 01:00:00,2.23E-4,EUR,573597.0,bytes,goog-resource-type:REDACTED
000000-000000-000000,proj-anon,proj-anon,Cloud Run,Services Min Instance CPU (Request-based billing),2026-03-01 00:00:00,2026-03-01 01:00:00,0.014292,EUR,6839.812562,seconds,env:qa;scope:REDACTED
000000-000000-000000,proj-anon,proj-anon,Vertex AI,Vertex AI: Online/Batch Prediction N1 Predefined Instance Ram running in EMEA for AI Platform,2026-03-01 00:00:00,2026-03-01 01:00:00,0.063424,EUR,4.8889095801566E13,byte-seconds,resource-type:vertexai-endpoint;team:ml
000000-000000-000000,proj-anon,proj-anon,Cloud SQL,Storage PD Snapshot,2026-03-01 00:00:00,2026-03-01 01:00:00,8.0E-5,EUR,3.107845504122E12,byte-seconds,bigalloc-enabled:false;cloud_sql_backup_id:REDACTED;cloud_sql_bill_to:REDACTED;dg_storage_retention_plan_id:REDACTED;physical-block-size:4096
000000-000000-000000,proj-anon,proj-anon,Cloud SQL,Cloud SQL for PostgreSQL: Zonal - Low cost storage in Americas,2026-03-01 00:00:00,2026-03-01 01:00:00,0.001119,EUR,3.8654705664E13,byte-seconds,
000000-000000-000000,proj-anon,proj-anon,Cloud Composer,Cloud Composer 3 standard milli DCU-hours (europe-west1),2026-03-01 00:00:00,2026-03-01 01:00:00,0.069156,EUR,4513144.0,seconds,goog-composer-cluster-name:REDACTED;goog-composer-image-version:cloud-composer-service-2025-10-28-rc0;goog-composer-location:europe-west1;goog-composer-namespace-name:REDACTED;goog-composer-pod-name:REDACTED;goog-terraform-provisioned:true;resource-type:composer;team:ml
000000-000000-000000,proj-anon,proj-anon,Compute Engine,Network Internet Data Transfer Out from Milan to EMEA,2026-03-01 00:00:00,2026-03-01 01:00:00,1.4E-5,EUR,151068.0,bytes,
000000-000000-000000,proj-anon,proj-anon,Compute Engine,Storage PD Capacity,2026-03-01 00:00:00,2026-03-01 01:00:00,9.5E-5,EUR,7.432440905728E12,byte-seconds,goog-composer-environment:REDACTED;goog-composer-environment-uuid:REDACTED;goog-composer-location:europe-west1;goog-composer-version:REDACTED;goog-gke-cluster-id-base32:REDACTED;goog-gke-volume:REDACTED;goog-k8s-cluster-location:REDACTED;goog-k8s-node-pool-name:REDACTED
000000-000000-000000,proj-anon,proj-anon,Cloud Monitoring,Metric Volume,2026-03-01 00:00:00,2026-03-01 01:00:00,0.008859,EUR,43081.0,bytes,goog-agent-metric-class:REDACTED;goog-metric-domain:REDACTED
000000-000000-000000,proj-anon,proj-anon,Compute Engine,E2 Instance Core running in EMEA,2026-03-01 00:00:00,2026-03-01 01:00:00,7.74E-4,EUR,139.0,seconds,goog-ops-agent-policy:REDACTED
000000-000000-000000,proj-anon,proj-anon,Artifact Registry,Artifact Registry Storage,2026-03-01 00:00:00,2026-03-01 01:00:00,3.0E-6,EUR,8.6776754846E10,byte-seconds,
000000-000000-000000,proj-anon,proj-anon,Cloud Monitoring,Metric Volume,2026-03-01 00:00:00,2026-03-01 01:00:00,6.52E-4,EUR,3168.0,bytes,goog-agent-metric-class:REDACTED;goog-metric-domain:REDACTED
000000-000000-000000,proj-anon,proj-anon,Compute Engine,Storage PD Capacity,2026-03-01 00:00:00,2026-03-01 01:00:00,6.8E-5,EUR,5.22375397376E12,byte-seconds,
000000-000000-000000,proj-anon,proj-anon,Cloud Logging,Log Storage cost,2026-03-01 00:00:00,2026-03-01 01:00:00,1.5E-5,EUR,39704.0,bytes,goog-resource-type:REDACTED
000000-000000-000000,proj-anon,proj-anon,Compute Engine,Storage Image,2026-03-01 00:00:00,2026-03-01 01:00:00,3.6E-5,EUR,2.220255086444E12,byte-seconds,cal-account:REDACTED;cal-activity:backup;cal-calid:REDACTED;cal-instanceid:REDACTED;cal-instancename:instance-anon;cal-last-tagged-at:REDACTED;cal-solinstid:REDACTED;cal-solution:REDACTED;cal-userid:REDACTED;cal-volumesnapshot:REDACTED;name:REDACTED
000000-000000-000000,proj-anon,proj-anon,Cloud Logging,Log Storage cost,2026-03-01 00:00:00,2026-03-01 01:00:00,8.85E-4,EUR,2275838.0,bytes,goog-resource-type:REDACTED
000000-000000-000000,proj-anon,proj-anon,Cloud Logging,Log Storage cost,2026-03-01 00:00:00,2026-03-01 01:00:00,6.0E-5,EUR,154308.0,bytes,goog-resource-type:REDACTED
000000-000000-000000,proj-anon,proj-anon,Cloud Logging,Log Storage cost,2026-03-01 00:00:00,2026-03-01 01:00:00,4.6E-5,EUR,117229.0,bytes,goog-resource-type:REDACTED
000000-000000-000000,proj-anon,proj-anon,Cloud Logging,Log Storage cost,2026-03-01 00:00:00,2026-03-01 01:00:00,0.015513,EUR,3.9857488E7,bytes,goog-resource-type:REDACTED
000000-000000-000000,proj-anon,proj-anon,Cloud Logging,Log Storage cost,2026-03-01 00:00:00,2026-03-01 01:00:00,6.44E-4,EUR,1654553.0,bytes,goog-resource-type:REDACTED
000000-000000-000000,proj-anon,proj-anon,Compute Engine,Network Internet Data Transfer Out from EMEA to Africa,2026-03-01 00:00:00,2026-03-01 01:00:00,2.0E-6,EUR,24210.0,bytes,goog-ec-src:REDACTED
000000-000000-000000,proj-anon,proj-anon,Cloud SQL,Cloud SQL for MySQL: Zonal - Standard storage in Milan,2026-03-01 00:00:00,2026-03-01 01:00:00,0.002452,EUR,3.8654705664E13,byte-seconds,
000000-000000-000000,proj-anon,proj-anon,Networking,Regional Internal Application Load Balancer Proxy Instance Charge for Belgium (europe-west1),2026-03-01 00:00:00,2026-03-01 01:00:00,0.010447,EUR,1800.0,seconds,
000000-000000-000000,proj-anon,proj-anon,Secret Manager,Secret version replica storage,2026-03-01 00:00:00,2026-03-01 01:00:00,3.45E-4,EUR,16680.0,seconds,goog-terraform-provisioned:true
000000-000000-000000,proj-anon,proj-anon,Compute Engine,Hyperdisk Balanced IOPS in Netherlands,2026-03-01 00:00:00,2026-03-01 01:00:00,1.4E-5,EUR,8340.0,seconds,
000000-000000-000000,proj-anon,proj-anon,Cloud Logging,Log Storage cost,2026-03-01 00:00:00,2026-03-01 01:00:00,6.51E-4,EUR,1672718.0,bytes,goog-resource-type:REDACTED
000000-000000-000000,proj-anon,proj-anon,Cloud Logging,Log Storage cost,2026-03-01 00:00:00,2026-03-01 01:00:00,4.05E-4,EUR,1039810.0,bytes,goog-resource-type:REDACTED
000000-000000-000000,proj-anon,proj-anon,Compute Engine,Storage PD Capacity in Milan,2026-03-01 00:00:00,2026-03-01 01:00:00,2.23E-4,EUR,1.49250113536E13,byte-seconds,goog-gke-cluster-id-base32:REDACTED;goog-gke-volume:REDACTED;goog-k8s-cluster-location:REDACTED;goog-k8s-cluster-name:REDACTED;goog-k8s-node-pool-name:REDACTED
000000-000000-000000,proj-anon,proj-anon,Secret Manager,Secret version replica storage,2026-03-01 00:00:00,2026-03-01 01:00:00,0.00165,EUR,79603.0,seconds,
000000-000000-000000,proj-anon,proj-anon,Compute Engine,N2 Instance Core running in Netherlands,2026-03-01 00:00:00,2026-03-01 01:00:00,0.002246,EUR,278.0,seconds,env:dev;goog-terraform-provisioned:true;scope:REDACTED
000000-000000-000000,proj-anon,proj-anon,Cloud SQL,Storage PD Snapshot,2026-03-01 00:00:00,2026-03-01 01:00:00,2.0E-6,EUR,7.2779285024E10,byte-seconds,bigalloc-enabled:false;cloud_sql_backup_id:REDACTED;cloud_sql_bill_to:REDACTED;dg_storage_retention_plan_id:REDACTED;physical-block-size:4096
000000-000000-000000,proj-anon,proj-anon,Cloud Logging,Log Storage cost,2026-03-01 00:00:00,2026-03-01 01:00:00,2.9E-5,EUR,74338.0,bytes,goog-resource-type:REDACTED
000000-000000-000000,proj-anon,proj-anon,Cloud SQL,Storage PD Snapshot,2026-03-01 00:00:00,2026-03-01 01:00:00,3.0E-6,EUR,9.8537480756E10,byte-seconds,bigalloc-enabled:false;cloud_sql_backup_id:REDACTED;cloud_sql_bill_to:REDACTED;dg_storage_retention_plan_id:REDACTED;physical-block-size:4096
000000-000000-000000,proj-anon,proj-anon,Dataplex,Dataplex Premium Processing (milli DCU-hr) Belgium,2026-03-01 00:00:00,2026-03-01 01:00:00,0.001838,EUR,80900.0,seconds,goog-dataplex-workload-type:REDACTED
000000-000000-000000,proj-anon,proj-anon,Compute Engine,External IP Charge on a Standard VM,2026-03-01 00:00:00,2026-03-01 01:00:00,1.32E-4,EUR,114.0,seconds,container-vm:REDACTED
000000-000000-000000,proj-anon,proj-anon,BigQuery,Active Logical Storage (europe-west1),2026-03-01 00:00:00,2026-03-01 01:00:00,2.9E-4,EUR,4.5167476211712E13,byte-seconds,resource-type:bigquery-dataset;team:ml
000000-000000-000000,proj-anon,proj-anon,Cloud Logging,Log Storage cost,2026-03-01 00:00:00,2026-03-01 01:00:00,1.0E-6,EUR,3831.0,bytes,goog-resource-type:REDACTED
000000-000000-000000,proj-anon,proj-anon,Cloud SQL,Storage PD Snapshot,2026-03-01 00:00:00,2026-03-01 01:00:00,2.0E-6,EUR,9.7243703757E10,byte-seconds,bigalloc-enabled:false;cloud_sql_backup_id:REDACTED;cloud_sql_bill_to:REDACTED;dg_storage_retention_plan_id:REDACTED;physical-block-size:4096
000000-000000-000000,proj-anon,proj-anon,Compute Engine,Balanced PD Capacity,2026-03-01 00:00:00,2026-03-01 01:00:00,3.6E-4,EUR,1.1148661358592E13,byte-seconds,goog-gke-cluster-id-base32:REDACTED;goog-gke-node-pool-provisioning-model:REDACTED;goog-gke-volume:REDACTED;goog-k8s-cluster-location:REDACTED;goog-k8s-node-pool-name:REDACTED
000000-000000-000000,proj-anon,proj-anon,Cloud Composer,Cloud Composer Network Inter Zone Data Transfer Out,2026-03-01 00:00:00,2026-03-01 01:00:00,1.0E-6,EUR,0.0,bytes,goog-composer-cluster-name:REDACTED;goog-composer-image-version:cloud-composer-service-2026-02-09-rc3;goog-composer-location:europe-west1;goog-composer-namespace-name:REDACTED;goog-composer-pod-name:REDACTED;goog-terraform-provisioned:true;resource-type:composer;team:ml
000000-000000-000000,proj-anon,proj-anon,Cloud Run,Requests,2026-03-01 00:00:00,2026-03-01 01:00:00,1.2E-5,EUR,36.0,requests,
000000-000000-000000,proj-anon,proj-anon,Compute Engine,External IP Charge on a Standard VM,2026-03-01 00:00:00,2026-03-01 01:00:00,1.61E-4,EUR,139.0,seconds,env:qa;goog-terraform-provisioned:true;scope:REDACTED
000000-000000-000000,proj-anon,proj-anon,Cloud Logging,Vended Logs Storage,2026-03-01 00:00:00,2026-03-01 01:00:00,8.0E-6,EUR,46269.0,bytes,goog-resource-type:REDACTED
000000-000000-000000,proj-anon,proj-anon,Cloud Composer,Cloud Composer Network Inter Zone Data Transfer Out,2026-03-01 00:00:00,2026-03-01 01:00:00,1.0E-6,EUR,123177.0,bytes,goog-composer-cluster-name:REDACTED;goog-composer-image-version:cloud-composer-service-2025-10-28-rc0;goog-composer-location:europe-west1;goog-composer-namespace-name:REDACTED;goog-composer-pod-name:REDACTED;goog-terraform-provisioned:true;resource-type:composer;team:ml
000000-000000-000000,proj-anon,proj-anon,Workflows,Internal Steps,2026-03-01 00:00:00,2026-03-01 01:00:00,0.060268,EUR,7211.0,requests,
000000-000000-000000,proj-anon,proj-anon,Cloud SQL,Cloud SQL for PostgreSQL: Zonal - Low cost storage in Americas,2026-03-01 00:00:00,2026-03-01 01:00:00,0.005596,EUR,1.9327352832E14,byte-seconds,
000000-000000-000000,proj-anon,proj-anon,Cloud Logging,Log Storage cost,2026-03-01 00:00:00,2026-03-01 01:00:00,1.17E-4,EUR,300309.0,bytes,goog-resource-type:REDACTED
000000-000000-000000,proj-anon,proj-anon,Cloud SQL,Cloud SQL for PostgreSQL: Zonal - RAM in Netherlands,2026-03-01 00:00:00,2026-03-01 01:00:00,0.051485,EUR,3.09237645312E13,byte-seconds,env:qa;scope:REDACTED
000000-000000-000000,proj-anon,proj-anon,Cloud SQL,Storage PD Snapshot,2026-03-01 00:00:00,2026-03-01 01:00:00,5.0E-6,EUR,1.84980555174E11,byte-seconds,bigalloc-enabled:false;cloud_sql_backup_id:REDACTED;cloud_sql_bill_to:REDACTED;dg_storage_retention_plan_id:REDACTED;physical-block-size:4096
000000-000000-000000,proj-anon,proj-anon,Cloud Logging,Log Storage cost,2026-03-01 00:00:00,2026-03-01 01:00:00,1.9E-5,EUR,49741.0,bytes,goog-resource-type:REDACTED
000000-000000-000000,proj-anon,proj-anon,Networking,Regional External Passthrough Network Load Balancer Outbound Data Processing for Milan (europe-west8),2026-03-01 00:00:00,2026-03-01 01:00:00,2.9E-5,EUR,4065542.0,bytes,goog-gke-cluster-id-base32:REDACTED;goog-gke-node:REDACTED;goog-gke-node-pool-provisioning-model:REDACTED;goog-k8s-cluster-location:REDACTED;goog-k8s-cluster-name:REDACTED;goog-k8s-namespace:REDACTED;goog-k8s-node-pool-name:REDACTED;k8s-namespace:REDACTED
000000-000000-000000,proj-anon,proj-anon,Cloud Logging,Log Storage cost,2026-03-01 00:00:00,2026-03-01 01:00:00,1.22E-4,EUR,313527.0,bytes,goog-resource-type:REDACTED
000000-000000-000000,proj-anon,proj-anon,Cloud Logging,Log Storage cost,2026-03-01 00:00:00,2026-03-01 01:00:00,1.2E-5,EUR,30193.0,bytes,goog-resource-type:REDACTED
000000-000000-000000,proj-anon,proj-anon,Cloud Logging,Log Storage cost,2026-03-01 00:00:00,2026-03-01 01:00:00,2.1E-5,EUR,53083.0,bytes,goog-resource-type:REDACTED
000000-000000-000000,proj-anon,proj-anon,Cloud Composer,Cloud Composer Network Inter Zone Data Transfer Out,2026-03-01 00:00:00,2026-03-01 01:00:00,1.0E-6,EUR,135647.0,bytes,goog-composer-cluster-name:REDACTED;goog-composer-image-version:cloud-composer-service-2025-10-28-rc0;goog-composer-location:europe-west1;goog-composer-namespace-name:REDACTED;goog-composer-pod-name:REDACTED;goog-terraform-provisioned:true;resource-type:composer;team:ml
000000-000000-000000,proj-anon,proj-anon,Cloud Logging,Log Storage cost,2026-03-01 00:00:00,2026-03-01 01:00:00,7.2E-5,EUR,185156.0,bytes,goog-resource-type:REDACTED
000000-000000-000000,proj-anon,proj-anon,Cloud Logging,Log Storage cost,2026-03-01 00:00:00,2026-03-01 01:00:00,5.0E-6,EUR,13999.0,bytes,goog-resource-type:REDACTED
000000-000000-000000,proj-anon,proj-anon,Cloud Run,Jobs Memory in europe-west1,2026-03-01 00:00:00,2026-03-01 01:00:00,0.037174,EUR,2.387962328969662E13,byte-seconds,flow:REDACTED;resource-name:REDACTED;resource-type:cloudrun-job;team:ml
000000-000000-000000,proj-anon,proj-anon,Cloud Monitoring,Metric Volume,2026-03-01 00:00:00,2026-03-01 01:00:00,0.004418,EUR,21480.0,bytes,goog-agent-metric-class:REDACTED;goog-metric-domain:REDACTED
000000-000000-000000,proj-anon,proj-anon,Compute Engine,E2 Instance Core running in EMEA,2026-03-01 00:00:00,2026-03-01 01:00:00,0.077117,EUR,13844.0,seconds,goog-ops-agent-policy:REDACTED
000000-000000-000000,proj-anon,proj-anon,Compute Engine,Storage Image,2026-03-01 00:00:00,2026-03-01 01:00:00,3.0E-6,EUR,1.75362141999E11,byte-seconds,cal-account:REDACTED;cal-activity:backup;cal-calid:REDACTED;cal-instanceid:REDACTED;cal-instancename:instance-anon;cal-last-tagged-at:REDACTED;cal-solinstid:REDACTED;cal-solution:REDACTED;cal-userid:REDACTED;cal-volumesnapshot:REDACTED;name:REDACTED
000000-000000-000000,proj-anon,proj-anon,Cloud Logging,Log Storage cost,2026-03-01 00:00:00,2026-03-01 01:00:00,7.34E-4,EUR,1886075.0,bytes,goog-resource-type:REDACTED
000000-000000-000000,proj-anon,proj-anon,Compute Engine,External IP Charge on a Standard VM,2026-03-01 00:00:00,2026-03-01 01:00:00,1.61E-4,EUR,139.0,seconds,env:dev;goog-terraform-provisioned:true;scope:REDACTED
000000-000000-000000,proj-anon,proj-anon,Cloud Run,Services Min Instance Memory (Request-based billing),2026-03-01 00:00:00,2026-03-01 01:00:00,0.195285,EUR,1.003529090657293E14,byte-seconds,
000000-000000-000000,proj-anon,proj-anon,Cloud Logging,Log Storage cost,2026-03-01 00:00:00,2026-03-01 01:00:00,0.038119,EUR,9.7941243E7,bytes,goog-resource-type:REDACTED
000000-000000-000000,proj-anon,proj-anon,Cloud Logging,Log Storage cost,2026-03-01 00:00:00,2026-03-01 01:00:00,6.68E-4,EUR,1717513.0,bytes,goog-resource-type:REDACTED
000000-000000-000000,proj-anon,proj-anon,Cloud Composer,Cloud Composer Network Inter Zone Data Transfer Out,2026-03-01 00:00:00,2026-03-01 01:00:00,3.9E-5,EUR,4991257.0,bytes,goog-composer-cluster-name:REDACTED;goog-composer-image-version:cloud-composer-service-2025-10-28-rc0;goog-composer-location:europe-west1;goog-composer-namespace-name:REDACTED;goog-composer-pod-name:REDACTED;goog-terraform-provisioned:true;resource-type:composer;team:ml
000000-000000-000000,proj-anon,proj-anon,Networking,Regional External Passthrough Network Load Balancer Inbound Data Processing for Belgium (europe-west1),2026-03-01 00:00:00,2026-03-01 01:00:00,7.0E-6,EUR,1273813.0,bytes,goog-gke-cluster-id-base32:REDACTED;goog-gke-node:REDACTED;goog-gke-node-pool-provisioning-model:REDACTED;goog-k8s-cluster-location:REDACTED;goog-k8s-cluster-name:REDACTED;goog-k8s-namespace:REDACTED;goog-k8s-node-pool-name:REDACTED;k8s-namespace:REDACTED
000000-000000-000000,proj-anon,proj-anon,Cloud Logging,Log Storage cost,2026-03-01 00:00:00,2026-03-01 01:00:00,3.84E-4,EUR,986727.0,bytes,goog-resource-type:REDACTED
000000-000000-000000,proj-anon,proj-anon,Cloud Logging,Log Storage cost,2026-03-01 00:00:00,2026-03-01 01:00:00,1.0E-6,EUR,4413.0,bytes,goog-resource-type:REDACTED
000000-000000-000000,proj-anon,proj-anon,Networking,Networking Private Service Connect Partner Select End Point,2026-03-01 00:00:00,2026-03-01 01:00:00,3.22E-4,EUR,139.0,seconds,
000000-000000-000000,proj-anon,proj-anon,Cloud Logging,Log Storage cost,2026-03-01 00:00:00,2026-03-01 01:00:00,1.1E-5,EUR,29267.0,bytes,goog-resource-type:REDACTED
000000-000000-000000,proj-anon,proj-anon,Compute Engine,E2 Instance Ram running in Netherlands,2026-03-01 00:00:00,2026-03-01 01:00:00,2.07E-4,EUR,2.98500227072E11,byte-seconds,serverless-vpc-access:REDACTED
000000-000000-000000,proj-anon,proj-anon,Compute Engine,E2 Instance Core running in Milan,2026-03-01 00:00:00,2026-03-01 01:00:00,0.013064,EUR,2224.0,seconds,goog-gke-cluster-id-base32:REDACTED;goog-gke-node:REDACTED;goog-gke-node-pool-provisioning-model:REDACTED;goog-k8s-cluster-location:REDACTED;goog-k8s-node-pool-name:REDACTED
000000-000000-000000,proj-anon,proj-anon,Cloud Run,Services Min Instance Memory (Request-based billing),2026-03-01 00:00:00,2026-03-01 01:00:00,0.107898,EUR,5.544693026990839E13,byte-seconds,
000000-000000-000000,proj-anon,proj-anon,Cloud Composer,Cloud Composer Network Inter Zone Data Transfer Out,2026-03-01 00:00:00,2026-03-01 01:00:00,1.0E-6,EUR,170800.0,bytes,goog-composer-cluster-name:REDACTED;goog-composer-image-version:cloud-composer-service-2026-02-09-rc3;goog-composer-location:europe-west1;goog-composer-namespace-name:REDACTED;goog-composer-pod-name:REDACTED;goog-terraform-provisioned:true;resource-type:composer;team:ml
000000-000000-000000,proj-anon,proj-anon,Cloud Composer,Cloud Composer Network Inter Zone Data Transfer Out,2026-03-01 00:00:00,2026-03-01 01:00:00,1.0E-6,EUR,125683.0,bytes,goog-composer-cluster-name:REDACTED;goog-composer-image-version:cloud-composer-service-2025-10-28-rc0;goog-composer-location:europe-west1;goog-composer-namespace-name:REDACTED;goog-composer-pod-name:REDACTED;goog-terraform-provisioned:true;resource-type:composer;team:ml
000000-000000-000000,proj-anon,proj-anon,Cloud Logging,Log Storage cost,2026-03-01 00:00:00,2026-03-01 01:00:00,2.0E-6,EUR,3986.0,bytes,goog-resource-type:REDACTED
000000-000000-000000,proj-anon,proj-anon,Compute Engine,Balanced PD Capacity,2026-03-01 00:00:00,2026-03-01 01:00:00,5.0E-6,EUR,1.49250113536E11,byte-seconds,goog-gke-cluster-id-base32:REDACTED;goog-gke-node-pool-provisioning-model:REDACTED;goog-gke-volume:REDACTED;goog-k8s-cluster-location:REDACTED;goog-k8s-node-pool-name:REDACTED
000000-000000-000000,proj-anon,proj-anon,Cloud SQL,Storage PD Snapshot,2026-03-01 00:00:00,2026-03-01 01:00:00,1.0E-6,EUR,9.639707046E9,byte-seconds,bigalloc-enabled:false;cloud_sql_backup_id:REDACTED;cloud_sql_bill_to:REDACTED;dg_storage_retention_plan_id:REDACTED;physical-block-size:4096
000000-000000-000000,proj-anon,proj-anon,Cloud Logging,Log Storage cost,2026-03-01 00:00:00,2026-03-01 01:00:00,7.5E-5,EUR,192413.0,bytes,goog-resource-type:REDACTED
000000-000000-000000,proj-anon,proj-anon,Cloud Logging,Log Storage cost,2026-03-01 00:00:00,2026-03-01 01:00:00,1.2E-5,EUR,33136.0,bytes,goog-resource-type:REDACTED
000000-000000-000000,proj-anon,proj-anon,Cloud Monitoring,Prometheus Samples Ingested,2026-03-01 00:00:00,2026-03-01 01:00:00,0.012049,EUR,240276.0,requests,goog-metric-domain:REDACTED
000000-000000-000000,proj-anon,proj-anon,Compute Engine,SSD backed PD Capacity in Milan,2026-03-01 00:00:00,2026-03-01 01:00:00,9.09E-4,EUR,1.4328010899456E13,byte-seconds,goog-gke-volume:REDACTED
000000-000000-000000,proj-anon,proj-anon,Cloud Run,Jobs Memory in europe-west1,2026-03-01 00:00:00,2026-03-01 01:00:00,0.012838,EUR,8.246337208319999E12,byte-seconds,resource-name:REDACTED;resource-type:cloudrun-job;team:ml
000000-000000-000000,proj-anon,proj-anon,Compute Engine,Storage Image,2026-03-01 00:00:00,2026-03-01 01:00:00,2.37E-4,EUR,1.474011879744E13,byte-seconds,cal-account:REDACTED;cal-activity:backup;cal-calid:REDACTED;cal-instanceid:REDACTED;cal-instancename:instance-anon;cal-last-tagged-at:REDACTED;cal-solinstid:REDACTED;cal-solution:REDACTED;cal-userid:REDACTED;cal-volumesnapshot:REDACTED;name:REDACTED
000000-000000-000000,proj-anon,proj-anon,Cloud Composer,Cloud Composer 3 standard milli DCU-hours (europe-west1),2026-03-01 00:00:00,2026-03-01 01:00:00,0.003803,EUR,248200.0,seconds,goog-composer-cluster-name:REDACTED;goog-composer-image-version:cloud-composer-service-2025-10-28-rc0;goog-composer-location:europe-west1;goog-composer-namespace-name:REDACTED;goog-composer-pod-name:REDACTED;goog-terraform-provisioned:true;resource-type:composer;team:ml
000000-000000-000000,proj-anon,proj-anon,Cloud Logging,Log Storage cost,2026-03-01 00:00:00,2026-03-01 01:00:00,1.0E-6,EUR,2023.0,bytes,goog-resource-type:REDACTED
000000-000000-000000,proj-anon,proj-anon,Cloud Run,Requests,2026-03-01 00:00:00,2026-03-01 01:00:00,5.0E-6,EUR,15.0,requests,env:shared;scope:REDACTED
000000-000000-000000,proj-anon,proj-anon,Cloud Logging,Vended Logs Storage,2026-03-01 00:00:00,2026-03-01 01:00:00,4.89E-4,EUR,2513447.0,bytes,goog-resource-type:REDACTED
000000-000000-000000,proj-anon,proj-anon,Cloud Logging,Log Storage cost,2026-03-01 00:00:00,2026-03-01 01:00:00,1.2E-5,EUR,30349.0,bytes,goog-resource-type:REDACTED
000000-000000-000000,proj-anon,proj-anon,Cloud Composer,Cloud Composer Network Inter Zone Data Transfer Out,2026-03-01 00:00:00,2026-03-01 01:00:00,2.92E-4,EUR,3.7549998E7,bytes,goog-composer-cluster-name:REDACTED;goog-composer-image-version:cloud-composer-service-2025-10-28-rc0;goog-composer-location:europe-west1;goog-composer-namespace-name:REDACTED;goog-composer-pod-name:REDACTED;goog-terraform-provisioned:true;resource-type:composer;team:ml
000000-000000-000000,proj-anon,proj-anon,Compute Engine,Storage PD Capacity in Netherlands,2026-03-01 00:00:00,2026-03-01 01:00:00,6.3E-5,EUR,4.47750340608E12,byte-seconds,
000000-000000-000000,proj-anon,proj-anon,Compute Engine,Storage PD Capacity in Milan,2026-03-01 00:00:00,2026-03-01 01:00:00,4.4E-5,EUR,2.98500227072E12,byte-seconds,goog-gke-cluster-id-base32:REDACTED;goog-gke-volume:REDACTED;goog-k8s-cluster-location:REDACTED;goog-k8s-node-pool-name:REDACTED
000000-000000-000000,proj-anon,proj-anon,Cloud Run,Services CPU (Request-based billing),2026-03-01 00:00:00,2026-03-01 01:00:00,0.037631,EUR,1876.0,seconds,
000000-000000-000000,proj-anon,proj-anon,Compute Engine,Storage PD Capacity in Netherlands,2026-03-01 00:00:00,2026-03-01 01:00:00,0.00263,EUR,1.858110226432E14,byte-seconds,
000000-000000-000000,proj-anon,proj-anon,Cloud Logging,Log Storage cost,2026-03-01 00:00:00,2026-03-01 01:00:00,0.00203,EUR,5216079.0,bytes,goog-resource-type:REDACTED
000000-000000-000000,proj-anon,proj-anon,Cloud SQL,Cloud SQL: Backups in Milan,2026-03-01 00:00:00,2026-03-01 01:00:00,1.0E-6,EUR,1.2361039214E10,byte-seconds,bigalloc-enabled:false;cloud_sql_backup_id:REDACTED;cloud_sql_bill_to:REDACTED;dg_storage_retention_plan_id:REDACTED;physical-block-size:4096
000000-000000-000000,proj-anon,proj-anon,Cloud Run,Jobs CPU in us-central1,2026-03-01 00:00:00,2026-03-01 01:00:00,0.025273,EUR,1679.999999,seconds,
000000-000000-000000,proj-anon,proj-anon,Compute Engine,Storage Machine Image in European Union,2026-03-01 00:00:00,2026-03-01 01:00:00,2.58E-4,EUR,1.6071859394438E13,byte-seconds,
000000-000000-000000,proj-anon,proj-anon,Compute Engine,External IP Charge on a Standard VM,2026-03-01 00:00:00,2026-03-01 01:00:00,6.46E-4,EUR,556.0,seconds,goog-gke-cluster-id-base32:REDACTED;goog-gke-node:REDACTED;goog-gke-node-pool-provisioning-model:REDACTED;goog-k8s-cluster-location:REDACTED;goog-k8s-cluster-name:REDACTED;goog-k8s-namespace:REDACTED;goog-k8s-node-pool-name:REDACTED;k8s-namespace:REDACTED
000000-000000-000000,proj-anon,proj-anon,Cloud Logging,Log Storage cost,2026-03-01 00:00:00,2026-03-01 01:00:00,3.0E-6,EUR,7965.0,bytes,goog-resource-type:REDACTED
000000-000000-000000,proj-anon,proj-anon,Cloud Key Management Service (KMS),Active software symmetric key versions,2026-03-01 00:00:00,2026-03-01 01:00:00,0.001147,EUR,55376.0,seconds,
000000-000000-000000,proj-anon,proj-anon,Cloud Logging,Log Storage cost,2026-03-01 00:00:00,2026-03-01 01:00:00,4.51E-4,EUR,1160464.0,bytes,goog-resource-type:REDACTED
000000-000000-000000,proj-anon,proj-anon,Cloud Logging,Log Storage cost,2026-03-01 00:00:00,2026-03-01 01:00:00,9.0E-6,EUR,24056.0,bytes,goog-resource-type:REDACTED
000000-000000-000000,proj-anon,proj-anon,Vertex AI,Vertex AI: Online/Batch Prediction N1 Predefined Instance Core running in Americas for AI Platform,2026-03-01 00:00:00,2026-03-01 01:00:00,0.011124,EUR,1331.0,seconds,
000000-000000-000000,proj-anon,proj-anon,Cloud Composer,Cloud Composer 3 standard milli DCU-hours (europe-west1),2026-03-01 00:00:00,2026-03-01 01:00:00,0.002352,EUR,153456.0,seconds,goog-composer-cluster-name:REDACTED;goog-composer-image-version:cloud-composer-service-2026-02-09-rc3;goog-composer-location:europe-west1;goog-composer-namespace-name:REDACTED;goog-composer-pod-name:REDACTED;goog-terraform-provisioned:true;resource-type:composer;team:ml
000000-000000-000000,proj-anon,proj-anon,Compute Engine,Storage PD Snapshot in US,2026-03-01 00:00:00,2026-03-01 01:00:00,3.0E-6,EUR,1.59524717885E11,byte-seconds,
000000-000000-000000,proj-anon,proj-anon,Networking,Networking Telemetry,2026-03-01 00:00:00,2026-03-01 01:00:00,0.005432,EUR,2.79133E7,bytes,
000000-000000-000000,proj-anon,proj-anon,Cloud Composer,Cloud Composer 3 standard milli DCU-hours (europe-west1),2026-03-01 00:00:00,2026-03-01 01:00:00,0.003751,EUR,244800.0,seconds,goog-composer-cluster-name:REDACTED;goog-composer-image-version:cloud-composer-service-2025-10-28-rc0;goog-composer-location:europe-west1;goog-composer-namespace-name:REDACTED;goog-composer-pod-name:REDACTED;goog-terraform-provisioned:true;resource-type:composer;team:ml
000000-000000-000000,proj-anon,proj-anon,Cloud Run,Jobs CPU in europe-west1,2026-03-01 00:00:00,2026-03-01 01:00:00,0.444817,EUR,29567.106611,seconds,
000000-000000-000000,proj-anon,proj-anon,Networking,Network Intelligence Center Network Analyzer Resource Hours,2026-03-01 00:00:00,2026-03-01 01:00:00,0.003677,EUR,4.0,requests,
000000-000000-000000,proj-anon,proj-anon,Cloud Logging,Log Storage cost,2026-03-01 00:00:00,2026-03-01 01:00:00,6.05E-4,EUR,1555741.0,bytes,goog-resource-type:REDACTED
000000-000000-000000,proj-anon,proj-anon,Networking,Networking Private Service Connect Partner Select End Point,2026-03-01 00:00:00,2026-03-01 01:00:00,0.008035,EUR,3461.0,seconds,
000000-000000-000000,proj-anon,proj-anon,Cloud Logging,Log Storage cost,2026-03-01 00:00:00,2026-03-01 01:00:00,0.007533,EUR,1.9355674E7,bytes,goog-resource-type:REDACTED
000000-000000-000000,proj-anon,proj-anon,Cloud SQL,Cloud SQL for PostgreSQL: Zonal - IP address reservation in EMEA,2026-03-01 00:00:00,2026-03-01 01:00:00,0.008357,EUR,3600.0,seconds,
000000-000000-000000,proj-anon,proj-anon,Cloud Logging,Log Storage cost,2026-03-01 00:00:00,2026-03-01 01:00:00,4.0E-6,EUR,10585.0,bytes,goog-resource-type:REDACTED
000000-000000-000000,proj-anon,proj-anon,Compute Engine,Storage PD Snapshot in European Union,2026-03-01 00:00:00,2026-03-01 01:00:00,2.0E-6,EUR,1.11712809916E11,byte-seconds,
000000-000000-000000,proj-anon,proj-anon,Cloud Composer,Cloud Composer 3 database storage (europe-west1),2026-03-01 00:00:00,2026-03-01 01:00:00,7.75E-4,EUR,1.2884901888E13,byte-seconds,goog-terraform-provisioned:true;resource-type:composer;team:ml
000000-000000-000000,proj-anon,proj-anon,Compute Engine,Network Inter Region Data Transfer Out from EMEA to Americas,2026-03-01 00:00:00,2026-03-01 01:00:00,1.0E-6,EUR,13303.0,bytes,goog-gke-cluster-id-base32:REDACTED;goog-gke-node:REDACTED;goog-gke-node-pool-provisioning-model:REDACTED;goog-k8s-cluster-location:REDACTED;goog-k8s-cluster-name:REDACTED;goog-k8s-namespace:REDACTED;goog-k8s-node-pool-name:REDACTED;k8s-namespace:REDACTED
000000-000000-000000,proj-anon,proj-anon,Cloud Monitoring,Metric Volume,2026-03-01 00:00:00,2026-03-01 01:00:00,0.004988,EUR,24256.0,bytes,goog-agent-metric-class:REDACTED;goog-metric-domain:REDACTED
000000-000000-000000,proj-anon,proj-anon,Cloud Logging,Log Storage cost,2026-03-01 00:00:00,2026-03-01 01:00:00,6.0E-6,EUR,14934.0,bytes,goog-resource-type:REDACTED
000000-000000-000000,proj-anon,proj-anon,Compute Engine,Spot Preemptible E2 Instance Ram running in EMEA,2026-03-01 00:00:00,2026-03-01 01:00:00,3.31E-4,EUR,1.194000908288E12,byte-seconds,goog-gke-cluster-id-base32:REDACTED;goog-gke-node:REDACTED;goog-gke-node-pool-provisioning-model:REDACTED;goog-k8s-cluster-location:REDACTED;goog-k8s-node-pool-name:REDACTED
000000-000000-000000,proj-anon,proj-anon,Cloud Logging,Log Storage cost,2026-03-01 00:00:00,2026-03-01 01:00:00,7.0E-6,EUR,18755.0,bytes,goog-resource-type:REDACTED
000000-000000-000000,proj-anon,proj-anon,Cloud Logging,Log Storage cost,2026-03-01 00:00:00,2026-03-01 01:00:00,6.0E-6,EUR,14245.0,bytes,goog-resource-type:REDACTED
000000-000000-000000,proj-anon,proj-anon,Cloud Composer,Cloud Composer Network Inter Zone Data Transfer Out,2026-03-01 00:00:00,2026-03-01 01:00:00,1.0E-6,EUR,122339.0,bytes,goog-composer-cluster-name:REDACTED;goog-composer-image-version:cloud-composer-service-2025-10-28-rc0;goog-composer-location:europe-west1;goog-composer-namespace-name:REDACTED;goog-composer-pod-name:REDACTED;goog-terraform-provisioned:true;resource-type:composer;team:ml
000000-000000-000000,proj-anon,proj-anon,Cloud Logging,Log Storage cost,2026-03-01 00:00:00,2026-03-01 01:00:00,0.049309,EUR,1.26691992E8,bytes,goog-resource-type:REDACTED
000000-000000-000000,proj-anon,proj-anon,Cloud Document AI API,Number of hours a processor version has been deployed.,2026-03-01 00:00:00,2026-03-01 01:00:00,0.001613,EUR,139.0,seconds,
000000-000000-000000,proj-anon,proj-anon,Vertex AI,Vertex AI: Online/Batch Prediction N1 Predefined Instance Core running in Americas for AI Platform,2026-03-01 00:00:00,2026-03-01 01:00:00,0.022992,EUR,2751.0,seconds,
000000-000000-000000,proj-anon,proj-anon,Cloud Logging,Log Storage cost,2026-03-01 00:00:00,2026-03-01 01:00:00,0.001249,EUR,3209951.0,bytes,goog-resource-type:REDACTED
000000-000000-000000,proj-anon,proj-anon,Compute Engine,N2 Instance Ram running in Netherlands,2026-03-01 00:00:00,2026-03-01 01:00:00,0.001204,EUR,1.194000908288E12,byte-seconds,env:dev;goog-terraform-provisioned:true;scope:REDACTED
000000-000000-000000,proj-anon,proj-anon,Cloud Logging,Log Storage cost,2026-03-01 00:00:00,2026-03-01 01:00:00,4.0E-6,EUR,11192.0,bytes,goog-resource-type:REDACTED
000000-000000-000000,proj-anon,proj-anon,Cloud Monitoring,Metric Volume,2026-03-01 00:00:00,2026-03-01 01:00:00,0.0034,EUR,16532.0,bytes,goog-agent-metric-class:REDACTED;goog-metric-domain:REDACTED
000000-000000-000000,proj-anon,proj-anon,Compute Engine,Balanced PD Capacity,2026-03-01 00:00:00,2026-03-01 01:00:00,0.001195,EUR,3.716220452864E13,byte-seconds,goog-gke-cluster-id-base32:REDACTED;goog-gke-node-pool-provisioning-model:REDACTED;goog-gke-volume:REDACTED;goog-k8s-cluster-location:REDACTED;goog-k8s-node-pool-name:REDACTED
000000-000000-000000,proj-anon,proj-anon,Cloud Logging,Log Storage cost,2026-03-01 00:00:00,2026-03-01 01:00:00,2.8E-5,EUR,73076.0,bytes,goog-resource-type:REDACTED
000000-000000-000000,proj-anon,proj-anon,Cloud Run,Jobs Memory in us-central1,2026-03-01 00:00:00,2026-03-01 01:00:00,6.01E-4,EUR,3.8654705664E11,byte-seconds,
000000-000000-000000,proj-anon,proj-anon,Compute Engine,E2 Instance Ram running in Netherlands,2026-03-01 00:00:00,2026-03-01 01:00:00,1.04E-4,EUR,1.49250113536E11,byte-seconds,env:dev;goog-terraform-provisioned:true;scope:REDACTED
000000-000000-000000,proj-anon,proj-anon,Vertex AI,Vertex AI: Online/Batch Prediction N1 Predefined Instance Ram running in Americas for AI Platform,2026-03-01 00:00:00,2026-03-01 01:00:00,0.016141,EUR,1.493038006272E13,byte-seconds,
000000-000000-000000,proj-anon,proj-anon,Compute Engine,Storage Image,2026-03-01 00:00:00,2026-03-01 01:00:00,1.4E-4,EUR,8.808556696845E12,byte-seconds,cal-account:REDACTED;cal-activity:backup;cal-calid:REDACTED;cal-instanceid:REDACTED;cal-instancename:instance-anon;cal-last-tagged-at:REDACTED;cal-solinstid:REDACTED;cal-solution:REDACTED;cal-userid:REDACTED;cal-volumesnapshot:REDACTED;name:REDACTED
000000-000000-000000,proj-anon,proj-anon,Cloud Monitoring,Metric Volume,2026-03-01 00:00:00,2026-03-01 01:00:00,8.55E-4,EUR,4160.0,bytes,goog-agent-metric-class:REDACTED;goog-metric-domain:REDACTED
000000-000000-000000,proj-anon,proj-anon,Cloud Logging,Log Storage cost,2026-03-01 00:00:00,2026-03-01 01:00:00,1.2E-5,EUR,29559.0,bytes,goog-resource-type:REDACTED
000000-000000-000000,proj-anon,proj-anon,Compute Engine,Balanced PD Capacity,2026-03-01 00:00:00,2026-03-01 01:00:00,0.035871,EUR,1.1148661358592E15,byte-seconds,
000000-000000-000000,proj-anon,proj-anon,Compute Engine,External IP Charge on a Standard VM,2026-03-01 00:00:00,2026-03-01 01:00:00,0.004018,EUR,3461.0,seconds,goog-ops-agent-policy:REDACTED
000000-000000-000000,proj-anon,proj-anon,BigQuery,Analysis (europe-west1),2026-03-01 00:00:00,2026-03-01 01:00:00,0.020199,EUR,3.543138304E9,bytes,data_source_id:REDACTED;dts_config_id:REDACTED;dts_run_id:REDACTED
000000-000000-000000,proj-anon,proj-anon,Cloud Logging,Log Storage cost,2026-03-01 00:00:00,2026-03-01 01:00:00,5.0E-6,EUR,13212.0,bytes,goog-resource-type:REDACTED
000000-000000-000000,proj-anon,proj-anon,Cloud Logging,Log Storage cost,2026-03-01 00:00:00,2026-03-01 01:00:00,1.0E-6,EUR,3359.0,bytes,goog-resource-type:REDACTED
000000-000000-000000,proj-anon,proj-anon,Cloud Logging,Log Storage cost,2026-03-01 00:00:00,2026-03-01 01:00:00,1.0E-6,EUR,1914.0,bytes,goog-resource-type:REDACTED
000000-000000-000000,proj-anon,proj-anon,Cloud SQL,Cloud SQL: Backups in Milan,2026-03-01 00:00:00,2026-03-01 01:00:00,1.0E-5,EUR,3.46468094813E11,byte-seconds,bigalloc-enabled:false;cloud_sql_backup_id:REDACTED;cloud_sql_bill_to:REDACTED;dg_storage_retention_plan_id:REDACTED;physical-block-size:4096
000000-000000-000000,proj-anon,proj-anon,Compute Engine,Network Internet Data Transfer Out from EMEA to Australia,2026-03-01 00:00:00,2026-03-01 01:00:00,2.7E-5,EUR,184454.0,bytes,container-vm:REDACTED
000000-000000-000000,proj-anon,proj-anon,Cloud Run,Services Min Instance Memory (Request-based billing),2026-03-01 00:00:00,2026-03-01 01:00:00,0.031034,EUR,1.5948451055104645E13,byte-seconds,
000000-000000-000000,proj-anon,proj-anon,Networking,Cloud Load Balancer Forwarding Rule Minimum Global,2026-03-01 00:00:00,2026-03-01 01:00:00,0.020088,EUR,3461.0,seconds,
000000-000000-000000,proj-anon,proj-anon,Compute Engine,E2 Instance Ram running in EMEA,2026-03-01 00:00:00,2026-03-01 01:00:00,0.020673,EUR,2.9729763622912E13,byte-seconds,goog-ec-src:REDACTED
000000-000000-000000,proj-anon,proj-anon,Kubernetes Engine,Regional Kubernetes Clusters,2026-03-01 00:00:00,2026-03-01 01:00:00,0.003227,EUR,139.0,seconds,goog-gke-cluster-id-base32:REDACTED;goog-k8s-cluster-location:REDACTED;goog-k8s-cluster-name:REDACTED
000000-000000-000000,proj-anon,proj-anon,Secret Manager,Secret version replica storage,2026-03-01 00:00:00,2026-03-01 01:00:00,1.72E-4,EUR,8340.0,seconds,
000000-000000-000000,proj-anon,proj-anon,Cloud SQL,Cloud SQL: Backups in Milan,2026-03-01 00:00:00,2026-03-01 01:00:00,7.0E-6,EUR,2.59304193202E11,byte-seconds,bigalloc-enabled:false;cloud_sql_backup_id:REDACTED;cloud_sql_bill_to:REDACTED;dg_storage_retention_plan_id:REDACTED;physical-block-size:4096
000000-000000-000000,proj-anon,proj-anon,Compute Engine,Balanced PD Capacity in Milan,2026-03-01 00:00:00,2026-03-01 01:00:00,4.4E-5,EUR,1.194000908288E12,byte-seconds,goog-gke-cluster-id-base32:REDACTED;goog-gke-node-pool-provisioning-model:REDACTED;goog-gke-volume:REDACTED;goog-k8s-cluster-location:REDACTED;goog-k8s-node-pool-name:REDACTED
000000-000000-000000,proj-anon,proj-anon,Cloud Run,Services Min Instance CPU (Request-based billing),2026-03-01 00:00:00,2026-03-01 01:00:00,0.014291,EUR,6840.010995,seconds,resource-name:REDACTED;resource-type:cloudrun-service;team:ml
000000-000000-000000,proj-anon,proj-anon,Compute Engine,Storage Image,2026-03-01 00:00:00,2026-03-01 01:00:00,3.0E-6,EUR,1.75560771913E11,byte-seconds,cal-account:REDACTED;cal-activity:backup;cal-calid:REDACTED;cal-instanceid:REDACTED;cal-instancename:instance-anon;cal-last-tagged-at:REDACTED;cal-solinstid:REDACTED;cal-solution:REDACTED;cal-userid:REDACTED;cal-volumesnapshot:REDACTED;name:REDACTED
000000-000000-000000,proj-anon,proj-anon,Cloud Logging,Log Storage cost,2026-03-01 00:00:00,2026-03-01 01:00:00,2.0E-5,EUR,51818.0,bytes,goog-resource-type:REDACTED
000000-000000-000000,proj-anon,proj-anon,Cloud Logging,Log Storage cost,2026-03-01 00:00:00,2026-03-01 01:00:00,1.0E-6,EUR,2251.0,bytes,goog-resource-type:REDACTED
000000-000000-000000,proj-anon,proj-anon,Compute Engine,Storage PD Capacity in Milan,2026-03-01 00:00:00,2026-03-01 01:00:00,0.004438,EUR,2.9729763622912E14,byte-seconds,
000000-000000-000000,proj-anon,proj-anon,Notebooks,Workbench Instances Storage for GCE usage - Standard Persistent Disk in europe-west1,2026-03-01 00:00:00,2026-03-01 01:00:00,5.75E-4,EUR,3.7312528384E13,byte-seconds,consumer-project-id:REDACTED;consumer-project-number:REDACTED;goog-caip-notebook:REDACTED;notebooks-product:REDACTED;resource-name:REDACTED
000000-000000-000000,proj-anon,proj-anon,Secret Manager,Secret access operations,2026-03-01 00:00:00,2026-03-01 01:00:00,5.66E-4,EUR,226.0,requests,
000000-000000-000000,proj-anon,proj-anon,Cloud Logging,Log Storage cost,2026-03-01 00:00:00,2026-03-01 01:00:00,7.7E-5,EUR,197045.0,bytes,goog-resource-type:REDACTED
000000-000000-000000,proj-anon,proj-anon,Cloud Logging,Log Storage cost,2026-03-01 00:00:00,2026-03-01 01:00:00,8.0E-6,EUR,20270.0,bytes,goog-resource-type:REDACTED
000000-000000-000000,proj-anon,proj-anon,Cloud Logging,Log Storage cost,2026-03-01 00:00:00,2026-03-01 01:00:00,2.33E-4,EUR,596110.0,bytes,goog-resource-type:REDACTED
000000-000000-000000,proj-anon,proj-anon,Cloud SQL,Storage PD Snapshot,2026-03-01 00:00:00,2026-03-01 01:00:00,2.0E-6,EUR,7.3747575263E10,byte-seconds,bigalloc-enabled:false;cloud_sql_backup_id:REDACTED;cloud_sql_bill_to:REDACTED;dg_storage_retention_plan_id:REDACTED;physical-block-size:4096
000000-000000-000000,proj-anon,proj-anon,Cloud Monitoring,Metric Volume,2026-03-01 00:00:00,2026-03-01 01:00:00,0.011062,EUR,53792.0,bytes,goog-agent-metric-class:REDACTED;goog-metric-domain:REDACTED
000000-000000-000000,proj-anon,proj-anon,Vertex AI,Vertex AI: Training/Pipelines on SSD backed PD Capacity,2026-03-01 00:00:00,2026-03-01 01:00:00,0.006234,EUR,9.91063703552E13,byte-seconds,vertex-ai-pipelines-run-billing-id:REDACTED;vertex_pipelines:REDACTED
000000-000000-000000,proj-anon,proj-anon,Cloud Composer,Cloud Composer 3 standard milli DCU-hours (europe-west1),2026-03-01 00:00:00,2026-03-01 01:00:00,0.004559,EUR,297500.0,seconds,goog-composer-cluster-name:REDACTED;goog-composer-image-version:cloud-composer-service-2026-02-09-rc3;goog-composer-location:europe-west1;goog-composer-namespace-name:REDACTED;goog-composer-pod-name:REDACTED;goog-terraform-provisioned:true;resource-type:composer;team:ml
000000-000000-000000,proj-anon,proj-anon,Compute Engine,External IP Charge on a Standard VM,2026-03-01 00:00:00,2026-03-01 01:00:00,3.23E-4,EUR,278.0,seconds,
000000-000000-000000,proj-anon,proj-anon,Compute Engine,SSD backed PD Capacity,2026-03-01 00:00:00,2026-03-01 01:00:00,0.206526,EUR,3.775679980109824E15,byte-seconds,cal-account:REDACTED;cal-calid:REDACTED;cal-solinstid:REDACTED;cal-solution:REDACTED;cal-tenantid:REDACTED;cal-tenantname:REDACTED;cal-userid:REDACTED;name:REDACTED
000000-000000-000000,proj-anon,proj-anon,Cloud Logging,Log Storage cost,2026-03-01 00:00:00,2026-03-01 01:00:00,6.0E-5,EUR,153741.0,bytes,goog-resource-type:REDACTED
000000-000000-000000,proj-anon,proj-anon,Cloud Composer,Cloud Composer Network Inter Zone Data Transfer Out,2026-03-01 00:00:00,2026-03-01 01:00:00,5.0E-6,EUR,671158.0,bytes,goog-composer-cluster-name:REDACTED;goog-composer-image-version:cloud-composer-service-2025-10-28-rc0;goog-composer-location:europe-west1;goog-composer-namespace-name:REDACTED;goog-composer-pod-name:REDACTED;goog-terraform-provisioned:true;resource-type:composer;team:ml
000000-000000-000000,proj-anon,proj-anon,Cloud Logging,Log Storage cost,2026-03-01 00:00:00,2026-03-01 01:00:00,9.0E-6,EUR,22973.0,bytes,goog-resource-type:REDACTED
000000-000000-000000,proj-anon,proj-anon,Cloud Logging,Log Storage cost,2026-03-01 00:00:00,2026-03-01 01:00:00,2.1E-5,EUR,55030.0,bytes,goog-resource-type:REDACTED
000000-000000-000000,proj-anon,proj-anon,Compute Engine,Network Internet Data Transfer Out from Belgium to Apac(Excluding Korea and Indonesia),2026-03-01 00:00:00,2026-03-01 01:00:00,5.7E-5,EUR,614674.0,bytes,goog-gke-cluster-id-base32:REDACTED;goog-gke-node:REDACTED;goog-gke-node-pool-provisioning-model:REDACTED;goog-k8s-cluster-location:REDACTED;goog-k8s-cluster-name:REDACTED;goog-k8s-namespace:REDACTED;goog-k8s-node-pool-name:REDACTED;k8s-namespace:REDACTED
000000-000000-000000,proj-anon,proj-anon,Cloud Logging,Log Storage cost,2026-03-01 00:00:00,2026-03-01 01:00:00,3.0E-6,EUR,7451.0,bytes,goog-resource-type:REDACTED
000000-000000-000000,proj-anon,proj-anon,Compute Engine,Network Inter Zone Data Transfer Out,2026-03-01 00:00:00,2026-03-01 01:00:00,1.12E-4,EUR,1.4411651E7,bytes,goog-gke-cluster-id-base32:REDACTED;goog-gke-node:REDACTED;goog-gke-node-pool-provisioning-model:REDACTED;goog-k8s-cluster-location:REDACTED;goog-k8s-cluster-name:REDACTED;goog-k8s-namespace:REDACTED;goog-k8s-node-pool-name:REDACTED;k8s-namespace:REDACTED
000000-000000-000000,proj-anon,proj-anon,Secret Manager,Secret version replica storage,2026-03-01 00:00:00,2026-03-01 01:00:00,3.6E-4,EUR,17305.0,seconds,goog-terraform-provisioned:true
000000-000000-000000,proj-anon,proj-anon,Cloud Logging,Log Storage cost,2026-03-01 00:00:00,2026-03-01 01:00:00,2.6E-5,EUR,66806.0,bytes,goog-resource-type:REDACTED
000000-000000-000000,proj-anon,proj-anon,Duet AI,Gemini Code Assist monthly subscription,2026-03-01 00:00:00,2026-03-01 01:00:00,0.028357,EUR,3600.0,seconds,
000000-000000-000000,proj-anon,proj-anon,Cloud Logging,Log Storage cost,2026-03-01 00:00:00,2026-03-01 01:00:00,5.0E-6,EUR,12720.0,bytes,goog-resource-type:REDACTED
000000-000000-000000,proj-anon,proj-anon,Cloud Logging,Log Storage cost,2026-03-01 00:00:00,2026-03-01 01:00:00,1.0E-6,EUR,2620.0,bytes,goog-resource-type:REDACTED
000000-000000-000000,proj-anon,proj-anon,Compute Engine,Storage PD Snapshot in European Union,2026-03-01 00:00:00,2026-03-01 01:00:00,6.1E-4,EUR,2.5284249002688E13,byte-seconds,
000000-000000-000000,proj-anon,proj-anon,Cloud Logging,Log Storage cost,2026-03-01 00:00:00,2026-03-01 01:00:00,1.3E-5,EUR,33697.0,bytes,goog-resource-type:REDACTED
000000-000000-000000,proj-anon,proj-anon,Cloud Composer,Cloud Composer 3 database storage (europe-west1),2026-03-01 00:00:00,2026-03-01 01:00:00,8.7E-5,EUR,1.459410826457E12,byte-seconds,goog-terraform-provisioned:true;resource-type:composer;team:ml
000000-000000-000000,proj-anon,proj-anon,Compute Engine,Balanced PD Capacity in Netherlands,2026-03-01 00:00:00,2026-03-01 01:00:00,0.006576,EUR,1.858110226432E14,byte-seconds,
000000-000000-000000,proj-anon,proj-anon,Secret Manager,Secret version replica storage,2026-03-01 00:00:00,2026-03-01 01:00:00,0.001222,EUR,58837.0,seconds,
000000-000000-000000,proj-anon,proj-anon,Compute Engine,Network Internet Data Transfer Out from EMEA to Africa,2026-03-01 00:00:00,2026-03-01 01:00:00,1.0E-6,EUR,9408.0,bytes,goog-gke-cluster-id-base32:REDACTED;goog-gke-node:REDACTED;goog-gke-node-pool-provisioning-model:REDACTED;goog-k8s-cluster-location:REDACTED;goog-k8s-cluster-name:REDACTED;goog-k8s-namespace:REDACTED;goog-k8s-node-pool-name:REDACTED;k8s-namespace:REDACTED
000000-000000-000000,proj-anon,proj-anon,Networking,Networking Telemetry,2026-03-01 00:00:00,2026-03-01 01:00:00,1.3E-4,EUR,679349.0,bytes,
000000-000000-000000,proj-anon,proj-anon,Cloud Run,Requests,2026-03-01 00:00:00,2026-03-01 01:00:00,3.0E-6,EUR,10.0,requests,
000000-000000-000000,proj-anon,proj-anon,Cloud Logging,Log Storage cost,2026-03-01 00:00:00,2026-03-01 01:00:00,2.9E-5,EUR,73249.0,bytes,goog-resource-type:REDACTED
000000-000000-000000,proj-anon,proj-anon,Cloud Logging,Log Storage cost,2026-03-01 00:00:00,2026-03-01 01:00:00,1.0E-6,EUR,2360.0,bytes,goog-resource-type:REDACTED
000000-000000-000000,proj-anon,proj-anon,Cloud Logging,Log Storage cost,2026-03-01 00:00:00,2026-03-01 01:00:00,7.5E-5,EUR,192307.0,bytes,goog-resource-type:REDACTED
000000-000000-000000,proj-anon,proj-anon,Cloud Logging,Log Storage cost,2026-03-01 00:00:00,2026-03-01 01:00:00,8.0E-6,EUR,20565.0,bytes,goog-resource-type:REDACTED
000000-000000-000000,proj-anon,proj-anon,Cloud Logging,Log Storage cost,2026-03-01 00:00:00,2026-03-01 01:00:00,1.0E-6,EUR,2294.0,bytes,goog-resource-type:REDACTED
000000-000000-000000,proj-anon,proj-anon,Compute Engine,Network Inter Zone Data Transfer Out,2026-03-01 00:00:00,2026-03-01 01:00:00,4.4E-5,EUR,5658594.0,bytes,goog-ops-agent-policy:REDACTED
000000-000000-000000,proj-anon,proj-anon,Compute Engine,Storage PD Capacity,2026-03-01 00:00:00,2026-03-01 01:00:00,4.0E-6,EUR,2.98500227072E11,byte-seconds,goog-composer-environment:REDACTED;goog-composer-environment-uuid:REDACTED;goog-composer-location:europe-west1;goog-composer-version:REDACTED;goog-gke-cluster-id-base32:REDACTED;goog-gke-volume:REDACTED;goog-k8s-cluster-location:REDACTED;goog-k8s-node-pool-name:REDACTED
000000-000000-000000,proj-anon,proj-anon,Cloud Logging,Log Storage cost,2026-03-01 00:00:00,2026-03-01 01:00:00,0.00466,EUR,1.1975252E7,bytes,goog-resource-type:REDACTED
000000-000000-000000,proj-anon,proj-anon,Cloud Logging,Log Storage cost,2026-03-01 00:00:00,2026-03-01 01:00:00,5.19E-4,EUR,1333637.0,bytes,goog-resource-type:REDACTED
000000-000000-000000,proj-anon,proj-anon,Cloud Logging,Log Storage cost,2026-03-01 00:00:00,2026-03-01 01:00:00,2.0E-6,EUR,5269.0,bytes,goog-resource-type:REDACTED
000000-000000-000000,proj-anon,proj-anon,Vertex AI,Vertex AI: Online/Batch Prediction N1 Predefined Instance Core running in Americas for AI Platform,2026-03-01 00:00:00,2026-03-01 01:00:00,0.026478,EUR,3168.0,seconds,
000000-000000-000000,proj-anon,proj-anon,BigQuery,Analysis (europe-west1),2026-03-01 00:00:00,2026-03-01 01:00:00,2.87E-4,EUR,5.0331648E7,bytes,data_source_id:REDACTED;dts_config_id:REDACTED;dts_run_id:REDACTED
000000-000000-000000,proj-anon,proj-anon,Vertex AI,Metadata storage,2026-03-01 00:00:00,2026-03-01 01:00:00,1.0E-6,EUR,5.83008256E8,byte-seconds,
000000-000000-000000,proj-anon,proj-anon,Compute Engine,Storage PD Capacity,2026-03-01 00:00:00,2026-03-01 01:00:00,9.6E-5,EUR,7.432440905728E12,byte-seconds,goog-composer-environment:REDACTED;goog-composer-environment-uuid:REDACTED;goog-composer-location:europe-west1;goog-composer-version:REDACTED;goog-gke-cluster-id-base32:REDACTED;goog-gke-volume:REDACTED;goog-k8s-cluster-location:REDACTED;goog-k8s-node-pool-name:REDACTED
000000-000000-000000,proj-anon,proj-anon,Vertex AI,Vertex AI: Online/Batch Prediction N1 Predefined Instance Ram running in Americas for AI Platform,2026-03-01 00:00:00,2026-03-01 01:00:00,0.026279,EUR,2.4308953065156E13,byte-seconds,
000000-000000-000000,proj-anon,proj-anon,Secret Manager,Secret version replica storage,2026-03-01 00:00:00,2026-03-01 01:00:00,1.5E-5,EUR,695.0,seconds,goog-terraform-provisioned:true
000000-000000-000000,proj-anon,proj-anon,BigQuery,Analysis (europe-west1),2026-03-01 00:00:00,2026-03-01 01:00:00,0.002523,EUR,4.42499072E8,bytes,
000000-000000-000000,proj-anon,proj-anon,Cloud Logging,Log Storage cost,2026-03-01 00:00:00,2026-03-01 01:00:00,0.001308,EUR,3365659.0,bytes,goog-resource-type:REDACTED
000000-000000-000000,proj-anon,proj-anon,Cloud SQL,Cloud SQL for PostgreSQL: Zonal - RAM in Americas,2026-03-01 00:00:00,2026-03-01 01:00:00,0.045342,EUR,2.99573968896E13,byte-seconds,
000000-000000-000000,proj-anon,proj-anon,Cloud SQL,Cloud SQL: Backups in Netherlands,2026-03-01 00:00:00,2026-03-01 01:00:00,1.0E-6,EUR,1.6189228398E10,byte-seconds,bigalloc-enabled:false;cloud_sql_backup_id:REDACTED;cloud_sql_bill_to:REDACTED;dg_storage_retention_plan_id:REDACTED;env:qa;physical-block-size:4096;scope:REDACTED
000000-000000-000000,proj-anon,proj-anon,Compute Engine,Storage PD Capacity,2026-03-01 00:00:00,2026-03-01 01:00:00,9.57E-4,EUR,7.432440905728E13,byte-seconds,
000000-000000-000000,proj-anon,proj-anon,Compute Engine,E2 Instance Ram running in EMEA,2026-03-01 00:00:00,2026-03-01 01:00:00,0.041347,EUR,5.9459527245824E13,byte-seconds,container-vm:REDACTED
000000-000000-000000,proj-anon,proj-anon,Compute Engine,E2 Instance Ram running in EMEA,2026-03-01 00:00:00,2026-03-01 01:00:00,4.15E-4,EUR,5.97000454144E11,byte-seconds,
000000-000000-000000,proj-anon,proj-anon,Compute Engine,Network Inter Zone Data Transfer Out,2026-03-01 00:00:00,2026-03-01 01:00:00,2.4E-5,EUR,3061144.0,bytes,goog-gke-cluster-id-base32:REDACTED;goog-gke-node:REDACTED;goog-gke-node-pool-provisioning-model:REDACTED;goog-k8s-cluster-location:REDACTED;goog-k8s-cluster-name:REDACTED;goog-k8s-namespace:REDACTED;goog-k8s-node-pool-name:REDACTED;k8s-namespace:REDACTED
000000-000000-000000,proj-anon,proj-anon,Cloud Logging,Log Storage cost,2026-03-01 00:00:00,2026-03-01 01:00:00,1.5E-5,EUR,39309.0,bytes,goog-resource-type:REDACTED
000000-000000-000000,proj-anon,proj-anon,Cloud SQL,Cloud SQL: Backups in Milan,2026-03-01 00:00:00,2026-03-01 01:00:00,1.0E-6,EUR,1.7201379953E10,byte-seconds,bigalloc-enabled:false;cloud_sql_backup_id:REDACTED;cloud_sql_bill_to:REDACTED;dg_storage_retention_plan_id:REDACTED;physical-block-size:4096
000000-000000-000000,proj-anon,proj-anon,Cloud Composer,Cloud Composer Network Inter Zone Data Transfer Out,2026-03-01 00:00:00,2026-03-01 01:00:00,1.0E-6,EUR,140506.0,bytes,goog-composer-cluster-name:REDACTED;goog-composer-image-version:cloud-composer-service-2025-10-28-rc0;goog-composer-location:europe-west1;goog-composer-namespace-name:REDACTED;goog-composer-pod-name:REDACTED;goog-terraform-provisioned:true;resource-type:composer;team:ml
000000-000000-000000,proj-anon,proj-anon,Cloud Logging,Vended Logs Storage,2026-03-01 00:00:00,2026-03-01 01:00:00,3.6E-5,EUR,189238.0,bytes,goog-resource-type:REDACTED
000000-000000-000000,proj-anon,proj-anon,Cloud SQL,Cloud SQL for PostgreSQL: Zonal - RAM in EMEA,2026-03-01 00:00:00,2026-03-01 01:00:00,0.021939,EUR,1.4495514624E13,byte-seconds,
000000-000000-000000,proj-anon,proj-anon,Cloud SQL,Storage PD Snapshot,2026-03-01 00:00:00,2026-03-01 01:00:00,7.5E-5,EUR,2.931614574103E12,byte-seconds,bigalloc-enabled:false;cloud_sql_backup_id:REDACTED;cloud_sql_bill_to:REDACTED;dg_storage_retention_plan_id:REDACTED;physical-block-size:4096
000000-000000-000000,proj-anon,proj-anon,Compute Engine,Hyperdisk Balanced Capacity in Netherlands,2026-03-01 00:00:00,2026-03-01 01:00:00,0.001004,EUR,3.716220452864E13,byte-seconds,
000000-000000-000000,proj-anon,proj-anon,Compute Engine,Storage Image,2026-03-01 00:00:00,2026-03-01 01:00:00,6.0E-6,EUR,3.71692743168E11,byte-seconds,cal-account:REDACTED;cal-activity:backup;cal-calid:REDACTED;cal-instanceid:REDACTED;cal-instancename:instance-anon;cal-last-tagged-at:REDACTED;cal-solinstid:REDACTED;cal-solution:REDACTED;cal-userid:REDACTED;cal-volumesnapshot:REDACTED;name:REDACTED
000000-000000-000000,proj-anon,proj-anon,Compute Engine,Network Internet Data Transfer Out from Milan to Americas,2026-03-01 00:00:00,2026-03-01 01:00:00,3.8E-5,EUR,409924.0,bytes,env:bastion
000000-000000-000000,proj-anon,proj-anon,Cloud Logging,Log Storage cost,2026-03-01 00:00:00,2026-03-01 01:00:00,8.3E-5,EUR,214810.0,bytes,goog-resource-type:REDACTED
000000-000000-000000,proj-anon,proj-anon,Vertex AI,Vertex AI: Online/Batch Prediction N1 Predefined Instance Core running in Americas for AI Platform,2026-03-01 00:00:00,2026-03-01 01:00:00,0.032295,EUR,3864.0,seconds,
000000-000000-000000,proj-anon,proj-anon,Compute Engine,E2 Instance Ram running in EMEA,2026-03-01 00:00:00,2026-03-01 01:00:00,0.041347,EUR,5.9459527245824E13,byte-seconds,goog-ops-agent-policy:REDACTED
000000-000000-000000,proj-anon,proj-anon,Compute Engine,N1 Predefined Instance Core running in EMEA,2026-03-01 00:00:00,2026-03-01 01:00:00,0.001122,EUR,139.0,seconds,
000000-000000-000000,proj-anon,proj-anon,Cloud Composer,Cloud Composer Network Inter Zone Data Transfer Out,2026-03-01 00:00:00,2026-03-01 01:00:00,2.0E-6,EUR,181817.0,bytes,goog-composer-cluster-name:REDACTED;goog-composer-image-version:cloud-composer-service-2026-02-09-rc3;goog-composer-location:europe-west1;goog-composer-namespace-name:REDACTED;goog-composer-pod-name:REDACTED;goog-terraform-provisioned:true;resource-type:composer;team:ml
000000-000000-000000,proj-anon,proj-anon,Compute Engine,Storage Image,2026-03-01 00:00:00,2026-03-01 01:00:00,8.87E-4,EUR,5.5139616690304E13,byte-seconds,cal-account:REDACTED;cal-activity:backup;cal-calid:REDACTED;cal-instanceid:REDACTED;cal-instancename:instance-anon;cal-last-tagged-at:REDACTED;cal-solinstid:REDACTED;cal-solution:REDACTED;cal-userid:REDACTED;cal-volumesnapshot:REDACTED;name:REDACTED
000000-000000-000000,proj-anon,proj-anon,Compute Engine,External IP Charge on a Standard VM,2026-03-01 00:00:00,2026-03-01 01:00:00,1.62E-4,EUR,139.0,seconds,goog-ec-src:REDACTED
000000-000000-000000,proj-anon,proj-anon,Compute Engine,E2 Instance Core running in EMEA,2026-03-01 00:00:00,2026-03-01 01:00:00,0.002556,EUR,459.0,seconds,container-vm:REDACTED
000000-000000-000000,proj-anon,proj-anon,Cloud SQL,Storage PD Snapshot,2026-03-01 00:00:00,2026-03-01 01:00:00,1.0E-6,EUR,2.2278157427E10,byte-seconds,bigalloc-enabled:false;cloud_sql_backup_id:REDACTED;cloud_sql_bill_to:REDACTED;dg_storage_retention_plan_id:REDACTED;physical-block-size:4096
000000-000000-000000,proj-anon,proj-anon,Vertex AI,Vertex AI: Online/Batch Prediction N1 Predefined Instance Core running in EMEA for AI Platform,2026-03-01 00:00:00,2026-03-01 01:00:00,0.07321,EUR,7508.0,seconds,resource-type:vertexai-endpoint;team:ml
000000-000000-000000,proj-anon,proj-anon,Notebooks,Workbench Instances CPU for GCE usage - E2 Instance Cores in europe-west1,2026-03-01 00:00:00,2026-03-01 01:00:00,0.003716,EUR,556.0,seconds,consumer-project-id:REDACTED;consumer-project-number:REDACTED;goog-caip-notebook:REDACTED;notebooks-product:REDACTED;resource-name:REDACTED
000000-000000-000000,proj-anon,proj-anon,Cloud Logging,Log Storage cost,2026-03-01 00:00:00,2026-03-01 01:00:00,1.0E-6,EUR,2256.0,bytes,goog-resource-type:REDACTED
000000-000000-000000,proj-anon,proj-anon,Compute Engine,External IP Charge on a Standard VM,2026-03-01 00:00:00,2026-03-01 01:00:00,1.61E-4,EUR,139.0,seconds,goog-ec-src:REDACTED
000000-000000-000000,proj-anon,proj-anon,Compute Engine,E2 Instance Ram running in EMEA,2026-03-01 00:00:00,2026-03-01 01:00:00,8.3E-4,EUR,1.194000908288E12,byte-seconds,goog-ec-src:REDACTED
000000-000000-000000,proj-anon,proj-anon,Cloud Logging,Log Storage cost,2026-03-01 00:00:00,2026-03-01 01:00:00,6.3E-5,EUR,160744.0,bytes,goog-resource-type:REDACTED
000000-000000-000000,proj-anon,proj-anon,Cloud Logging,Log Storage cost,2026-03-01 00:00:00,2026-03-01 01:00:00,2.3E-5,EUR,58242.0,bytes,goog-resource-type:REDACTED
000000-000000-000000,proj-anon,proj-anon,Cloud Run,Requests,2026-03-01 00:00:00,2026-03-01 01:00:00,1.0E-6,EUR,3.0,requests,env:qa;scope:REDACTED
000000-000000-000000,proj-anon,proj-anon,Cloud SQL,Storage PD Snapshot,2026-03-01 00:00:00,2026-03-01 01:00:00,7.8E-5,EUR,3.035318992351E12,byte-seconds,bigalloc-enabled:false;cloud_sql_backup_id:REDACTED;cloud_sql_bill_to:REDACTED;dg_storage_retention_plan_id:REDACTED;physical-block-size:4096
000000-000000-000000,proj-anon,proj-anon,Vertex AI,Vertex AI: Online/Batch Prediction N1 Predefined Instance Ram running in EMEA for AI Platform,2026-03-01 00:00:00,2026-03-01 01:00:00,0.037024,EUR,2.8538698386715E13,byte-seconds,resource-type:vertexai-endpoint;team:ml
000000-000000-000000,proj-anon,proj-anon,Cloud Run,Requests,2026-03-01 00:00:00,2026-03-01 01:00:00,5.84E-4,EUR,1748.0,requests,
000000-000000-000000,proj-anon,proj-anon,Compute Engine,Storage Image,2026-03-01 00:00:00,2026-03-01 01:00:00,8.19E-4,EUR,5.0907371215872E13,byte-seconds,cal-account:REDACTED;cal-activity:backup;cal-calid:REDACTED;cal-instanceid:REDACTED;cal-instancename:instance-anon;cal-last-tagged-at:REDACTED;cal-solinstid:REDACTED;cal-solution:REDACTED;cal-userid:REDACTED;cal-volumesnapshot:REDACTED;name:REDACTED
000000-000000-000000,proj-anon,proj-anon,Cloud SQL,Cloud SQL: Backups in Netherlands,2026-03-01 00:00:00,2026-03-01 01:00:00,1.0E-6,EUR,2.1631161969E10,byte-seconds,bigalloc-enabled:false;cloud_sql_backup_id:REDACTED;cloud_sql_bill_to:REDACTED;dg_storage_retention_plan_id:REDACTED;env:qa;physical-block-size:4096;scope:REDACTED
000000-000000-000000,proj-anon,proj-anon,Cloud SQL,Cloud SQL: Backups in Netherlands,2026-03-01 00:00:00,2026-03-01 01:00:00,1.0E-6,EUR,2.0450317579E10,byte-seconds,bigalloc-enabled:false;cloud_sql_backup_id:REDACTED;cloud_sql_bill_to:REDACTED;dg_storage_retention_plan_id:REDACTED;env:dev;physical-block-size:4096;scope:REDACTED
000000-000000-000000,proj-anon,proj-anon,Cloud SQL,Storage PD Snapshot,2026-03-01 00:00:00,2026-03-01 01:00:00,1.03E-4,EUR,4.002376970374E12,byte-seconds,bigalloc-enabled:false;cloud_sql_backup_id:REDACTED;cloud_sql_bill_to:REDACTED;dg_storage_retention_plan_id:REDACTED;physical-block-size:4096
000000-000000-000000,proj-anon,proj-anon,Compute Engine,Licensing Fee for Red Hat Enterprise Linux 8 on VM with up to 8 VCPU,2026-03-01 00:00:00,2026-03-01 01:00:00,0.046283,EUR,13844.0,seconds,goog-ops-agent-policy:REDACTED
000000-000000-000000,proj-anon,proj-anon,Cloud Composer,Cloud Composer Network Inter Zone Data Transfer Out,2026-03-01 00:00:00,2026-03-01 01:00:00,1.0E-6,EUR,121864.0,bytes,goog-composer-cluster-name:REDACTED;goog-composer-image-version:cloud-composer-service-2025-10-28-rc0;goog-composer-location:europe-west1;goog-composer-namespace-name:REDACTED;goog-composer-pod-name:REDACTED;goog-terraform-provisioned:true;resource-type:composer;team:ml
000000-000000-000000,proj-anon,proj-anon,Cloud Monitoring,Metric Volume,2026-03-01 00:00:00,2026-03-01 01:00:00,1.3E-5,EUR,64.0,bytes,goog-metric-domain:REDACTED
000000-000000-000000,proj-anon,proj-anon,Cloud Monitoring,Metric Volume,2026-03-01 00:00:00,2026-03-01 01:00:00,0.001431,EUR,6953.0,bytes,goog-agent-metric-class:REDACTED;goog-metric-domain:REDACTED
000000-000000-000000,proj-anon,proj-anon,Cloud Composer,Cloud Composer 3 standard milli DCU-hours (europe-west1),2026-03-01 00:00:00,2026-03-01 01:00:00,0.001719,EUR,112200.0,seconds,goog-composer-cluster-name:REDACTED;goog-composer-image-version:cloud-composer-service-2025-10-28-rc0;goog-composer-location:europe-west1;goog-composer-namespace-name:REDACTED;goog-composer-pod-name:REDACTED;goog-terraform-provisioned:true;resource-type:composer;team:ml
000000-000000-000000,proj-anon,proj-anon,Cloud Logging,Log Storage cost,2026-03-01 00:00:00,2026-03-01 01:00:00,1.3E-5,EUR,32733.0,bytes,goog-resource-type:REDACTED
000000-000000-000000,proj-anon,proj-anon,Cloud Run,Services CPU (Request-based billing),2026-03-01 00:00:00,2026-03-01 01:00:00,4.0E-6,EUR,0.2,seconds,resource-name:REDACTED;resource-type:cloudrun-service;team:ml
000000-000000-000000,proj-anon,proj-anon,Cloud Logging,Log Storage cost,2026-03-01 00:00:00,2026-03-01 01:00:00,1.3E-5,EUR,32424.0,bytes,goog-resource-type:REDACTED
000000-000000-000000,proj-anon,proj-anon,Cloud Logging,Log Storage cost,2026-03-01 00:00:00,2026-03-01 01:00:00,2.7E-5,EUR,68450.0,bytes,goog-resource-type:REDACTED
000000-000000-000000,proj-anon,proj-anon,Cloud Logging,Log Storage cost,2026-03-01 00:00:00,2026-03-01 01:00:00,0.00371,EUR,9533926.0,bytes,goog-resource-type:REDACTED
000000-000000-000000,proj-anon,proj-anon,Cloud SQL,Cloud SQL: Backups in Netherlands,2026-03-01 00:00:00,2026-03-01 01:00:00,1.0E-6,EUR,2.2290964747E10,byte-seconds,bigalloc-enabled:false;cloud_sql_backup_id:REDACTED;cloud_sql_bill_to:REDACTED;dg_storage_retention_plan_id:REDACTED;env:shared;physical-block-size:4096;scope:REDACTED
000000-000000-000000,proj-anon,proj-anon,Cloud SQL,Cloud SQL: Backups in Netherlands,2026-03-01 00:00:00,2026-03-01 01:00:00,1.0E-6,EUR,2.318216572E10,byte-seconds,bigalloc-enabled:false;cloud_sql_backup_id:REDACTED;cloud_sql_bill_to:REDACTED;dg_storage_retention_plan_id:REDACTED;env:qa;physical-block-size:4096;scope:REDACTED
000000-000000-000000,proj-anon,proj-anon,Cloud Logging,Log Storage cost,2026-03-01 00:00:00,2026-03-01 01:00:00,1.0E-5,EUR,27985.0,bytes,goog-resource-type:REDACTED
000000-000000-000000,proj-anon,proj-anon,Cloud Run,Jobs CPU in europe-west1,2026-03-01 00:00:00,2026-03-01 01:00:00,0.041523,EUR,2759.999999,seconds,resource-name:REDACTED;resource-type:cloudrun-job;team:ml
000000-000000-000000,proj-anon,proj-anon,Cloud SQL,Storage PD Snapshot,2026-03-01 00:00:00,2026-03-01 01:00:00,1.0E-6,EUR,2.8240094687E10,byte-seconds,bigalloc-enabled:false;cloud_sql_backup_id:REDACTED;cloud_sql_bill_to:REDACTED;dg_storage_retention_plan_id:REDACTED;physical-block-size:4096
000000-000000-000000,proj-anon,proj-anon,Cloud Logging,Log Storage cost,2026-03-01 00:00:00,2026-03-01 01:00:00,2.99E-4,EUR,766880.0,bytes,goog-resource-type:REDACTED
000000-000000-000000,proj-anon,proj-anon,Compute Engine,N1 Predefined Instance Core running in EMEA,2026-03-01 00:00:00,2026-03-01 01:00:00,0.055882,EUR,6922.0,seconds,
000000-000000-000000,proj-anon,proj-anon,Cloud Monitoring,Metric Volume,2026-03-01 00:00:00,2026-03-01 01:00:00,0.002535,EUR,12328.0,bytes,goog-agent-metric-class:REDACTED;goog-metric-domain:REDACTED
000000-000000-000000,proj-anon,proj-anon,Artifact Registry,Artifact Registry Storage,2026-03-01 00:00:00,2026-03-01 01:00:00,0.018951,EUR,5.89008124181783E14,byte-seconds,
000000-000000-000000,proj-anon,proj-anon,Vertex AI,Vertex AI: Online/Batch Prediction N1 Predefined Instance Core running in Americas for AI Platform,2026-03-01 00:00:00,2026-03-01 01:00:00,0.050465,EUR,6038.0,seconds,
000000-000000-000000,proj-anon,proj-anon,Cloud SQL,Cloud SQL: Backups in Netherlands,2026-03-01 00:00:00,2026-03-01 01:00:00,1.0E-6,EUR,3.3929614758E10,byte-seconds,bigalloc-enabled:false;cloud_sql_backup_id:REDACTED;cloud_sql_bill_to:REDACTED;dg_storage_retention_plan_id:REDACTED;env:shared;physical-block-size:4096;scope:REDACTED
000000-000000-000000,proj-anon,proj-anon,Networking,Networking Telemetry,2026-03-01 00:00:00,2026-03-01 01:00:00,7.23E-4,EUR,3717822.0,bytes,
000000-000000-000000,proj-anon,proj-anon,Cloud Logging,Log Storage cost,2026-03-01 00:00:00,2026-03-01 01:00:00,5.0E-6,EUR,12950.0,bytes,goog-resource-type:REDACTED
000000-000000-000000,proj-anon,proj-anon,Compute Engine,E2 Instance Core running in EMEA,2026-03-01 00:00:00,2026-03-01 01:00:00,0.001548,EUR,278.0,seconds,goog-ops-agent-policy:REDACTED
000000-000000-000000,proj-anon,proj-anon,Compute Engine,Storage Image,2026-03-01 00:00:00,2026-03-01 01:00:00,7.0E-5,EUR,4.363319137408E12,byte-seconds,cal-account:REDACTED;cal-activity:backup;cal-calid:REDACTED;cal-instanceid:REDACTED;cal-instancename:instance-anon;cal-last-tagged-at:REDACTED;cal-solinstid:REDACTED;cal-solution:REDACTED;cal-userid:REDACTED;cal-volumesnapshot:REDACTED;name:REDACTED
000000-000000-000000,proj-anon,proj-anon,Compute Engine,Network Internet Data Transfer Out from EMEA to Australia,2026-03-01 00:00:00,2026-03-01 01:00:00,2.4E-5,EUR,163988.0,bytes,goog-gke-cluster-id-base32:REDACTED;goog-gke-node:REDACTED;goog-gke-node-pool-provisioning-model:REDACTED;goog-k8s-cluster-location:REDACTED;goog-k8s-cluster-name:REDACTED;goog-k8s-namespace:REDACTED;goog-k8s-node-pool-name:REDACTED;k8s-namespace:REDACTED
000000-000000-000000,proj-anon,proj-anon,Vertex AI,Vertex AI: Online/Batch Prediction N1 Predefined Instance Ram running in EMEA for AI Platform,2026-03-01 00:00:00,2026-03-01 01:00:00,0.009383,EUR,7.2331940411E12,byte-seconds,resource-type:vertexai-endpoint;team:ml
000000-000000-000000,proj-anon,proj-anon,Cloud Logging,Log Storage cost,2026-03-01 00:00:00,2026-03-01 01:00:00,4.7E-5,EUR,120411.0,bytes,goog-resource-type:REDACTED
000000-000000-000000,proj-anon,proj-anon,Compute Engine,Storage Image,2026-03-01 00:00:00,2026-03-01 01:00:00,8.86E-4,EUR,5.5057671950016E13,byte-seconds,cal-account:REDACTED;cal-activity:backup;cal-calid:REDACTED;cal-instanceid:REDACTED;cal-instancename:instance-anon;cal-last-tagged-at:REDACTED;cal-solinstid:REDACTED;cal-solution:REDACTED;cal-userid:REDACTED;cal-volumesnapshot:REDACTED;name:REDACTED
000000-000000-000000,proj-anon,proj-anon,Cloud SQL,Storage PD Snapshot,2026-03-01 00:00:00,2026-03-01 01:00:00,1.0E-6,EUR,2.243960789E10,byte-seconds,bigalloc-enabled:false;cloud_sql_backup_id:REDACTED;cloud_sql_bill_to:REDACTED;dg_storage_retention_plan_id:REDACTED;physical-block-size:4096
000000-000000-000000,proj-anon,proj-anon,Compute Engine,Storage Image,2026-03-01 00:00:00,2026-03-01 01:00:00,3.0E-6,EUR,1.7527028191E11,byte-seconds,cal-account:REDACTED;cal-activity:backup;cal-calid:REDACTED;cal-instanceid:REDACTED;cal-instancename:instance-anon;cal-last-tagged-at:REDACTED;cal-solinstid:REDACTED;cal-solution:REDACTED;cal-userid:REDACTED;cal-volumesnapshot:REDACTED;name:REDACTED
000000-000000-000000,proj-anon,proj-anon,Cloud Logging,Log Storage cost,2026-03-01 00:00:00,2026-03-01 01:00:00,4.3E-5,EUR,109817.0,bytes,goog-resource-type:REDACTED
000000-000000-000000,proj-anon,proj-anon,Cloud Logging,Log Storage cost,2026-03-01 00:00:00,2026-03-01 01:00:00,1.08E-4,EUR,277532.0,bytes,goog-resource-type:REDACTED
000000-000000-000000,proj-anon,proj-anon,Cloud Monitoring,Metric Volume,2026-03-01 00:00:00,2026-03-01 01:00:00,0.006759,EUR,32864.0,bytes,goog-agent-metric-class:REDACTED;goog-metric-domain:REDACTED
000000-000000-000000,proj-anon,proj-anon,Secret Manager,Secret access operations,2026-03-01 00:00:00,2026-03-01 01:00:00,3.38E-4,EUR,135.0,requests,
000000-000000-000000,proj-anon,proj-anon,Cloud Composer,Cloud Composer Network Inter Zone Data Transfer Out,2026-03-01 00:00:00,2026-03-01 01:00:00,1.0E-6,EUR,139345.0,bytes,goog-composer-cluster-name:REDACTED;goog-composer-image-version:cloud-composer-service-2026-02-09-rc3;goog-composer-location:europe-west1;goog-composer-namespace-name:REDACTED;goog-composer-pod-name:REDACTED;goog-terraform-provisioned:true;resource-type:composer;team:ml
000000-000000-000000,proj-anon,proj-anon,Compute Engine,Network Internet Data Transfer Out from EMEA to Americas,2026-03-01 00:00:00,2026-03-01 01:00:00,7.0E-6,EUR,78452.0,bytes,
000000-000000-000000,proj-anon,proj-anon,Cloud SQL,Cloud SQL: Backups in Netherlands,2026-03-01 00:00:00,2026-03-01 01:00:00,1.0E-6,EUR,2.4485825803E10,byte-seconds,bigalloc-enabled:false;cloud_sql_backup_id:REDACTED;cloud_sql_bill_to:REDACTED;dg_storage_retention_plan_id:REDACTED;env:qa;physical-block-size:4096;scope:REDACTED
000000-000000-000000,proj-anon,proj-anon,Cloud Logging,Log Storage cost,2026-03-01 00:00:00,2026-03-01 01:00:00,3.0E-6,EUR,7907.0,bytes,goog-resource-type:REDACTED
000000-000000-000000,proj-anon,proj-anon,Compute Engine,Balanced PD Capacity in Milan,2026-03-01 00:00:00,2026-03-01 01:00:00,6.02E-4,EUR,1.6119012261888E13,byte-seconds,goog-gke-cluster-id-base32:REDACTED;goog-gke-volume:REDACTED;goog-k8s-cluster-location:REDACTED;goog-k8s-node-pool-name:REDACTED
000000-000000-000000,proj-anon,proj-anon,Cloud Run,Services Memory (Request-based billing),2026-03-01 00:00:00,2026-03-01 01:00:00,0.003424,EUR,1.7605070946304001E12,byte-seconds,
000000-000000-000000,proj-anon,proj-anon,Compute Engine,E2 Instance Core running in EMEA,2026-03-01 00:00:00,2026-03-01 01:00:00,7.74E-4,EUR,139.0,seconds,
000000-000000-000000,proj-anon,proj-anon,Cloud Logging,Log Storage cost,2026-03-01 00:00:00,2026-03-01 01:00:00,0.0016,EUR,4112608.0,bytes,goog-resource-type:REDACTED
000000-000000-000000,proj-anon,proj-anon,Cloud Logging,Log Storage cost,2026-03-01 00:00:00,2026-03-01 01:00:00,1.0E-6,EUR,1453.0,bytes,goog-resource-type:REDACTED
000000-000000-000000,proj-anon,proj-anon,BigQuery,Active Logical Storage (europe-west1),2026-03-01 00:00:00,2026-03-01 01:00:00,3.1E-5,EUR,4.89413410816E12,byte-seconds,
000000-000000-000000,proj-anon,proj-anon,Vertex AI,Vertex AI: Online/Batch Prediction N1 Predefined Instance Core running in Americas for AI Platform,2026-03-01 00:00:00,2026-03-01 01:00:00,0.025876,EUR,3096.0,seconds,
000000-000000-000000,proj-anon,proj-anon,Compute Engine,E2 Instance Ram running in Milan,2026-03-01 00:00:00,2026-03-01 01:00:00,1.09E-4,EUR,1.49250113536E11,byte-seconds,env:bastion
000000-000000-000000,proj-anon,proj-anon,Compute Engine,External IP Charge on a Standard VM,2026-03-01 00:00:00,2026-03-01 01:00:00,1.62E-4,EUR,139.0,seconds,
000000-000000-000000,proj-anon,proj-anon,Cloud Monitoring,Metric Volume,2026-03-01 00:00:00,2026-03-01 01:00:00,4.15E-4,EUR,2016.0,bytes,goog-agent-metric-class:REDACTED;goog-metric-domain:REDACTED
000000-000000-000000,proj-anon,proj-anon,Cloud Logging,Log Storage cost,2026-03-01 00:00:00,2026-03-01 01:00:00,5.96E-4,EUR,1532711.0,bytes,goog-resource-type:REDACTED
000000-000000-000000,proj-anon,proj-anon,Networking,Networking Cloud VPN Tunnel Europewest1,2026-03-01 00:00:00,2026-03-01 01:00:00,0.003227,EUR,278.0,seconds,
000000-000000-000000,proj-anon,proj-anon,Cloud SQL,Storage PD Snapshot,2026-03-01 00:00:00,2026-03-01 01:00:00,1.0E-6,EUR,1.6153329184E10,byte-seconds,bigalloc-enabled:false;cloud_sql_backup_id:REDACTED;cloud_sql_bill_to:REDACTED;dg_storage_retention_plan_id:REDACTED;physical-block-size:4096
000000-000000-000000,proj-anon,proj-anon,Cloud Logging,Log Storage cost,2026-03-01 00:00:00,2026-03-01 01:00:00,7.0E-6,EUR,17239.0,bytes,goog-resource-type:REDACTED
000000-000000-000000,proj-anon,proj-anon,VM Manager,VM Manager Usage (Cloud Ops),2026-03-01 00:00:00,2026-03-01 01:00:00,0.005014,EUR,2.0,requests,
000000-000000-000000,proj-anon,proj-anon,Cloud Logging,Log Storage cost,2026-03-01 00:00:00,2026-03-01 01:00:00,5.5E-5,EUR,140724.0,bytes,goog-resource-type:REDACTED
000000-000000-000000,proj-anon,proj-anon,Cloud Logging,Log Storage cost,2026-03-01 00:00:00,2026-03-01 01:00:00,1.2E-5,EUR,31693.0,bytes,goog-resource-type:REDACTED
000000-000000-000000,proj-anon,proj-anon,Cloud Logging,Log Storage cost,2026-03-01 00:00:00,2026-03-01 01:00:00,5.0E-6,EUR,12843.0,bytes,goog-resource-type:REDACTED
000000-000000-000000,proj-anon,proj-anon,Compute Engine,Network Inter Zone Data Transfer Out,2026-03-01 00:00:00,2026-03-01 01:00:00,0.002656,EUR,3.41301764E8,bytes,goog-ops-agent-policy:REDACTED
000000-000000-000000,proj-anon,proj-anon,Compute Engine,Storage PD Snapshot in US,2026-03-01 00:00:00,2026-03-01 01:00:00,1.1E-4,EUR,5.265035562432E12,byte-seconds,
000000-000000-000000,proj-anon,proj-anon,Compute Engine,Network Internet Data Transfer Out from Milan to EMEA,2026-03-01 00:00:00,2026-03-01 01:00:00,1.0E-5,EUR,110748.0,bytes,goog-gke-cluster-id-base32:REDACTED;goog-gke-node:REDACTED;goog-gke-node-pool-provisioning-model:REDACTED;goog-k8s-cluster-location:REDACTED;goog-k8s-cluster-name:REDACTED;goog-k8s-namespace:REDACTED;goog-k8s-node-pool-name:REDACTED;k8s-namespace:REDACTED
000000-000000-000000,proj-anon,proj-anon,Compute Engine,Storage PD Capacity,2026-03-01 00:00:00,2026-03-01 01:00:00,9.6E-5,EUR,7.432440905728E12,byte-seconds,goog-composer-environment:REDACTED;goog-composer-environment-uuid:REDACTED;goog-composer-location:europe-west1;goog-composer-version:REDACTED;goog-gke-cluster-id-base32:REDACTED;goog-gke-volume:REDACTED;goog-k8s-cluster-location:REDACTED;goog-k8s-node-pool-name:REDACTED
000000-000000-000000,proj-anon,proj-anon,Compute Engine,Storage Image,2026-03-01 00:00:00,2026-03-01 01:00:00,8.89E-4,EUR,5.5282754347136E13,byte-seconds,cal-account:REDACTED;cal-activity:backup;cal-calid:REDACTED;cal-instanceid:REDACTED;cal-instancename:instance-anon;cal-last-tagged-at:REDACTED;cal-solinstid:REDACTED;cal-solution:REDACTED;cal-userid:REDACTED;cal-volumesnapshot:REDACTED;name:REDACTED
000000-000000-000000,proj-anon,proj-anon,Compute Engine,SSD backed PD Capacity in Milan,2026-03-01 00:00:00,2026-03-01 01:00:00,6.06E-4,EUR,9.552007266304E12,byte-seconds,goog-gke-cluster-id-base32:REDACTED;goog-gke-node-pool-provisioning-model:REDACTED;goog-gke-volume:REDACTED;goog-k8s-cluster-location:REDACTED;goog-k8s-node-pool-name:REDACTED
000000-000000-000000,proj-anon,proj-anon,Cloud Composer,Cloud Composer 3 standard milli DCU-hours (europe-west1),2026-03-01 00:00:00,2026-03-01 01:00:00,0.091937,EUR,6000000.0,seconds,goog-terraform-provisioned:true;resource-type:composer;team:ml
000000-000000-000000,proj-anon,proj-anon,Networking,Regional External Passthrough Network Load Balancer Inbound Data Processing for Milan (europe-west8),2026-03-01 00:00:00,2026-03-01 01:00:00,1.7E-5,EUR,2383689.0,bytes,goog-gke-cluster-id-base32:REDACTED;goog-gke-node:REDACTED;goog-gke-node-pool-provisioning-model:REDACTED;goog-k8s-cluster-location:REDACTED;goog-k8s-cluster-name:REDACTED;goog-k8s-namespace:REDACTED;goog-k8s-node-pool-name:REDACTED;k8s-namespace:REDACTED
000000-000000-000000,proj-anon,proj-anon,Networking,Networking Telemetry,2026-03-01 00:00:00,2026-03-01 01:00:00,1.11E-4,EUR,566576.0,bytes,
000000-000000-000000,proj-anon,proj-anon,Secret Manager,Secret access operations,2026-03-01 00:00:00,2026-03-01 01:00:00,2.58E-4,EUR,103.0,requests,
000000-000000-000000,proj-anon,proj-anon,Cloud Logging,Log Storage cost,2026-03-01 00:00:00,2026-03-01 01:00:00,3.2E-5,EUR,81260.0,bytes,goog-resource-type:REDACTED
000000-000000-000000,proj-anon,proj-anon,Compute Engine,Network Internet Data Transfer Out from EMEA to South America,2026-03-01 00:00:00,2026-03-01 01:00:00,1.8E-4,EUR,1223780.0,bytes,goog-gke-cluster-id-base32:REDACTED;goog-gke-node:REDACTED;goog-gke-node-pool-provisioning-model:REDACTED;goog-k8s-cluster-location:REDACTED;goog-k8s-cluster-name:REDACTED;goog-k8s-namespace:REDACTED;goog-k8s-node-pool-name:REDACTED;k8s-namespace:REDACTED
000000-000000-000000,proj-anon,proj-anon,Cloud Logging,Log Storage cost,2026-03-01 00:00:00,2026-03-01 01:00:00,1.1E-4,EUR,282085.0,bytes,goog-resource-type:REDACTED
000000-000000-000000,proj-anon,proj-anon,Cloud Logging,Log Storage cost,2026-03-01 00:00:00,2026-03-01 01:00:00,9.0E-6,EUR,21939.0,bytes,goog-resource-type:REDACTED
000000-000000-000000,proj-anon,proj-anon,Cloud Logging,Log Storage cost,2026-03-01 00:00:00,2026-03-01 01:00:00,6.0E-6,EUR,15470.0,bytes,goog-resource-type:REDACTED
000000-000000-000000,proj-anon,proj-anon,Compute Engine,Network Internet Data Transfer Out from EMEA to Americas,2026-03-01 00:00:00,2026-03-01 01:00:00,2.8E-5,EUR,302163.0,bytes,goog-gke-cluster-id-base32:REDACTED;goog-gke-node:REDACTED;goog-gke-node-pool-provisioning-model:REDACTED;goog-k8s-cluster-location:REDACTED;goog-k8s-cluster-name:REDACTED;goog-k8s-namespace:REDACTED;goog-k8s-node-pool-name:REDACTED;k8s-namespace:REDACTED
000000-000000-000000,proj-anon,proj-anon,Compute Engine,Network Internet Data Transfer Out from Milan to South America,2026-03-01 00:00:00,2026-03-01 01:00:00,8.5E-5,EUR,578240.0,bytes,goog-gke-cluster-id-base32:REDACTED;goog-gke-node:REDACTED;goog-gke-node-pool-provisioning-model:REDACTED;goog-k8s-cluster-location:REDACTED;goog-k8s-cluster-name:REDACTED;goog-k8s-namespace:REDACTED;goog-k8s-node-pool-name:REDACTED;k8s-namespace:REDACTED
000000-000000-000000,proj-anon,proj-anon,Compute Engine,SSD backed PD Capacity in Milan,2026-03-01 00:00:00,2026-03-01 01:00:00,3.03E-4,EUR,4.776003633152E12,byte-seconds,
000000-000000-000000,proj-anon,proj-anon,Cloud Logging,Vended Logs Storage,2026-03-01 00:00:00,2026-03-01 01:00:00,4.1E-5,EUR,213131.0,bytes,goog-resource-type:REDACTED
000000-000000-000000,proj-anon,proj-anon,Cloud Logging,Log Storage cost,2026-03-01 00:00:00,2026-03-01 01:00:00,3.0E-6,EUR,8918.0,bytes,goog-resource-type:REDACTED
000000-000000-000000,proj-anon,proj-anon,Cloud Logging,Log Storage cost,2026-03-01 00:00:00,2026-03-01 01:00:00,5.0E-6,EUR,12943.0,bytes,goog-resource-type:REDACTED
000000-000000-000000,proj-anon,proj-anon,Artifact Registry,Artifact Registry Storage,2026-03-01 00:00:00,2026-03-01 01:00:00,2.4E-5,EUR,7.32373010485E11,byte-seconds,
000000-000000-000000,proj-anon,proj-anon,Cloud Run Functions,Cloud Run functions Min-Instance CPU (Request-based billing) in europe-west1,2026-03-01 00:00:00,2026-03-01 01:00:00,0.007104,EUR,3399.999998,seconds,goog-drz-cloudfunctions-id:REDACTED;goog-drz-cloudfunctions-location:REDACTED;goog-managed-by:REDACTED
000000-000000-000000,proj-anon,proj-anon,Cloud Logging,Log Storage cost,2026-03-01 00:00:00,2026-03-01 01:00:00,1.0E-6,EUR,3105.0,bytes,goog-resource-type:REDACTED
000000-000000-000000,proj-anon,proj-anon,Cloud Monitoring,Metric Volume,2026-03-01 00:00:00,2026-03-01 01:00:00,0.002105,EUR,10240.0,bytes,goog-agent-metric-class:REDACTED;goog-metric-domain:REDACTED
000000-000000-000000,proj-anon,proj-anon,Cloud Logging,Log Storage cost,2026-03-01 00:00:00,2026-03-01 01:00:00,4.0E-6,EUR,9095.0,bytes,goog-resource-type:REDACTED
000000-000000-000000,proj-anon,proj-anon,Compute Engine,E2 Instance Core running in EMEA,2026-03-01 00:00:00,2026-03-01 01:00:00,0.009648,EUR,1732.0,seconds,serverless-vpc-access:REDACTED
000000-000000-000000,proj-anon,proj-anon,Networking,Network Intelligence Center Network Analyzer Resource Hours,2026-03-01 00:00:00,2026-03-01 01:00:00,0.003677,EUR,4.0,requests,
000000-000000-000000,proj-anon,proj-anon,Cloud SQL,Storage PD Snapshot,2026-03-01 00:00:00,2026-03-01 01:00:00,1.0E-6,EUR,8.699918815E9,byte-seconds,bigalloc-enabled:false;cloud_sql_backup_id:REDACTED;cloud_sql_bill_to:REDACTED;dg_storage_retention_plan_id:REDACTED;physical-block-size:4096
000000-000000-000000,proj-anon,proj-anon,Compute Engine,E2 Instance Core running in EMEA,2026-03-01 00:00:00,2026-03-01 01:00:00,3.78E-4,EUR,68.0,seconds,serverless-vpc-access:REDACTED
000000-000000-000000,proj-anon,proj-anon,Compute Engine,E2 Instance Ram running in Milan,2026-03-01 00:00:00,2026-03-01 01:00:00,0.010899,EUR,1.4864881811456E13,byte-seconds,
000000-000000-000000,proj-anon,proj-anon,Networking,Networking Private Service Connect Partner Select End Point,2026-03-01 00:00:00,2026-03-01 01:00:00,0.008035,EUR,3461.0,seconds,
000000-000000-000000,proj-anon,proj-anon,Cloud Logging,Log Storage cost,2026-03-01 00:00:00,2026-03-01 01:00:00,1.0E-6,EUR,1930.0,bytes,goog-resource-type:REDACTED
000000-000000-000000,proj-anon,proj-anon,Cloud SQL,Cloud SQL for PostgreSQL: Zonal - vCPU in Netherlands,2026-03-01 00:00:00,2026-03-01 01:00:00,0.07589,EUR,7200.0,seconds,env:qa;scope:REDACTED
000000-000000-000000,proj-anon,proj-anon,Cloud Logging,Log Storage cost,2026-03-01 00:00:00,2026-03-01 01:00:00,1.0E-6,EUR,2282.0,bytes,goog-resource-type:REDACTED
000000-000000-000000,proj-anon,proj-anon,Cloud Run,Requests,2026-03-01 00:00:00,2026-03-01 01:00:00,3.0E-6,EUR,11.0,requests,resource-name:REDACTED;resource-type:cloudrun-service;team:ml
000000-000000-000000,proj-anon,proj-anon,Networking,Regional External Passthrough Network Load Balancer Outbound Data Processing for Milan (europe-west8),2026-03-01 00:00:00,2026-03-01 01:00:00,2.9E-5,EUR,4087523.0,bytes,goog-gke-cluster-id-base32:REDACTED;goog-gke-node:REDACTED;goog-gke-node-pool-provisioning-model:REDACTED;goog-k8s-cluster-location:REDACTED;goog-k8s-cluster-name:REDACTED;goog-k8s-namespace:REDACTED;goog-k8s-node-pool-name:REDACTED;k8s-namespace:REDACTED
000000-000000-000000,proj-anon,proj-anon,Cloud Logging,Log Storage cost,2026-03-01 00:00:00,2026-03-01 01:00:00,1.0E-6,EUR,2856.0,bytes,goog-resource-type:REDACTED
000000-000000-000000,proj-anon,proj-anon,Cloud Run,Jobs Memory in europe-west1,2026-03-01 00:00:00,2026-03-01 01:00:00,0.202101,EUR,1.2981914996907088E14,byte-seconds,
000000-000000-000000,proj-anon,proj-anon,Networking,Regional External Passthrough Network Load Balancer Inbound Data Processing for Belgium (europe-west1),2026-03-01 00:00:00,2026-03-01 01:00:00,8.0E-6,EUR,1282585.0,bytes,goog-gke-cluster-id-base32:REDACTED;goog-gke-node:REDACTED;goog-gke-node-pool-provisioning-model:REDACTED;goog-k8s-cluster-location:REDACTED;goog-k8s-cluster-name:REDACTED;goog-k8s-namespace:REDACTED;goog-k8s-node-pool-name:REDACTED;k8s-namespace:REDACTED
000000-000000-000000,proj-anon,proj-anon,Cloud SQL,Storage PD Snapshot,2026-03-01 00:00:00,2026-03-01 01:00:00,7.8E-5,EUR,3.015872509472E12,byte-seconds,bigalloc-enabled:false;cloud_sql_backup_id:REDACTED;cloud_sql_bill_to:REDACTED;dg_storage_retention_plan_id:REDACTED;physical-block-size:4096
000000-000000-000000,proj-anon,proj-anon,Cloud Run,Services Min Instance CPU (Request-based billing),2026-03-01 00:00:00,2026-03-01 01:00:00,0.007104,EUR,3400.003771,seconds,env:dev;scope:REDACTED
000000-000000-000000,proj-anon,proj-anon,Compute Engine,E2 Instance Ram running in Milan,2026-03-01 00:00:00,2026-03-01 01:00:00,4.37E-4,EUR,5.97000454144E11,byte-seconds,
000000-000000-000000,proj-anon,proj-anon,Compute Engine,Storage PD Capacity,2026-03-01 00:00:00,2026-03-01 01:00:00,4.78E-4,EUR,3.716220452864E13,byte-seconds,
000000-000000-000000,proj-anon,proj-anon,Cloud Logging,Log Storage cost,2026-03-01 00:00:00,2026-03-01 01:00:00,1.9E-5,EUR,49526.0,bytes,goog-resource-type:REDACTED
000000-000000-000000,proj-anon,proj-anon,Cloud Logging,Log Storage cost,2026-03-01 00:00:00,2026-03-01 01:00:00,4.3E-5,EUR,111355.0,bytes,goog-resource-type:REDACTED
000000-000000-000000,proj-anon,proj-anon,Networking,Regional External Passthrough Network Load Balancer Inbound Data Processing for Milan (europe-west8),2026-03-01 00:00:00,2026-03-01 01:00:00,1.7E-5,EUR,2399954.0,bytes,goog-gke-cluster-id-base32:REDACTED;goog-gke-node:REDACTED;goog-gke-node-pool-provisioning-model:REDACTED;goog-k8s-cluster-location:REDACTED;goog-k8s-cluster-name:REDACTED;goog-k8s-namespace:REDACTED;goog-k8s-node-pool-name:REDACTED;k8s-namespace:REDACTED
000000-000000-000000,proj-anon,proj-anon,Cloud SQL,Cloud SQL for PostgreSQL: Zonal - vCPU in EMEA,2026-03-01 00:00:00,2026-03-01 01:00:00,0.034518,EUR,3600.0,seconds,
000000-000000-000000,proj-anon,proj-anon,Cloud Run,Services Min Instance CPU (Request-based billing),2026-03-01 00:00:00,2026-03-01 01:00:00,0.028501,EUR,13640.03692,seconds,resource-name:REDACTED;resource-type:cloudrun-service;team:ml
000000-000000-000000,proj-anon,proj-anon,Networking,Networking Telemetry,2026-03-01 00:00:00,2026-03-01 01:00:00,0.004938,EUR,2.5377693E7,bytes,
000000-000000-000000,proj-anon,proj-anon,Cloud SQL,Storage PD Snapshot,2026-03-01 00:00:00,2026-03-01 01:00:00,1.04E-4,EUR,4.029644060109E12,byte-seconds,bigalloc-enabled:false;cloud_sql_backup_id:REDACTED;cloud_sql_bill_to:REDACTED;dg_storage_retention_plan_id:REDACTED;physical-block-size:4096
000000-000000-000000,proj-anon,proj-anon,Cloud Run,Jobs Memory in europe-west1,2026-03-01 00:00:00,2026-03-01 01:00:00,0.002808,EUR,1.8038862643199998E12,byte-seconds,resource-name:REDACTED;resource-type:cloudrun-job;team:ml
000000-000000-000000,proj-anon,proj-anon,Cloud Logging,Vended Logs Storage,2026-03-01 00:00:00,2026-03-01 01:00:00,0.001374,EUR,7064346.0,bytes,goog-resource-type:REDACTED
000000-000000-000000,proj-anon,proj-anon,Secret Manager,Secret access operations,2026-03-01 00:00:00,2026-03-01 01:00:00,0.003047,EUR,1215.0,requests,
000000-000000-000000,proj-anon,proj-anon,Compute Engine,Storage Image,2026-03-01 00:00:00,2026-03-01 01:00:00,8.89E-4,EUR,5.5227999444352E13,byte-seconds,cal-account:REDACTED;cal-activity:backup;cal-calid:REDACTED;cal-instanceid:REDACTED;cal-instancename:instance-anon;cal-last-tagged-at:REDACTED;cal-solinstid:REDACTED;cal-solution:REDACTED;cal-userid:REDACTED;cal-volumesnapshot:REDACTED;name:REDACTED
000000-000000-000000,proj-anon,proj-anon,Networking,Regional External Passthrough Network Load Balancer Inbound Data Processing for Milan (europe-west8),2026-03-01 00:00:00,2026-03-01 01:00:00,1.7E-5,EUR,2383004.0,bytes,goog-gke-cluster-id-base32:REDACTED;goog-gke-node:REDACTED;goog-gke-node-pool-provisioning-model:REDACTED;goog-k8s-cluster-location:REDACTED;goog-k8s-cluster-name:REDACTED;goog-k8s-namespace:REDACTED;goog-k8s-node-pool-name:REDACTED;k8s-namespace:REDACTED
000000-000000-000000,proj-anon,proj-anon,Cloud SQL,Cloud SQL: Backups in Netherlands,2026-03-01 00:00:00,2026-03-01 01:00:00,1.0E-6,EUR,1.7116392448E10,byte-seconds,bigalloc-enabled:false;cloud_sql_backup_id:REDACTED;cloud_sql_bill_to:REDACTED;dg_storage_retention_plan_id:REDACTED;env:qa;physical-block-size:4096;scope:REDACTED
000000-000000-000000,proj-anon,proj-anon,Cloud SQL,Storage PD Snapshot,2026-03-01 00:00:00,2026-03-01 01:00:00,9.0E-5,EUR,3.486432025467E12,byte-seconds,bigalloc-enabled:false;cloud_sql_backup_id:REDACTED;cloud_sql_bill_to:REDACTED;dg_storage_retention_plan_id:REDACTED;physical-block-size:4096
000000-000000-000000,proj-anon,proj-anon,Workflows,Internal Steps,2026-03-01 00:00:00,2026-03-01 01:00:00,0.033365,EUR,3992.0,requests,
000000-000000-000000,proj-anon,proj-anon,Cloud Logging,Log Storage cost,2026-03-01 00:00:00,2026-03-01 01:00:00,1.9E-5,EUR,50055.0,bytes,goog-resource-type:REDACTED
000000-000000-000000,proj-anon,proj-anon,Cloud Logging,Log Storage cost,2026-03-01 00:00:00,2026-03-01 01:00:00,2.5E-5,EUR,63097.0,bytes,goog-resource-type:REDACTED
000000-000000-000000,proj-anon,proj-anon,Compute Engine,Network Internet Data Transfer Out from EMEA to EMEA,2026-03-01 00:00:00,2026-03-01 01:00:00,3.44E-4,EUR,3693750.0,bytes,goog-gke-cluster-id-base32:REDACTED;goog-gke-node:REDACTED;goog-gke-node-pool-provisioning-model:REDACTED;goog-k8s-cluster-location:REDACTED;goog-k8s-cluster-name:REDACTED;goog-k8s-namespace:REDACTED;goog-k8s-node-pool-name:REDACTED;k8s-namespace:REDACTED
000000-000000-000000,proj-anon,proj-anon,Compute Engine,Balanced PD Capacity in Milan,2026-03-01 00:00:00,2026-03-01 01:00:00,2.78E-4,EUR,7.4625056768E12,byte-seconds,
000000-000000-000000,proj-anon,proj-anon,Compute Engine,Hyperdisk Balanced Capacity in Netherlands,2026-03-01 00:00:00,2026-03-01 01:00:00,4.0E-5,EUR,1.49250113536E12,byte-seconds,
000000-000000-000000,proj-anon,proj-anon,Cloud Logging,Vended Logs Storage,2026-03-01 00:00:00,2026-03-01 01:00:00,2.3E-5,EUR,122983.0,bytes,goog-resource-type:REDACTED
000000-000000-000000,proj-anon,proj-anon,Compute Engine,Spot Preemptible E2 Instance Core running in EMEA,2026-03-01 00:00:00,2026-03-01 01:00:00,6.19E-4,EUR,278.0,seconds,goog-gke-cluster-id-base32:REDACTED;goog-gke-node:REDACTED;goog-gke-node-pool-provisioning-model:REDACTED;goog-k8s-cluster-location:REDACTED;goog-k8s-node-pool-name:REDACTED
000000-000000-000000,proj-anon,proj-anon,Cloud Composer,Cloud Composer 3 database storage (europe-west1),2026-03-01 00:00:00,2026-03-01 01:00:00,7.75E-4,EUR,1.2884901888E13,byte-seconds,goog-terraform-provisioned:true;resource-type:composer;team:ml
000000-000000-000000,proj-anon,proj-anon,Cloud Logging,Vended Logs Storage,2026-03-01 00:00:00,2026-03-01 01:00:00,2.0E-5,EUR,105666.0,bytes,goog-resource-type:REDACTED
000000-000000-000000,proj-anon,proj-anon,Vertex AI,Vertex AI: Training/Pipelines on SSD backed PD Capacity,2026-03-01 00:00:00,2026-03-01 01:00:00,0.00102,EUR,1.62135015424E13,byte-seconds,
000000-000000-000000,proj-anon,proj-anon,Cloud Logging,Log Storage cost,2026-03-01 00:00:00,2026-03-01 01:00:00,8.25E-4,EUR,2118735.0,bytes,goog-resource-type:REDACTED
000000-000000-000000,proj-anon,proj-anon,Secret Manager,Secret version replica storage,2026-03-01 00:00:00,2026-03-01 01:00:00,7.2E-5,EUR,3461.0,seconds,
000000-000000-000000,proj-anon,proj-anon,BigQuery,Analysis (europe-west1),2026-03-01 00:00:00,2026-03-01 01:00:00,0.001435,EUR,2.5165824E8,bytes,
000000-000000-000000,proj-anon,proj-anon,BigQuery,Analysis (europe-west1),2026-03-01 00:00:00,2026-03-01 01:00:00,1.61E-4,EUR,2.8311552E7,bytes,airflow-dag:REDACTED;airflow-task:REDACTED
000000-000000-000000,proj-anon,proj-anon,Cloud Logging,Log Storage cost,2026-03-01 00:00:00,2026-03-01 01:00:00,0.455192,EUR,1.169562766E9,bytes,goog-resource-type:REDACTED
000000-000000-000000,proj-anon,proj-anon,Cloud SQL,Cloud SQL for PostgreSQL: Zonal - vCPU in Americas,2026-03-01 00:00:00,2026-03-01 01:00:00,0.034518,EUR,3600.0,seconds,
000000-000000-000000,proj-anon,proj-anon,Cloud Composer,Cloud Composer Network Inter Zone Data Transfer Out,2026-03-01 00:00:00,2026-03-01 01:00:00,8.59E-4,EUR,1.10467401E8,bytes,goog-composer-cluster-name:REDACTED;goog-composer-image-version:cloud-composer-service-2026-02-09-rc3;goog-composer-location:europe-west1;goog-composer-namespace-name:REDACTED;goog-composer-pod-name:REDACTED;goog-terraform-provisioned:true;resource-type:composer;team:ml
000000-000000-000000,proj-anon,proj-anon,Cloud Memorystore for Redis,Redis Capacity Basic M1 Netherlands,2026-03-01 00:00:00,2026-03-01 01:00:00,0.001645,EUR,1.49250113536E11,byte-seconds,env:shared;goog-terraform-provisioned:true;scope:REDACTED
000000-000000-000000,proj-anon,proj-anon,Cloud Run,Jobs Memory in europe-west1,2026-03-01 00:00:00,2026-03-01 01:00:00,0.010566,EUR,6.786443203743379E12,byte-seconds,flow:REDACTED;resource-name:REDACTED;resource-type:cloudrun-job;team:ml
000000-000000-000000,proj-anon,proj-anon,Compute Engine,Balanced PD Capacity in Milan,2026-03-01 00:00:00,2026-03-01 01:00:00,0.001671,EUR,4.47750340608E13,byte-seconds,goog-gke-cluster-id-base32:REDACTED;goog-gke-node:REDACTED;goog-gke-node-pool-provisioning-model:REDACTED;goog-gke-volume:REDACTED;goog-k8s-cluster-location:REDACTED;goog-k8s-cluster-name:REDACTED;goog-k8s-node-pool-name:REDACTED
000000-000000-000000,proj-anon,proj-anon,Compute Engine,Network Internet Data Transfer Out from EMEA to EMEA,2026-03-01 00:00:00,2026-03-01 01:00:00,1.8E-5,EUR,196648.0,bytes,
000000-000000-000000,proj-anon,proj-anon,Cloud SQL,Cloud SQL for PostgreSQL: Zonal - vCPU in EMEA,2026-03-01 00:00:00,2026-03-01 01:00:00,0.034518,EUR,3600.0,seconds,
000000-000000-000000,proj-anon,proj-anon,Cloud Document AI API,Number of hours a processor version has been deployed.,2026-03-01 00:00:00,2026-03-01 01:00:00,0.080352,EUR,6922.0,seconds,
000000-000000-000000,proj-anon,proj-anon,Vertex AI,Vertex AI: Online/Batch Prediction N1 Predefined Instance Ram running in Americas for AI Platform,2026-03-01 00:00:00,2026-03-01 01:00:00,0.01682,EUR,1.555851902976E13,byte-seconds,
000000-000000-000000,proj-anon,proj-anon,Compute Engine,Network Internet Data Transfer Out from EMEA to Australia,2026-03-01 00:00:00,2026-03-01 01:00:00,3.1E-5,EUR,209688.0,bytes,
000000-000000-000000,proj-anon,proj-anon,Workflows,Internal Steps,2026-03-01 00:00:00,2026-03-01 01:00:00,0.009569,EUR,1145.0,requests,
000000-000000-000000,proj-anon,proj-anon,Compute Engine,N2 Instance Ram running in Netherlands,2026-03-01 00:00:00,2026-03-01 01:00:00,0.029981,EUR,2.9729763622912E13,byte-seconds,env:dev;goog-terraform-provisioned:true;scope:REDACTED
000000-000000-000000,proj-anon,proj-anon,BigQuery,Analysis (europe-west1),2026-03-01 00:00:00,2026-03-01 01:00:00,0.002273,EUR,3.9845888E8,bytes,
000000-000000-000000,proj-anon,proj-anon,Cloud Composer,Cloud Composer 3 standard milli DCU-hours (europe-west1),2026-03-01 00:00:00,2026-03-01 01:00:00,0.02938,EUR,1917394.0,seconds,goog-composer-cluster-name:REDACTED;goog-composer-image-version:cloud-composer-service-2025-10-28-rc0;goog-composer-location:europe-west1;goog-composer-namespace-name:REDACTED;goog-composer-pod-name:REDACTED;goog-terraform-provisioned:true;resource-type:composer;team:ml
000000-000000-000000,proj-anon,proj-anon,Cloud Logging,Log Storage cost,2026-03-01 00:00:00,2026-03-01 01:00:00,1.1E-5,EUR,27661.0,bytes,goog-resource-type:REDACTED
000000-000000-000000,proj-anon,proj-anon,Cloud Logging,Log Storage cost,2026-03-01 00:00:00,2026-03-01 01:00:00,3.4E-5,EUR,86395.0,bytes,goog-resource-type:REDACTED
000000-000000-000000,proj-anon,proj-anon,Cloud Key Management Service (KMS),Active software symmetric key versions,2026-03-01 00:00:00,2026-03-01 01:00:00,2.3E-5,EUR,1112.0,seconds,
000000-000000-000000,proj-anon,proj-anon,Cloud Logging,Vended Logs Storage,2026-03-01 00:00:00,2026-03-01 01:00:00,0.003291,EUR,1.6916097E7,bytes,goog-resource-type:REDACTED
000000-000000-000000,proj-anon,proj-anon,Cloud SQL,Storage PD Snapshot,2026-03-01 00:00:00,2026-03-01 01:00:00,7.7E-5,EUR,3.007271313107E12,byte-seconds,bigalloc-enabled:false;cloud_sql_backup_id:REDACTED;cloud_sql_bill_to:REDACTED;dg_storage_retention_plan_id:REDACTED;physical-block-size:4096
000000-000000-000000,proj-anon,proj-anon,Compute Engine,E2 Instance Ram running in EMEA,2026-03-01 00:00:00,2026-03-01 01:00:00,0.001373,EUR,1.974611214336E12,byte-seconds,container-vm:REDACTED
000000-000000-000000,proj-anon,proj-anon,Cloud Logging,Log Storage cost,2026-03-01 00:00:00,2026-03-01 01:00:00,7.0E-6,EUR,17694.0,bytes,goog-resource-type:REDACTED
000000-000000-000000,proj-anon,proj-anon,Cloud Run,Services CPU (Request-based billing),2026-03-01 00:00:00,2026-03-01 01:00:00,7.2E-5,EUR,3.6,seconds,
000000-000000-000000,proj-anon,proj-anon,Cloud Logging,Log Storage cost,2026-03-01 00:00:00,2026-03-01 01:00:00,3.0E-6,EUR,6726.0,bytes,goog-resource-type:REDACTED
000000-000000-000000,proj-anon,proj-anon,Cloud Composer,Cloud Composer 3 standard milli DCU-hours (europe-west1),2026-03-01 00:00:00,2026-03-01 01:00:00,0.003933,EUR,256700.0,seconds,goog-composer-cluster-name:REDACTED;goog-composer-image-version:cloud-composer-service-2026-02-09-rc3;goog-composer-location:europe-west1;goog-composer-namespace-name:REDACTED;goog-composer-pod-name:REDACTED;goog-terraform-provisioned:true;resource-type:composer;team:ml
000000-000000-000000,proj-anon,proj-anon,Notebooks,Workbench Instances Storage for GCE usage - Balanced Persistent Disk in europe-west4,2026-03-01 00:00:00,2026-03-01 01:00:00,0.015783,EUR,3.716220452864E14,byte-seconds,consumer-project-id:REDACTED;consumer-project-number:REDACTED;notebooks-product:REDACTED;resource-name:REDACTED
000000-000000-000000,proj-anon,proj-anon,BigQuery,Analysis (europe-west1),2026-03-01 00:00:00,2026-03-01 01:00:00,6.0E-5,EUR,1.048576E7,bytes,airflow-dag:REDACTED;airflow-task:REDACTED
000000-000000-000000,proj-anon,proj-anon,Cloud Run,Requests,2026-03-01 00:00:00,2026-03-01 01:00:00,5.0E-5,EUR,150.0,requests,
000000-000000-000000,proj-anon,proj-anon,Cloud SQL,Cloud SQL for PostgreSQL: Zonal - Enterprise Plus N RAM in Iowa,2026-03-01 00:00:00,2026-03-01 01:00:00,0.243384,EUR,1.236950581248E14,byte-seconds,
000000-000000-000000,proj-anon,proj-anon,Compute Engine,E2 Instance Ram running in Milan,2026-03-01 00:00:00,2026-03-01 01:00:00,0.174385,EUR,2.37838108983296E14,byte-seconds,goog-gke-cluster-id-base32:REDACTED;goog-gke-node:REDACTED;goog-gke-node-pool-provisioning-model:REDACTED;goog-k8s-cluster-location:REDACTED;goog-k8s-node-pool-name:REDACTED
000000-000000-000000,proj-anon,proj-anon,Cloud SQL,Cloud SQL for PostgreSQL: Zonal - vCPU in Americas,2026-03-01 00:00:00,2026-03-01 01:00:00,0.034518,EUR,3600.0,seconds,
000000-000000-000000,proj-anon,proj-anon,Compute Engine,Network Internet Data Transfer Out from Belgium to Apac(Excluding Korea and Indonesia),2026-03-01 00:00:00,2026-03-01 01:00:00,7.0E-6,EUR,82237.0,bytes,goog-gke-cluster-id-base32:REDACTED;goog-gke-node:REDACTED;goog-gke-node-pool-provisioning-model:REDACTED;goog-k8s-cluster-location:REDACTED;goog-k8s-cluster-name:REDACTED;goog-k8s-namespace:REDACTED;goog-k8s-node-pool-name:REDACTED;k8s-namespace:REDACTED
000000-000000-000000,proj-anon,proj-anon,Cloud Run,Requests,2026-03-01 00:00:00,2026-03-01 01:00:00,3.5E-5,EUR,103.0,requests,
000000-000000-000000,proj-anon,proj-anon,Cloud SQL,Cloud SQL for PostgreSQL: Zonal - Enterprise Plus N vCPU in EMEA,2026-03-01 00:00:00,2026-03-01 01:00:00,0.089764,EUR,7200.0,seconds,
000000-000000-000000,proj-anon,proj-anon,Cloud SQL,Cloud SQL for PostgreSQL: Zonal - Standard storage in Americas,2026-03-01 00:00:00,2026-03-01 01:00:00,0.002114,EUR,3.8654705664E13,byte-seconds,
000000-000000-000000,proj-anon,proj-anon,Cloud Run,Requests,2026-03-01 00:00:00,2026-03-01 01:00:00,1.0E-6,EUR,2.0,requests,
000000-000000-000000,proj-anon,proj-anon,Compute Engine,Balanced PD Capacity in Milan,2026-03-01 00:00:00,2026-03-01 01:00:00,0.00444,EUR,1.18919054491648E14,byte-seconds,goog-gke-cluster-id-base32:REDACTED;goog-gke-node-pool-provisioning-model:REDACTED;goog-gke-volume:REDACTED;goog-k8s-cluster-location:REDACTED;goog-k8s-node-pool-name:REDACTED
000000-000000-000000,proj-anon,proj-anon,Compute Engine,Balanced PD Capacity in Milan,2026-03-01 00:00:00,2026-03-01 01:00:00,0.055479,EUR,1.4864881811456E15,byte-seconds,goog-gke-cluster-id-base32:REDACTED;goog-gke-node:REDACTED;goog-gke-node-pool-provisioning-model:REDACTED;goog-gke-volume:REDACTED;goog-k8s-cluster-location:REDACTED;goog-k8s-cluster-name:REDACTED;goog-k8s-node-pool-name:REDACTED
000000-000000-000000,proj-anon,proj-anon,Compute Engine,External IP Charge on a Standard VM,2026-03-01 00:00:00,2026-03-01 01:00:00,6.45E-4,EUR,556.0,seconds,goog-ops-agent-policy:REDACTED
000000-000000-000000,proj-anon,proj-anon,Artifact Registry,Artifact Registry Storage,2026-03-01 00:00:00,2026-03-01 01:00:00,0.145154,EUR,4.511250505151994E15,byte-seconds,
000000-000000-000000,proj-anon,proj-anon,VM Manager,VM Manager Usage (Cloud Ops),2026-03-01 00:00:00,2026-03-01 01:00:00,0.002507,EUR,1.0,requests,
000000-000000-000000,proj-anon,proj-anon,Cloud Logging,Log Storage cost,2026-03-01 00:00:00,2026-03-01 01:00:00,1.0E-6,EUR,2527.0,bytes,goog-resource-type:REDACTED
000000-000000-000000,proj-anon,proj-anon,Vertex AI,Metadata storage,2026-03-01 00:00:00,2026-03-01 01:00:00,2.3E-5,EUR,7.258243072E9,byte-seconds,
000000-000000-000000,proj-anon,proj-anon,Cloud Logging,Vended Logs Storage,2026-03-01 00:00:00,2026-03-01 01:00:00,1.08E-4,EUR,555084.0,bytes,goog-resource-type:REDACTED
000000-000000-000000,proj-anon,proj-anon,Networking,Network Intelligence Center Network Analyzer Resource Hours,2026-03-01 00:00:00,2026-03-01 01:00:00,9.19E-4,EUR,1.0,requests,
000000-000000-000000,proj-anon,proj-anon,Cloud Logging,Log Storage cost,2026-03-01 00:00:00,2026-03-01 01:00:00,8.56E-4,EUR,2199856.0,bytes,goog-resource-type:REDACTED
000000-000000-000000,proj-anon,proj-anon,Cloud Composer,Cloud Composer 3 standard milli DCU-hours (europe-west1),2026-03-01 00:00:00,2026-03-01 01:00:00,0.004038,EUR,263500.0,seconds,goog-composer-cluster-name:REDACTED;goog-composer-image-version:cloud-composer-service-2026-02-09-rc3;goog-composer-location:europe-west1;goog-composer-namespace-name:REDACTED;goog-composer-pod-name:REDACTED;goog-terraform-provisioned:true;resource-type:composer;team:ml
000000-000000-000000,proj-anon,proj-anon,Cloud Logging,Log Storage cost,2026-03-01 00:00:00,2026-03-01 01:00:00,3.0E-6,EUR,6919.0,bytes,goog-resource-type:REDACTED
000000-000000-000000,proj-anon,proj-anon,Cloud SQL,Storage PD Snapshot,2026-03-01 00:00:00,2026-03-01 01:00:00,6.0E-6,EUR,2.47160910418E11,byte-seconds,bigalloc-enabled:false;cloud_sql_backup_id:REDACTED;cloud_sql_bill_to:REDACTED;dg_storage_retention_plan_id:REDACTED;physical-block-size:4096
000000-000000-000000,proj-anon,proj-anon,BigQuery,Active Logical Storage (europe-west1),2026-03-01 00:00:00,2026-03-01 01:00:00,0.00143,EUR,2.22175400296448E14,byte-seconds,resource-type:bigquery-dataset;team:ml
000000-000000-000000,proj-anon,proj-anon,Cloud Composer,Cloud Composer 3 database storage (europe-west1),2026-03-01 00:00:00,2026-03-01 01:00:00,1.8E-5,EUR,3.12545767577E11,byte-seconds,goog-terraform-provisioned:true;resource-type:composer;team:ml
000000-000000-000000,proj-anon,proj-anon,Cloud Logging,Log Storage cost,2026-03-01 00:00:00,2026-03-01 01:00:00,2.1E-4,EUR,540517.0,bytes,goog-resource-type:REDACTED
000000-000000-000000,proj-anon,proj-anon,Cloud SQL,Storage PD Snapshot,2026-03-01 00:00:00,2026-03-01 01:00:00,8.0E-5,EUR,3.128193508887E12,byte-seconds,bigalloc-enabled:false;cloud_sql_backup_id:REDACTED;cloud_sql_bill_to:REDACTED;dg_storage_retention_plan_id:REDACTED;physical-block-size:4096
000000-000000-000000,proj-anon,proj-anon,Compute Engine,Storage PD Capacity,2026-03-01 00:00:00,2026-03-01 01:00:00,9.6E-5,EUR,7.432440905728E12,byte-seconds,goog-composer-environment:REDACTED;goog-composer-environment-uuid:REDACTED;goog-composer-location:europe-west1;goog-composer-version:REDACTED;goog-gke-cluster-id-base32:REDACTED;goog-gke-volume:REDACTED;goog-k8s-cluster-location:REDACTED;goog-k8s-node-pool-name:REDACTED
000000-000000-000000,proj-anon,proj-anon,Cloud Logging,Log Storage cost,2026-03-01 00:00:00,2026-03-01 01:00:00,2.5E-5,EUR,64262.0,bytes,goog-resource-type:REDACTED
000000-000000-000000,proj-anon,proj-anon,Vertex AI,Vertex AI: Online/Batch Prediction N1 Predefined Instance Ram running in Americas for AI Platform,2026-03-01 00:00:00,2026-03-01 01:00:00,0.01379,EUR,1.275605286912E13,byte-seconds,
000000-000000-000000,proj-anon,proj-anon,Cloud SQL,Cloud SQL for PostgreSQL: Zonal - Enterprise Plus Standard Storage in EMEA,2026-03-01 00:00:00,2026-03-01 01:00:00,0.021143,EUR,3.8654705664E14,byte-seconds,
000000-000000-000000,proj-anon,proj-anon,Compute Engine,Balanced PD Capacity,2026-03-01 00:00:00,2026-03-01 01:00:00,0.011957,EUR,3.716220452864E14,byte-seconds,goog-gke-cluster-id-base32:REDACTED;goog-gke-node:REDACTED;goog-gke-node-pool-provisioning-model:REDACTED;goog-gke-volume:REDACTED;goog-k8s-cluster-location:REDACTED;goog-k8s-cluster-name:REDACTED;goog-k8s-node-pool-name:REDACTED
000000-000000-000000,proj-anon,proj-anon,Cloud Logging,Log Storage cost,2026-03-01 00:00:00,2026-03-01 01:00:00,2.6E-5,EUR,67856.0,bytes,goog-resource-type:REDACTED
000000-000000-000000,proj-anon,proj-anon,BigQuery,Active Logical Storage (europe-west1),2026-03-01 00:00:00,2026-03-01 01:00:00,1.0E-6,EUR,7.1331479552E10,byte-seconds,
000000-000000-000000,proj-anon,proj-anon,Cloud Logging,Log Storage cost,2026-03-01 00:00:00,2026-03-01 01:00:00,1.62E-4,EUR,415672.0,bytes,goog-resource-type:REDACTED
000000-000000-000000,proj-anon,proj-anon,Compute Engine,Hyperdisk Balanced Throughput in Netherlands,2026-03-01 00:00:00,2026-03-01 01:00:00,7.53E-4,EUR,51915.0,seconds,
000000-000000-000000,proj-anon,proj-anon,Cloud Logging,Log Storage cost,2026-03-01 00:00:00,2026-03-01 01:00:00,1.41E-4,EUR,363355.0,bytes,goog-resource-type:REDACTED
000000-000000-000000,proj-anon,proj-anon,Cloud SQL,Cloud SQL: Backups in Netherlands,2026-03-01 00:00:00,2026-03-01 01:00:00,1.0E-6,EUR,1.9039655476E10,byte-seconds,bigalloc-enabled:false;cloud_sql_backup_id:REDACTED;cloud_sql_bill_to:REDACTED;dg_storage_retention_plan_id:REDACTED;env:dev;physical-block-size:4096;scope:REDACTED
000000-000000-000000,proj-anon,proj-anon,Cloud Composer,Cloud Composer Network Inter Zone Data Transfer Out,2026-03-01 00:00:00,2026-03-01 01:00:00,1.0E-6,EUR,135691.0,bytes,goog-composer-cluster-name:REDACTED;goog-composer-image-version:cloud-composer-service-2025-10-28-rc0;goog-composer-location:europe-west1;goog-composer-namespace-name:REDACTED;goog-composer-pod-name:REDACTED;goog-terraform-provisioned:true;resource-type:composer;team:ml
000000-000000-000000,proj-anon,proj-anon,Cloud Logging,Log Storage cost,2026-03-01 00:00:00,2026-03-01 01:00:00,1.0E-6,EUR,1897.0,bytes,goog-resource-type:REDACTED
000000-000000-000000,proj-anon,proj-anon,Networking,Cloud Load Balancer Forwarding Rule Minimum for Belgium (europe-west1),2026-03-01 00:00:00,2026-03-01 01:00:00,8.06E-4,EUR,139.0,seconds,
000000-000000-000000,proj-anon,proj-anon,Compute Engine,Network Internet Data Transfer Out from Belgium to Apac(Excluding Korea and Indonesia),2026-03-01 00:00:00,2026-03-01 01:00:00,1.0E-6,EUR,0.0,bytes,container-vm:REDACTED
000000-000000-000000,proj-anon,proj-anon,Secret Manager,Secret access operations,2026-03-01 00:00:00,2026-03-01 01:00:00,6.4E-5,EUR,26.0,requests,
000000-000000-000000,proj-anon,proj-anon,Compute Engine,External IP Charge on a Spot Preemptible VM,2026-03-01 00:00:00,2026-03-01 01:00:00,0.006027,EUR,10383.0,seconds,goog-gke-cluster-id-base32:REDACTED;goog-gke-node:REDACTED;goog-gke-node-pool-provisioning-model:REDACTED;goog-k8s-cluster-location:REDACTED;goog-k8s-cluster-name:REDACTED;goog-k8s-namespace:REDACTED;goog-k8s-node-pool-name:REDACTED;k8s-namespace:REDACTED
000000-000000-000000,proj-anon,proj-anon,Compute Engine,Balanced PD Capacity,2026-03-01 00:00:00,2026-03-01 01:00:00,0.059786,EUR,1.858110226432E15,byte-seconds,
000000-000000-000000,proj-anon,proj-anon,Cloud SQL,Storage PD Snapshot,2026-03-01 00:00:00,2026-03-01 01:00:00,2.0E-6,EUR,7.2638745844E10,byte-seconds,bigalloc-enabled:false;cloud_sql_backup_id:REDACTED;cloud_sql_bill_to:REDACTED;dg_storage_retention_plan_id:REDACTED;physical-block-size:4096
000000-000000-000000,proj-anon,proj-anon,Cloud Logging,Log Storage cost,2026-03-01 00:00:00,2026-03-01 01:00:00,2.0E-6,EUR,4399.0,bytes,goog-resource-type:REDACTED
000000-000000-000000,proj-anon,proj-anon,Cloud Logging,Log Storage cost,2026-03-01 00:00:00,2026-03-01 01:00:00,2.0E-6,EUR,7454.0,bytes,goog-resource-type:REDACTED
000000-000000-000000,proj-anon,proj-anon,Cloud Composer,Cloud Composer 3 standard milli DCU-hours (europe-west1),2026-03-01 00:00:00,2026-03-01 01:00:00,0.003751,EUR,244800.0,seconds,goog-composer-cluster-name:REDACTED;goog-composer-image-version:cloud-composer-service-2025-10-28-rc0;goog-composer-location:europe-west1;goog-composer-namespace-name:REDACTED;goog-composer-pod-name:REDACTED;goog-terraform-provisioned:true;resource-type:composer;team:ml
000000-000000-000000,proj-anon,proj-anon,Cloud Logging,Log Storage cost,2026-03-01 00:00:00,2026-03-01 01:00:00,1.1E-5,EUR,27991.0,bytes,goog-resource-type:REDACTED
000000-000000-000000,proj-anon,proj-anon,Cloud Monitoring,Metric Volume,2026-03-01 00:00:00,2026-03-01 01:00:00,0.001149,EUR,5584.0,bytes,goog-agent-metric-class:REDACTED;goog-metric-domain:REDACTED
000000-000000-000000,proj-anon,proj-anon,Cloud Run,Jobs CPU in europe-west1,2026-03-01 00:00:00,2026-03-01 01:00:00,0.122761,EUR,8159.999995,seconds,
000000-000000-000000,proj-anon,proj-anon,Vertex AI,Vertex AI: Online/Batch Prediction N1 Predefined Instance Ram running in Americas for AI Platform,2026-03-01 00:00:00,2026-03-01 01:00:00,0.025451,EUR,2.3542189836103E13,byte-seconds,
000000-000000-000000,proj-anon,proj-anon,Cloud SQL,Cloud SQL for PostgreSQL: Zonal - Enterprise Plus N RAM in EMEA,2026-03-01 00:00:00,2026-03-01 01:00:00,0.243384,EUR,1.236950581248E14,byte-seconds,
000000-000000-000000,proj-anon,proj-anon,Cloud Run,Requests,2026-03-01 00:00:00,2026-03-01 01:00:00,1.7E-5,EUR,49.0,requests,resource-name:REDACTED;resource-type:cloudrun-service;team:ml
000000-000000-000000,proj-anon,proj-anon,Compute Engine,Storage PD Capacity,2026-03-01 00:00:00,2026-03-01 01:00:00,9.6E-5,EUR,7.432440905728E12,byte-seconds,goog-composer-environment:REDACTED;goog-composer-environment-uuid:REDACTED;goog-composer-location:europe-west1;goog-composer-version:REDACTED;goog-gke-cluster-id-base32:REDACTED;goog-gke-volume:REDACTED;goog-k8s-cluster-location:REDACTED;goog-k8s-node-pool-name:REDACTED
000000-000000-000000,proj-anon,proj-anon,Compute Engine,Licensing Fee for Red Hat Enterprise Linux 8 on VM with up to 8 VCPU,2026-03-01 00:00:00,2026-03-01 01:00:00,0.046283,EUR,13844.0,seconds,goog-ops-agent-policy:REDACTED
000000-000000-000000,proj-anon,proj-anon,Cloud Monitoring,Metric Volume,2026-03-01 00:00:00,2026-03-01 01:00:00,1.11E-4,EUR,544.0,bytes,goog-agent-metric-class:REDACTED;goog-metric-domain:REDACTED
000000-000000-000000,proj-anon,proj-anon,Cloud Logging,Log Storage cost,2026-03-01 00:00:00,2026-03-01 01:00:00,6.31E-4,EUR,1622285.0,bytes,goog-resource-type:REDACTED
000000-000000-000000,proj-anon,proj-anon,Cloud Logging,Log Storage cost,2026-03-01 00:00:00,2026-03-01 01:00:00,1.2E-5,EUR,31216.0,bytes,goog-resource-type:REDACTED
000000-000000-000000,proj-anon,proj-anon,Cloud Logging,Vended Logs Storage,2026-03-01 00:00:00,2026-03-01 01:00:00,2.12E-4,EUR,1092608.0,bytes,goog-resource-type:REDACTED
000000-000000-000000,proj-anon,proj-anon,Compute Engine,Balanced PD Capacity in Milan,2026-03-01 00:00:00,2026-03-01 01:00:00,0.01387,EUR,3.716220452864E14,byte-seconds,
000000-000000-000000,proj-anon,proj-anon,Networking,Networking Telemetry,2026-03-01 00:00:00,2026-03-01 01:00:00,6.0E-5,EUR,308714.0,bytes,
000000-000000-000000,proj-anon,proj-anon,Cloud Logging,Vended Logs Storage,2026-03-01 00:00:00,2026-03-01 01:00:00,5.0E-6,EUR,26279.0,bytes,goog-resource-type:REDACTED
000000-000000-000000,proj-anon,proj-anon,Cloud SQL,Cloud SQL for PostgreSQL: Zonal - Enterprise Plus N vCPU in EMEA,2026-03-01 00:00:00,2026-03-01 01:00:00,0.179529,EUR,14400.0,seconds,
000000-000000-000000,proj-anon,proj-anon,Cloud Logging,Log Storage cost,2026-03-01 00:00:00,2026-03-01 01:00:00,0.004825,EUR,1.2397612E7,bytes,goog-resource-type:REDACTED
000000-000000-000000,proj-anon,proj-anon,Cloud Run,Cloud Run Network Internet Data Transfer Out Europe to Europe,2026-03-01 00:00:00,2026-03-01 01:00:00,3.0E-6,EUR,37101.0,bytes,
000000-000000-000000,proj-anon,proj-anon,Cloud Run,Jobs CPU in europe-west1,2026-03-01 00:00:00,2026-03-01 01:00:00,0.047541,EUR,3160.183878,seconds,flow:REDACTED;resource-name:REDACTED;resource-type:cloudrun-job;team:ml
000000-000000-000000,proj-anon,proj-anon,Compute Engine,E2 Instance Core running in Netherlands,2026-03-01 00:00:00,2026-03-01 01:00:00,0.004828,EUR,866.0,seconds,env:qa;goog-terraform-provisioned:true;scope:REDACTED
000000-000000-000000,proj-anon,proj-anon,Compute Engine,Storage PD Snapshot in US,2026-03-01 00:00:00,2026-03-01 01:00:00,1.0E-6,EUR,9.2487166154E10,byte-seconds,
000000-000000-000000,proj-anon,proj-anon,Cloud Logging,Log Storage cost,2026-03-01 00:00:00,2026-03-01 01:00:00,0.017693,EUR,4.5463674E7,bytes,goog-resource-type:REDACTED
000000-000000-000000,proj-anon,proj-anon,Secret Manager,Secret version replica storage,2026-03-01 00:00:00,2026-03-01 01:00:00,9.2E-5,EUR,4448.0,seconds,
000000-000000-000000,proj-anon,proj-anon,Cloud Monitoring,Metric Volume,2026-03-01 00:00:00,2026-03-01 01:00:00,0.002829,EUR,13760.0,bytes,goog-agent-metric-class:REDACTED;goog-metric-domain:REDACTED
000000-000000-000000,proj-anon,proj-anon,Cloud Composer,Cloud Composer Network Inter Zone Data Transfer Out,2026-03-01 00:00:00,2026-03-01 01:00:00,1.0E-6,EUR,157627.0,bytes,goog-composer-cluster-name:REDACTED;goog-composer-image-version:cloud-composer-service-2025-10-28-rc0;goog-composer-location:europe-west1;goog-composer-namespace-name:REDACTED;goog-composer-pod-name:REDACTED;goog-terraform-provisioned:true;resource-type:composer;team:ml
000000-000000-000000,proj-anon,proj-anon,Compute Engine,SSD backed PD Capacity,2026-03-01 00:00:00,2026-03-01 01:00:00,0.001412,EUR,2.5820269641728E13,byte-seconds,cal-account:REDACTED;cal-calid:REDACTED;cal-solinstid:REDACTED;cal-solution:REDACTED;cal-tenantid:REDACTED;cal-tenantname:REDACTED;cal-userid:REDACTED;name:REDACTED
000000-000000-000000,proj-anon,proj-anon,Compute Engine,E2 Instance Ram running in Netherlands,2026-03-01 00:00:00,2026-03-01 01:00:00,1.03E-4,EUR,1.49250113536E11,byte-seconds,serverless-vpc-access:REDACTED
000000-000000-000000,proj-anon,proj-anon,Cloud Monitoring,Metric Volume,2026-03-01 00:00:00,2026-03-01 01:00:00,0.001105,EUR,5376.0,bytes,goog-agent-metric-class:REDACTED;goog-metric-domain:REDACTED
000000-000000-000000,proj-anon,proj-anon,Compute Engine,Storage Image,2026-03-01 00:00:00,2026-03-01 01:00:00,7.0E-5,EUR,4.371336917696E12,byte-seconds,cal-account:REDACTED;cal-activity:backup;cal-calid:REDACTED;cal-instanceid:REDACTED;cal-instancename:instance-anon;cal-last-tagged-at:REDACTED;cal-solinstid:REDACTED;cal-solution:REDACTED;cal-userid:REDACTED;cal-volumesnapshot:REDACTED;name:REDACTED
000000-000000-000000,proj-anon,proj-anon,Cloud SQL,Storage PD Snapshot,2026-03-01 00:00:00,2026-03-01 01:00:00,2.0E-6,EUR,9.7055922934E10,byte-seconds,bigalloc-enabled:false;cloud_sql_backup_id:REDACTED;cloud_sql_bill_to:REDACTED;dg_storage_retention_plan_id:REDACTED;physical-block-size:4096
000000-000000-000000,proj-anon,proj-anon,Compute Engine,Network Internet Data Transfer Out from Milan to South America,2026-03-01 00:00:00,2026-03-01 01:00:00,2.68E-4,EUR,1818440.0,bytes,goog-gke-cluster-id-base32:REDACTED;goog-gke-node:REDACTED;goog-gke-node-pool-provisioning-model:REDACTED;goog-k8s-cluster-location:REDACTED;goog-k8s-cluster-name:REDACTED;goog-k8s-namespace:REDACTED;goog-k8s-node-pool-name:REDACTED;k8s-namespace:REDACTED
000000-000000-000000,proj-anon,proj-anon,Cloud Monitoring,Time series billed count,2026-03-01 00:00:00,2026-03-01 01:00:00,0.008125,EUR,19445.0,requests,goog-method-name:REDACTED
000000-000000-000000,proj-anon,proj-anon,Compute Engine,Network Internet Data Transfer Out from EMEA to EMEA,2026-03-01 00:00:00,2026-03-01 01:00:00,5.1E-5,EUR,537784.0,bytes,goog-gke-cluster-id-base32:REDACTED;goog-gke-node:REDACTED;goog-gke-node-pool-provisioning-model:REDACTED;goog-k8s-cluster-location:REDACTED;goog-k8s-cluster-name:REDACTED;goog-k8s-namespace:REDACTED;goog-k8s-node-pool-name:REDACTED;k8s-namespace:REDACTED
000000-000000-000000,proj-anon,proj-anon,Cloud Logging,Log Storage cost,2026-03-01 00:00:00,2026-03-01 01:00:00,2.0E-6,EUR,5618.0,bytes,goog-resource-type:REDACTED
000000-000000-000000,proj-anon,proj-anon,Cloud Logging,Log Storage cost,2026-03-01 00:00:00,2026-03-01 01:00:00,7.0E-6,EUR,16795.0,bytes,goog-resource-type:REDACTED
000000-000000-000000,proj-anon,proj-anon,Cloud Memorystore for Redis,Redis Capacity Basic M1 Netherlands,2026-03-01 00:00:00,2026-03-01 01:00:00,0.040979,EUR,3.716220452864E12,byte-seconds,env:shared;goog-terraform-provisioned:true;scope:REDACTED
000000-000000-000000,proj-anon,proj-anon,Compute Engine,External IP Charge on a Standard VM,2026-03-01 00:00:00,2026-03-01 01:00:00,0.004017,EUR,3461.0,seconds,env:qa;goog-terraform-provisioned:true;scope:REDACTED
000000-000000-000000,proj-anon,proj-anon,Cloud Logging,Log Storage cost,2026-03-01 00:00:00,2026-03-01 01:00:00,2.0E-6,EUR,5314.0,bytes,goog-resource-type:REDACTED
000000-000000-000000,proj-anon,proj-anon,Compute Engine,Balanced PD Capacity,2026-03-01 00:00:00,2026-03-01 01:00:00,9.6E-4,EUR,2.98500227072E13,byte-seconds,goog-gke-cluster-id-base32:REDACTED;goog-gke-node:REDACTED;goog-gke-node-pool-provisioning-model:REDACTED;goog-gke-volume:REDACTED;goog-k8s-cluster-location:REDACTED;goog-k8s-cluster-name:REDACTED;goog-k8s-node-pool-name:REDACTED
000000-000000-000000,proj-anon,proj-anon,Cloud Run,NVIDIA L4 GPU with no zonal redundancy in europe-west1,2026-03-01 00:00:00,2026-03-01 01:00:00,0.148836,EUR,953.812359,seconds,resource_type:REDACTED;service_type:REDACTED;team:backend
000000-000000-000000,proj-anon,proj-anon,Compute Engine,Storage PD Capacity in Milan,2026-03-01 00:00:00,2026-03-01 01:00:00,5.55E-4,EUR,3.716220452864E13,byte-seconds,goog-gke-cluster-id-base32:REDACTED;goog-gke-volume:REDACTED;goog-k8s-cluster-location:REDACTED;goog-k8s-node-pool-name:REDACTED
000000-000000-000000,proj-anon,proj-anon,BigQuery,Analysis (europe-west1),2026-03-01 00:00:00,2026-03-01 01:00:00,0.002723,EUR,4.7710208E8,bytes,
000000-000000-000000,proj-anon,proj-anon,Cloud Run,Jobs Memory in europe-west1,2026-03-01 00:00:00,2026-03-01 01:00:00,0.009962,EUR,6.399171561557626E12,byte-seconds,resource-name:REDACTED;resource-type:cloudrun-job;team:ml
000000-000000-000000,proj-anon,proj-anon,Cloud Logging,Log Storage cost,2026-03-01 00:00:00,2026-03-01 01:00:00,2.8E-5,EUR,72464.0,bytes,goog-resource-type:REDACTED
000000-000000-000000,proj-anon,proj-anon,Compute Engine,Storage PD Snapshot in European Union,2026-03-01 00:00:00,2026-03-01 01:00:00,5.3E-5,EUR,2.206390490304E12,byte-seconds,
000000-000000-000000,proj-anon,proj-anon,Vertex AI,Vertex Colab Storage for GCE usage - Standard Persistent Disk in europe-west1,2026-03-01 00:00:00,2026-03-01 01:00:00,2.3E-4,EUR,1.49250113536E13,byte-seconds,
000000-000000-000000,proj-anon,proj-anon,Compute Engine,E2 Instance Ram running in EMEA,2026-03-01 00:00:00,2026-03-01 01:00:00,4.15E-4,EUR,5.97000454144E11,byte-seconds,goog-ops-agent-policy:REDACTED
000000-000000-000000,proj-anon,proj-anon,Networking,Networking Cloud Nat Gateway Uptime,2026-03-01 00:00:00,2026-03-01 01:00:00,0.002774,EUR,8537.0,seconds,
000000-000000-000000,proj-anon,proj-anon,Networking,Networking Private Service Connect Consumer End Point,2026-03-01 00:00:00,2026-03-01 01:00:00,3.22E-4,EUR,139.0,seconds,
000000-000000-000000,proj-anon,proj-anon,Cloud Logging,Log Storage cost,2026-03-01 00:00:00,2026-03-01 01:00:00,2.1E-5,EUR,53547.0,bytes,goog-resource-type:REDACTED
000000-000000-000000,proj-anon,proj-anon,Vertex AI,Vertex Colab Storage for GCE usage - Standard Persistent Disk in europe-west1,2026-03-01 00:00:00,2026-03-01 01:00:00,2.3E-4,EUR,1.49250113536E13,byte-seconds,
000000-000000-000000,proj-anon,proj-anon,Compute Engine,E2 Instance Ram running in Milan,2026-03-01 00:00:00,2026-03-01 01:00:00,0.007002,EUR,9.552007266304E12,byte-seconds,goog-gke-cluster-id-base32:REDACTED;goog-gke-node:REDACTED;goog-gke-node-pool-provisioning-model:REDACTED;goog-k8s-cluster-location:REDACTED;goog-k8s-node-pool-name:REDACTED
000000-000000-000000,proj-anon,proj-anon,Compute Engine,Storage Image,2026-03-01 00:00:00,2026-03-01 01:00:00,3.0E-6,EUR,1.7497079808E11,byte-seconds,cal-account:REDACTED;cal-activity:backup;cal-calid:REDACTED;cal-instanceid:REDACTED;cal-instancename:instance-anon;cal-last-tagged-at:REDACTED;cal-solinstid:REDACTED;cal-solution:REDACTED;cal-userid:REDACTED;cal-volumesnapshot:REDACTED;name:REDACTED
000000-000000-000000,proj-anon,proj-anon,Compute Engine,E2 Instance Ram running in Milan,2026-03-01 00:00:00,2026-03-01 01:00:00,0.021798,EUR,2.9729763622912E13,byte-seconds,goog-ops-agent-policy:REDACTED
000000-000000-000000,proj-anon,proj-anon,Cloud Composer,Cloud Composer 3 standard milli DCU-hours (europe-west1),2026-03-01 00:00:00,2026-03-01 01:00:00,0.004428,EUR,289000.0,seconds,goog-composer-cluster-name:REDACTED;goog-composer-image-version:cloud-composer-service-2026-02-09-rc3;goog-composer-location:europe-west1;goog-composer-namespace-name:REDACTED;goog-composer-pod-name:REDACTED;goog-terraform-provisioned:true;resource-type:composer;team:ml
000000-000000-000000,proj-anon,proj-anon,Cloud Logging,Log Storage cost,2026-03-01 00:00:00,2026-03-01 01:00:00,1.1E-5,EUR,27112.0,bytes,goog-resource-type:REDACTED
000000-000000-000000,proj-anon,proj-anon,Cloud Run,Jobs Memory in europe-west1,2026-03-01 00:00:00,2026-03-01 01:00:00,0.009228,EUR,5.92705486848E12,byte-seconds,resource-name:REDACTED;resource-type:cloudrun-job;team:ml
000000-000000-000000,proj-anon,proj-anon,Cloud Logging,Log Storage cost,2026-03-01 00:00:00,2026-03-01 01:00:00,0.002599,EUR,6678677.0,bytes,goog-resource-type:REDACTED
000000-000000-000000,proj-anon,proj-anon,Cloud Logging,Log Storage cost,2026-03-01 00:00:00,2026-03-01 01:00:00,4.2E-5,EUR,108544.0,bytes,goog-resource-type:REDACTED
000000-000000-000000,proj-anon,proj-anon,Networking,Networking Telemetry,2026-03-01 00:00:00,2026-03-01 01:00:00,0.001381,EUR,7099055.0,bytes,
000000-000000-000000,proj-anon,proj-anon,Cloud Composer,Cloud Composer 3 standard milli DCU-hours (europe-west1),2026-03-01 00:00:00,2026-03-01 01:00:00,0.003986,EUR,260100.0,seconds,goog-composer-cluster-name:REDACTED;goog-composer-image-version:cloud-composer-service-2026-02-09-rc3;goog-composer-location:europe-west1;goog-composer-namespace-name:REDACTED;goog-composer-pod-name:REDACTED;goog-terraform-provisioned:true;resource-type:composer;team:ml
000000-000000-000000,proj-anon,proj-anon,Cloud Key Management Service (KMS),Active software symmetric key versions,2026-03-01 00:00:00,2026-03-01 01:00:00,2.0E-6,EUR,139.0,seconds,
000000-000000-000000,proj-anon,proj-anon,Cloud Logging,Log Storage cost,2026-03-01 00:00:00,2026-03-01 01:00:00,2.3E-5,EUR,58468.0,bytes,goog-resource-type:REDACTED
000000-000000-000000,proj-anon,proj-anon,Cloud Logging,Log Storage cost,2026-03-01 00:00:00,2026-03-01 01:00:00,1.0E-6,EUR,3554.0,bytes,goog-resource-type:REDACTED
000000-000000-000000,proj-anon,proj-anon,Compute Engine,Storage Image,2026-03-01 00:00:00,2026-03-01 01:00:00,3.5E-5,EUR,2.214543881129E12,byte-seconds,cal-account:REDACTED;cal-activity:backup;cal-calid:REDACTED;cal-instanceid:REDACTED;cal-instancename:instance-anon;cal-last-tagged-at:REDACTED;cal-solinstid:REDACTED;cal-solution:REDACTED;cal-userid:REDACTED;cal-volumesnapshot:REDACTED;name:REDACTED
000000-000000-000000,proj-anon,proj-anon,Networking,Network Intelligence Center Topology and Google Cloud Performance Resource Hours,2026-03-01 00:00:00,2026-03-01 01:00:00,0.002758,EUR,3.0,requests,
000000-000000-000000,proj-anon,proj-anon,Cloud Run,Jobs CPU in europe-west1,2026-03-01 00:00:00,2026-03-01 01:00:00,0.057769,EUR,3840.0,seconds,resource-name:REDACTED;resource-type:cloudrun-job;team:ml
000000-000000-000000,proj-anon,proj-anon,Cloud Composer,Cloud Composer 3 standard milli DCU-hours (europe-west1),2026-03-01 00:00:00,2026-03-01 01:00:00,0.002352,EUR,153456.0,seconds,goog-composer-cluster-name:REDACTED;goog-composer-image-version:cloud-composer-service-2025-10-28-rc0;goog-composer-location:europe-west1;goog-composer-namespace-name:REDACTED;goog-composer-pod-name:REDACTED;goog-terraform-provisioned:true;resource-type:composer;team:ml
000000-000000-000000,proj-anon,proj-anon,Cloud SQL,Cloud SQL for PostgreSQL: Zonal - Low cost storage in EMEA,2026-03-01 00:00:00,2026-03-01 01:00:00,0.003358,EUR,1.15964116992E14,byte-seconds,
000000-000000-000000,proj-anon,proj-anon,Artifact Registry,Artifact Registry Storage,2026-03-01 00:00:00,2026-03-01 01:00:00,2.48E-4,EUR,7.718820714805E12,byte-seconds,
000000-000000-000000,proj-anon,proj-anon,Cloud Run,Services CPU (Request-based billing),2026-03-01 00:00:00,2026-03-01 01:00:00,0.042213,EUR,2104.466833,seconds,
000000-000000-000000,proj-anon,proj-anon,Cloud Run,Services Min Instance CPU (Request-based billing),2026-03-01 00:00:00,2026-03-01 01:00:00,0.028417,EUR,13600.024981,seconds,resource-name:REDACTED;resource-type:cloudrun-service;team:ml
000000-000000-000000,proj-anon,proj-anon,Cloud SQL,Storage PD Snapshot,2026-03-01 00:00:00,2026-03-01 01:00:00,7.0E-5,EUR,2.707191421407E12,byte-seconds,bigalloc-enabled:false;cloud_sql_backup_id:REDACTED;cloud_sql_bill_to:REDACTED;dg_storage_retention_plan_id:REDACTED;physical-block-size:4096
000000-000000-000000,proj-anon,proj-anon,Compute Engine,Storage Image,2026-03-01 00:00:00,2026-03-01 01:00:00,3.0E-6,EUR,1.75661785964E11,byte-seconds,cal-account:REDACTED;cal-activity:backup;cal-calid:REDACTED;cal-instanceid:REDACTED;cal-instancename:instance-anon;cal-last-tagged-at:REDACTED;cal-solinstid:REDACTED;cal-solution:REDACTED;cal-userid:REDACTED;cal-volumesnapshot:REDACTED;name:REDACTED
000000-000000-000000,proj-anon,proj-anon,Cloud Logging,Log Storage cost,2026-03-01 00:00:00,2026-03-01 01:00:00,0.025321,EUR,6.5056718E7,bytes,goog-resource-type:REDACTED
000000-000000-000000,proj-anon,proj-anon,Cloud SQL,Cloud SQL for PostgreSQL: Zonal - RAM in Americas,2026-03-01 00:00:00,2026-03-01 01:00:00,0.023402,EUR,1.54618822656E13,byte-seconds,
000000-000000-000000,proj-anon,proj-anon,Cloud Logging,Log Storage cost,2026-03-01 00:00:00,2026-03-01 01:00:00,4.0E-6,EUR,9552.0,bytes,goog-resource-type:REDACTED
000000-000000-000000,proj-anon,proj-anon,Cloud Run,Requests,2026-03-01 00:00:00,2026-03-01 01:00:00,1.49E-4,EUR,450.0,requests,
000000-000000-000000,proj-anon,proj-anon,Cloud Logging,Log Storage cost,2026-03-01 00:00:00,2026-03-01 01:00:00,5.4E-5,EUR,138179.0,bytes,goog-resource-type:REDACTED
000000-000000-000000,proj-anon,proj-anon,Cloud Logging,Log Storage cost,2026-03-01 00:00:00,2026-03-01 01:00:00,1.0E-6,EUR,2249.0,bytes,goog-resource-type:REDACTED
000000-000000-000000,proj-anon,proj-anon,Cloud Logging,Log Storage cost,2026-03-01 00:00:00,2026-03-01 01:00:00,3.3E-5,EUR,84575.0,bytes,goog-resource-type:REDACTED
000000-000000-000000,proj-anon,proj-anon,Secret Manager,Secret access operations,2026-03-01 00:00:00,2026-03-01 01:00:00,0.00424,EUR,1691.0,requests,
000000-000000-000000,proj-anon,proj-anon,Compute Engine,E2 Instance Ram running in EMEA,2026-03-01 00:00:00,2026-03-01 01:00:00,0.041348,EUR,5.9459527245824E13,byte-seconds,goog-ops-agent-policy:REDACTED
000000-000000-000000,proj-anon,proj-anon,Cloud Composer,Cloud Composer 3 standard milli DCU-hours (europe-west1),2026-03-01 00:00:00,2026-03-01 01:00:00,0.003777,EUR,246500.0,seconds,goog-composer-cluster-name:REDACTED;goog-composer-image-version:cloud-composer-service-2025-10-28-rc0;goog-composer-location:europe-west1;goog-composer-namespace-name:REDACTED;goog-composer-pod-name:REDACTED;goog-terraform-provisioned:true;resource-type:composer;team:ml
000000-000000-000000,proj-anon,proj-anon,Networking,Network Intelligence Center Network Analyzer Resource Hours,2026-03-01 00:00:00,2026-03-01 01:00:00,0.007355,EUR,8.0,requests,
000000-000000-000000,proj-anon,proj-anon,Cloud Monitoring,Metric Volume,2026-03-01 00:00:00,2026-03-01 01:00:00,5.0E-6,EUR,24.0,bytes,goog-metric-domain:REDACTED
000000-000000-000000,proj-anon,proj-anon,Compute Engine,E2 Instance Ram running in EMEA,2026-03-01 00:00:00,2026-03-01 01:00:00,0.001661,EUR,2.388001816576E12,byte-seconds,goog-ops-agent-policy:REDACTED
000000-000000-000000,proj-anon,proj-anon,Cloud DNS,ManagedZone,2026-03-01 00:00:00,2026-03-01 01:00:00,2.49E-4,EUR,3600.0,seconds,
000000-000000-000000,proj-anon,proj-anon,Cloud Run,Services Min Instance Memory (Request-based billing),2026-03-01 00:00:00,2026-03-01 01:00:00,0.028415,EUR,1.4602493648573879E13,byte-seconds,resource-name:REDACTED;resource-type:cloudrun-service;team:ml
000000-000000-000000,proj-anon,proj-anon,Cloud Logging,Log Storage cost,2026-03-01 00:00:00,2026-03-01 01:00:00,1.0E-6,EUR,2605.0,bytes,goog-resource-type:REDACTED
000000-000000-000000,proj-anon,proj-anon,Compute Engine,Storage Image,2026-03-01 00:00:00,2026-03-01 01:00:00,3.5E-5,EUR,2.213309730182E12,byte-seconds,cal-account:REDACTED;cal-activity:backup;cal-calid:REDACTED;cal-instanceid:REDACTED;cal-instancename:instance-anon;cal-last-tagged-at:REDACTED;cal-solinstid:REDACTED;cal-solution:REDACTED;cal-userid:REDACTED;cal-volumesnapshot:REDACTED;name:REDACTED
000000-000000-000000,proj-anon,proj-anon,Cloud Composer,Cloud Composer 3 standard milli DCU-hours (europe-west1),2026-03-01 00:00:00,2026-03-01 01:00:00,0.004324,EUR,282200.0,seconds,goog-composer-cluster-name:REDACTED;goog-composer-image-version:cloud-composer-service-2025-10-28-rc0;goog-composer-location:europe-west1;goog-composer-namespace-name:REDACTED;goog-composer-pod-name:REDACTED;goog-terraform-provisioned:true;resource-type:composer;team:ml
000000-000000-000000,proj-anon,proj-anon,Cloud Logging,Log Storage cost,2026-03-01 00:00:00,2026-03-01 01:00:00,1.0E-6,EUR,1930.0,bytes,goog-resource-type:REDACTED
000000-000000-000000,proj-anon,proj-anon,Cloud Logging,Log Storage cost,2026-03-01 00:00:00,2026-03-01 01:00:00,1.3E-5,EUR,33576.0,bytes,goog-resource-type:REDACTED
000000-000000-000000,proj-anon,proj-anon,Cloud Run,Services Min Instance Memory (Request-based billing),2026-03-01 00:00:00,2026-03-01 01:00:00,0.007104,EUR,3.6507262525616133E12,byte-seconds,env:dev;scope:REDACTED
000000-000000-000000,proj-anon,proj-anon,Cloud Logging,Log Storage cost,2026-03-01 00:00:00,2026-03-01 01:00:00,2.77E-4,EUR,711104.0,bytes,goog-resource-type:REDACTED
000000-000000-000000,proj-anon,proj-anon,Vertex AI,Vertex AI: Online/Batch Prediction N1 Predefined Instance Ram running in EMEA for AI Platform,2026-03-01 00:00:00,2026-03-01 01:00:00,0.005599,EUR,4.31644213248E12,byte-seconds,resource-type:vertexai-endpoint;team:ml
000000-000000-000000,proj-anon,proj-anon,Compute Engine,External IP Charge on a Standard VM,2026-03-01 00:00:00,2026-03-01 01:00:00,0.004017,EUR,3461.0,seconds,container-vm:REDACTED
000000-000000-000000,proj-anon,proj-anon,Cloud Logging,Log Storage cost,2026-03-01 00:00:00,2026-03-01 01:00:00,3.3E-5,EUR,84694.0,bytes,goog-resource-type:REDACTED
000000-000000-000000,proj-anon,proj-anon,Cloud Logging,Log Storage cost,2026-03-01 00:00:00,2026-03-01 01:00:00,7.0E-6,EUR,18153.0,bytes,goog-resource-type:REDACTED
000000-000000-000000,proj-anon,proj-anon,Cloud Logging,Log Storage cost,2026-03-01 00:00:00,2026-03-01 01:00:00,7.35E-4,EUR,1888205.0,bytes,goog-resource-type:REDACTED
000000-000000-000000,proj-anon,proj-anon,Cloud Run,Services CPU (Request-based billing),2026-03-01 00:00:00,2026-03-01 01:00:00,0.059335,EUR,2958.099999,seconds,
000000-000000-000000,proj-anon,proj-anon,Networking,Cloud Load Balancer Forwarding Rule Minimum for Milan (europe-west8),2026-03-01 00:00:00,2026-03-01 01:00:00,9.43E-4,EUR,139.0,seconds,
000000-000000-000000,proj-anon,proj-anon,Cloud Run,Services Min Instance CPU (Request-based billing),2026-03-01 00:00:00,2026-03-01 01:00:00,0.031034,EUR,14853.152495,seconds,
000000-000000-000000,proj-anon,proj-anon,Workflows,Internal Steps,2026-03-01 00:00:00,2026-03-01 01:00:00,2.0E-4,EUR,24.0,requests,
000000-000000-000000,proj-anon,proj-anon,Compute Engine,Storage Image,2026-03-01 00:00:00,2026-03-01 01:00:00,8.86E-4,EUR,5.5043022782976E13,byte-seconds,cal-account:REDACTED;cal-activity:backup;cal-calid:REDACTED;cal-instanceid:REDACTED;cal-instancename:instance-anon;cal-last-tagged-at:REDACTED;cal-solinstid:REDACTED;cal-solution:REDACTED;cal-userid:REDACTED;cal-volumesnapshot:REDACTED;name:REDACTED
000000-000000-000000,proj-anon,proj-anon,Cloud Composer,Cloud Composer 3 standard milli DCU-hours (europe-west1),2026-03-01 00:00:00,2026-03-01 01:00:00,0.006642,EUR,433500.0,seconds,goog-composer-cluster-name:REDACTED;goog-composer-image-version:cloud-composer-service-2026-02-09-rc3;goog-composer-location:europe-west1;goog-composer-namespace-name:REDACTED;goog-composer-pod-name:REDACTED;goog-terraform-provisioned:true;resource-type:composer;team:ml
000000-000000-000000,proj-anon,proj-anon,Compute Engine,Balanced PD Capacity,2026-03-01 00:00:00,2026-03-01 01:00:00,1.0E-5,EUR,2.98500227072E11,byte-seconds,goog-gke-cluster-id-base32:REDACTED;goog-gke-node-pool-provisioning-model:REDACTED;goog-gke-volume:REDACTED;goog-k8s-cluster-location:REDACTED;goog-k8s-node-pool-name:REDACTED
000000-000000-000000,proj-anon,proj-anon,Compute Engine,Balanced PD Capacity,2026-03-01 00:00:00,2026-03-01 01:00:00,5.82E-4,EUR,1.8059263737856E13,byte-seconds,goog-gke-cluster-id-base32:REDACTED;goog-gke-node-pool-provisioning-model:REDACTED;goog-gke-volume:REDACTED;goog-k8s-cluster-location:REDACTED;goog-k8s-node-pool-name:REDACTED
000000-000000-000000,proj-anon,proj-anon,Cloud Composer,Cloud Composer 3 database storage (europe-west1),2026-03-01 00:00:00,2026-03-01 01:00:00,3.87E-4,EUR,6.442450944E12,byte-seconds,goog-terraform-provisioned:true;resource-type:composer;team:ml
000000-000000-000000,proj-anon,proj-anon,Compute Engine,Storage PD Capacity,2026-03-01 00:00:00,2026-03-01 01:00:00,7.7E-5,EUR,5.97000454144E12,byte-seconds,
000000-000000-000000,proj-anon,proj-anon,Cloud Run Functions,Cloud Run functions Min-Instance CPU (Request-based billing) in europe-west1,2026-03-01 00:00:00,2026-03-01 01:00:00,0.049874,EUR,23870.280082,seconds,goog-managed-by:REDACTED
000000-000000-000000,proj-anon,proj-anon,Networking,Network Intelligence Center Topology and Google Cloud Performance Resource Hours,2026-03-01 00:00:00,2026-03-01 01:00:00,9.19E-4,EUR,1.0,requests,
000000-000000-000000,proj-anon,proj-anon,Compute Engine,E2 Instance Core running in EMEA,2026-03-01 00:00:00,2026-03-01 01:00:00,0.077117,EUR,13844.0,seconds,container-vm:REDACTED
000000-000000-000000,proj-anon,proj-anon,Cloud Logging,Log Storage cost,2026-03-01 00:00:00,2026-03-01 01:00:00,2.6E-5,EUR,66299.0,bytes,goog-resource-type:REDACTED
000000-000000-000000,proj-anon,proj-anon,Cloud Logging,Log Storage cost,2026-03-01 00:00:00,2026-03-01 01:00:00,4.2E-5,EUR,109873.0,bytes,goog-resource-type:REDACTED
000000-000000-000000,proj-anon,proj-anon,Compute Engine,Storage PD Capacity,2026-03-01 00:00:00,2026-03-01 01:00:00,4.0E-6,EUR,2.98500227072E11,byte-seconds,goog-composer-environment:REDACTED;goog-composer-environment-uuid:REDACTED;goog-composer-location:europe-west1;goog-composer-version:REDACTED;goog-gke-cluster-id-base32:REDACTED;goog-gke-volume:REDACTED;goog-k8s-cluster-location:REDACTED;goog-k8s-node-pool-name:REDACTED
000000-000000-000000,proj-anon,proj-anon,BigQuery,Long Term Logical Storage,2026-03-01 00:00:00,2026-03-01 01:00:00,6.0E-6,EUR,1.849552797696E12,byte-seconds,
000000-000000-000000,proj-anon,proj-anon,Cloud Composer,Cloud Composer 3 database storage (europe-west1),2026-03-01 00:00:00,2026-03-01 01:00:00,0.001073,EUR,1.7857296111099E13,byte-seconds,goog-terraform-provisioned:true;resource-type:composer;team:ml
000000-000000-000000,proj-anon,proj-anon,Compute Engine,Balanced PD Capacity,2026-03-01 00:00:00,2026-03-01 01:00:00,4.8E-4,EUR,1.49250113536E13,byte-seconds,
000000-000000-000000,proj-anon,proj-anon,Cloud Composer,Cloud Composer Network Inter Zone Data Transfer Out,2026-03-01 00:00:00,2026-03-01 01:00:00,1.0E-6,EUR,134423.0,bytes,goog-composer-cluster-name:REDACTED;goog-composer-image-version:cloud-composer-service-2026-02-09-rc3;goog-composer-location:europe-west1;goog-composer-namespace-name:REDACTED;goog-composer-pod-name:REDACTED;goog-terraform-provisioned:true;resource-type:composer;team:ml
000000-000000-000000,proj-anon,proj-anon,Cloud Logging,Log Storage cost,2026-03-01 00:00:00,2026-03-01 01:00:00,2.5E-5,EUR,63547.0,bytes,goog-resource-type:REDACTED
000000-000000-000000,proj-anon,proj-anon,Cloud Logging,Log Storage cost,2026-03-01 00:00:00,2026-03-01 01:00:00,7.0E-6,EUR,17730.0,bytes,goog-resource-type:REDACTED
000000-000000-000000,proj-anon,proj-anon,Cloud Logging,Vended Logs Storage,2026-03-01 00:00:00,2026-03-01 01:00:00,2.0E-6,EUR,11696.0,bytes,goog-resource-type:REDACTED
000000-000000-000000,proj-anon,proj-anon,Cloud Composer,Cloud Composer Network Inter Zone Data Transfer Out,2026-03-01 00:00:00,2026-03-01 01:00:00,1.0E-6,EUR,124367.0,bytes,goog-composer-cluster-name:REDACTED;goog-composer-image-version:cloud-composer-service-2025-10-28-rc0;goog-composer-location:europe-west1;goog-composer-namespace-name:REDACTED;goog-composer-pod-name:REDACTED;goog-terraform-provisioned:true;resource-type:composer;team:ml
000000-000000-000000,proj-anon,proj-anon,Cloud Logging,Log Storage cost,2026-03-01 00:00:00,2026-03-01 01:00:00,2.1E-5,EUR,52032.0,bytes,goog-resource-type:REDACTED
000000-000000-000000,proj-anon,proj-anon,Cloud Run,Services Memory (Request-based billing),2026-03-01 00:00:00,2026-03-01 01:00:00,0.00433,EUR,2.2256520527871997E12,byte-seconds,env:shared;scope:REDACTED
000000-000000-000000,proj-anon,proj-anon,Compute Engine,E2 Instance Ram running in EMEA,2026-03-01 00:00:00,2026-03-01 01:00:00,0.005168,EUR,7.432440905728E12,byte-seconds,serverless-vpc-access:REDACTED
000000-000000-000000,proj-anon,proj-anon,Cloud Run,Cloud Run Network Internet Data Transfer Out Europe to Europe,2026-03-01 00:00:00,2026-03-01 01:00:00,3.9E-5,EUR,484974.0,bytes,
000000-000000-000000,proj-anon,proj-anon,Cloud SQL,Cloud SQL: Backups in Netherlands,2026-03-01 00:00:00,2026-03-01 01:00:00,1.0E-6,EUR,1.6523761006E10,byte-seconds,bigalloc-enabled:false;cloud_sql_backup_id:REDACTED;cloud_sql_bill_to:REDACTED;dg_storage_retention_plan_id:REDACTED;env:qa;physical-block-size:4096;scope:REDACTED
000000-000000-000000,proj-anon,proj-anon,Compute Engine,Micro Instance with burstable CPU running in Americas,2026-03-01 00:00:00,2026-03-01 01:00:00,0.012213,EUR,6922.0,seconds,serverless-vpc-access:REDACTED
000000-000000-000000,proj-anon,proj-anon,Cloud Logging,Log Storage cost,2026-03-01 00:00:00,2026-03-01 01:00:00,5.92E-4,EUR,1521915.0,bytes,goog-resource-type:REDACTED
000000-000000-000000,proj-anon,proj-anon,Compute Engine,Storage PD Capacity,2026-03-01 00:00:00,2026-03-01 01:00:00,4.0E-6,EUR,2.98500227072E11,byte-seconds,goog-composer-environment:REDACTED;goog-composer-environment-uuid:REDACTED;goog-composer-location:europe-west1;goog-composer-version:REDACTED;goog-gke-cluster-id-base32:REDACTED;goog-gke-volume:REDACTED;goog-k8s-cluster-location:REDACTED;goog-k8s-node-pool-name:REDACTED
000000-000000-000000,proj-anon,proj-anon,Cloud Document AI API,Number of hours a processor version has been deployed.,2026-03-01 00:00:00,2026-03-01 01:00:00,0.003227,EUR,278.0,seconds,
000000-000000-000000,proj-anon,proj-anon,Cloud Logging,Log Storage cost,2026-03-01 00:00:00,2026-03-01 01:00:00,1.9E-5,EUR,49540.0,bytes,goog-resource-type:REDACTED
000000-000000-000000,proj-anon,proj-anon,Cloud Logging,Log Storage cost,2026-03-01 00:00:00,2026-03-01 01:00:00,0.001282,EUR,3294298.0,bytes,goog-resource-type:REDACTED
000000-000000-000000,proj-anon,proj-anon,Artifact Registry,Artifact Registry Storage,2026-03-01 00:00:00,2026-03-01 01:00:00,0.006183,EUR,1.92193083594165E14,byte-seconds,
000000-000000-000000,proj-anon,proj-anon,Cloud Logging,Log Storage cost,2026-03-01 00:00:00,2026-03-01 01:00:00,0.006687,EUR,1.7181827E7,bytes,goog-resource-type:REDACTED
000000-000000-000000,proj-anon,proj-anon,Cloud SQL,Storage PD Snapshot,2026-03-01 00:00:00,2026-03-01 01:00:00,1.03E-4,EUR,4.018151611689E12,byte-seconds,bigalloc-enabled:false;cloud_sql_backup_id:REDACTED;cloud_sql_bill_to:REDACTED;dg_storage_retention_plan_id:REDACTED;physical-block-size:4096
000000-000000-000000,proj-anon,proj-anon,Compute Engine,Spot Preemptible E2 Instance Core running in EMEA,2026-03-01 00:00:00,2026-03-01 01:00:00,0.030855,EUR,13844.0,seconds,goog-gke-cluster-id-base32:REDACTED;goog-gke-node:REDACTED;goog-gke-node-pool-provisioning-model:REDACTED;goog-k8s-cluster-location:REDACTED;goog-k8s-node-pool-name:REDACTED
000000-000000-000000,proj-anon,proj-anon,BigQuery,Analysis (europe-west1),2026-03-01 00:00:00,2026-03-01 01:00:00,1.2E-4,EUR,2.097152E7,bytes,data_source_id:REDACTED;dts_config_id:REDACTED;dts_run_id:REDACTED
000000-000000-000000,proj-anon,proj-anon,Cloud Logging,Vended Logs Storage,2026-03-01 00:00:00,2026-03-01 01:00:00,3.8E-5,EUR,195710.0,bytes,goog-resource-type:REDACTED
000000-000000-000000,proj-anon,proj-anon,Duet AI,Gemini Code Assist monthly subscription,2026-03-01 00:00:00,2026-03-01 01:00:00,0.019944,EUR,2532.0,seconds,
000000-000000-000000,proj-anon,proj-anon,Vertex AI,Vertex Colab Storage for GCE usage - Standard Persistent Disk in europe-west1,2026-03-01 00:00:00,2026-03-01 01:00:00,0.011478,EUR,7.432440905728E14,byte-seconds,
000000-000000-000000,proj-anon,proj-anon,Vertex AI,Vertex AI: Online/Batch Prediction N1 Predefined Instance Ram running in Americas for AI Platform,2026-03-01 00:00:00,2026-03-01 01:00:00,0.025847,EUR,2.3909335311432E13,byte-seconds,
000000-000000-000000,proj-anon,proj-anon,BigQuery,Active Logical Storage (europe-west1),2026-03-01 00:00:00,2026-03-01 01:00:00,1.0E-5,EUR,1.527349510144E12,byte-seconds,
000000-000000-000000,proj-anon,proj-anon,Cloud Run,Services Min Instance CPU (Request-based billing),2026-03-01 00:00:00,2026-03-01 01:00:00,0.048821,EUR,23365.232408,seconds,
000000-000000-000000,proj-anon,proj-anon,Cloud Logging,Log Storage cost,2026-03-01 00:00:00,2026-03-01 01:00:00,0.003807,EUR,9782505.0,bytes,goog-resource-type:REDACTED
000000-000000-000000,proj-anon,proj-anon,Cloud Run,Services Memory (Request-based billing),2026-03-01 00:00:00,2026-03-01 01:00:00,0.00864,EUR,4.440674061516801E12,byte-seconds,
000000-000000-000000,proj-anon,proj-anon,Cloud Run,Services Memory (Request-based billing),2026-03-01 00:00:00,2026-03-01 01:00:00,1.0E-6,EUR,4.294967296E8,byte-seconds,resource-name:REDACTED;resource-type:cloudrun-service;team:ml
000000-000000-000000,proj-anon,proj-anon,Cloud Logging,Log Storage cost,2026-03-01 00:00:00,2026-03-01 01:00:00,8.38E-4,EUR,2153906.0,bytes,goog-resource-type:REDACTED
000000-000000-000000,proj-anon,proj-anon,Cloud Logging,Log Storage cost,2026-03-01 00:00:00,2026-03-01 01:00:00,2.3E-5,EUR,57569.0,bytes,goog-resource-type:REDACTED
000000-000000-000000,proj-anon,proj-anon,Vertex AI,Vertex AI: Online/Batch Prediction N1 Predefined Instance Core running in EMEA for AI Platform,2026-03-01 00:00:00,2026-03-01 01:00:00,0.032948,EUR,3379.0,seconds,resource-type:vertexai-endpoint;team:ml
000000-000000-000000,proj-anon,proj-anon,Cloud Composer,Cloud Composer 3 standard milli DCU-hours (europe-west1),2026-03-01 00:00:00,2026-03-01 01:00:00,0.00118,EUR,77006.0,seconds,goog-composer-cluster-name:REDACTED;goog-composer-image-version:cloud-composer-service-2026-02-09-rc3;goog-composer-location:europe-west1;goog-composer-namespace-name:REDACTED;goog-composer-pod-name:REDACTED;goog-terraform-provisioned:true;resource-type:composer;team:ml
000000-000000-000000,proj-anon,proj-anon,Compute Engine,Storage Image,2026-03-01 00:00:00,2026-03-01 01:00:00,3.0E-6,EUR,1.75097272528E11,byte-seconds,cal-account:REDACTED;cal-activity:backup;cal-calid:REDACTED;cal-instanceid:REDACTED;cal-instancename:instance-anon;cal-last-tagged-at:REDACTED;cal-solinstid:REDACTED;cal-solution:REDACTED;cal-userid:REDACTED;cal-volumesnapshot:REDACTED;name:REDACTED
000000-000000-000000,proj-anon,proj-anon,Compute Engine,Static Ip Charge,2026-03-01 00:00:00,2026-03-01 01:00:00,3.22E-4,EUR,139.0,seconds,
000000-000000-000000,proj-anon,proj-anon,Vertex AI,Vertex AI: Online/Batch Prediction N1 Predefined Instance Ram running in Americas for AI Platform,2026-03-01 00:00:00,2026-03-01 01:00:00,0.005798,EUR,5.363315943141E12,byte-seconds,
000000-000000-000000,proj-anon,proj-anon,Compute Engine,E2 Instance Ram running in Netherlands,2026-03-01 00:00:00,2026-03-01 01:00:00,2.08E-4,EUR,2.98500227072E11,byte-seconds,serverless-vpc-access:REDACTED
000000-000000-000000,proj-anon,proj-anon,Cloud Composer,Cloud Composer Network Inter Zone Data Transfer Out,2026-03-01 00:00:00,2026-03-01 01:00:00,2.72E-4,EUR,3.4959029E7,bytes,goog-composer-environment:REDACTED;goog-composer-environment-uuid:REDACTED;goog-composer-location:europe-west1;goog-gke-cluster-id-base32:REDACTED;goog-gke-node:REDACTED;goog-gke-node-pool-provisioning-model:REDACTED;goog-k8s-cluster-location:REDACTED;goog-k8s-cluster-name:REDACTED;goog-k8s-namespace:REDACTED;goog-k8s-node-pool-name:REDACTED;k8s-namespace:REDACTED
000000-000000-000000,proj-anon,proj-anon,Cloud Composer,Cloud Composer 3 standard milli DCU-hours (europe-west1),2026-03-01 00:00:00,2026-03-01 01:00:00,0.058548,EUR,3820944.0,seconds,goog-composer-cluster-name:REDACTED;goog-composer-image-version:cloud-composer-service-2026-02-09-rc3;goog-composer-location:europe-west1;goog-composer-namespace-name:REDACTED;goog-composer-pod-name:REDACTED;goog-terraform-provisioned:true;resource-type:composer;team:ml
000000-000000-000000,proj-anon,proj-anon,Compute Engine,Storage PD Capacity in Milan,2026-03-01 00:00:00,2026-03-01 01:00:00,5.54E-4,EUR,3.716220452864E13,byte-seconds,goog-gke-cluster-id-base32:REDACTED;goog-gke-volume:REDACTED;goog-k8s-cluster-location:REDACTED;goog-k8s-node-pool-name:REDACTED
000000-000000-000000,proj-anon,proj-anon,Cloud Logging,Log Storage cost,2026-03-01 00:00:00,2026-03-01 01:00:00,3.0E-6,EUR,8084.0,bytes,goog-resource-type:REDACTED
000000-000000-000000,proj-anon,proj-anon,Cloud Logging,Log Storage cost,2026-03-01 00:00:00,2026-03-01 01:00:00,3.4E-5,EUR,87515.0,bytes,goog-resource-type:REDACTED
000000-000000-000000,proj-anon,proj-anon,Vertex AI,Vertex AI: Online/Batch Prediction N1 Predefined Instance Ram running in Americas for AI Platform,2026-03-01 00:00:00,2026-03-01 01:00:00,0.016036,EUR,1.483374329856E13,byte-seconds,
000000-000000-000000,proj-anon,proj-anon,Networking,Network Intelligence Center Network Analyzer Resource Hours,2026-03-01 00:00:00,2026-03-01 01:00:00,0.001838,EUR,2.0,requests,
000000-000000-000000,proj-anon,proj-anon,Compute Engine,Network Internet Data Transfer Out from EMEA to Australia,2026-03-01 00:00:00,2026-03-01 01:00:00,7.0E-5,EUR,482124.0,bytes,goog-ec-src:REDACTED
000000-000000-000000,proj-anon,proj-anon,Cloud Logging,Log Storage cost,2026-03-01 00:00:00,2026-03-01 01:00:00,1.1E-5,EUR,28491.0,bytes,goog-resource-type:REDACTED
000000-000000-000000,proj-anon,proj-anon,Vertex AI,Vertex AI: Online/Batch Prediction N1 Predefined Instance Core running in EMEA for AI Platform,2026-03-01 00:00:00,2026-03-01 01:00:00,0.08963,EUR,9192.0,seconds,resource-type:vertexai-endpoint;team:ml
000000-000000-000000,proj-anon,proj-anon,BigQuery,Active Logical Storage (europe-west1),2026-03-01 00:00:00,2026-03-01 01:00:00,0.002293,EUR,3.565658832896E14,byte-seconds,resource-type:bigquery-dataset;team:ml
000000-000000-000000,proj-anon,proj-anon,Cloud Logging,Log Storage cost,2026-03-01 00:00:00,2026-03-01 01:00:00,1.0E-6,EUR,2470.0,bytes,goog-resource-type:REDACTED
000000-000000-000000,proj-anon,proj-anon,Cloud SQL,Storage PD Snapshot,2026-03-01 00:00:00,2026-03-01 01:00:00,1.0E-6,EUR,2.6161752925E10,byte-seconds,bigalloc-enabled:false;cloud_sql_backup_id:REDACTED;cloud_sql_bill_to:REDACTED;dg_storage_retention_plan_id:REDACTED;physical-block-size:4096
000000-000000-000000,proj-anon,proj-anon,Cloud SQL,Cloud SQL: Backups in Netherlands,2026-03-01 00:00:00,2026-03-01 01:00:00,3.0E-6,EUR,1.35406955951E11,byte-seconds,bigalloc-enabled:false;cloud_sql_bill_to:REDACTED;dg_storage_retention_plan_id:REDACTED;env:dev;physical-block-size:4096;scope:REDACTED
000000-000000-000000,proj-anon,proj-anon,Cloud Logging,Log Storage cost,2026-03-01 00:00:00,2026-03-01 01:00:00,1.2E-5,EUR,32193.0,bytes,goog-resource-type:REDACTED
000000-000000-000000,proj-anon,proj-anon,Compute Engine,SSD backed PD Capacity in Milan,2026-03-01 00:00:00,2026-03-01 01:00:00,0.007546,EUR,1.18919054491648E14,byte-seconds,
000000-000000-000000,proj-anon,proj-anon,Cloud Logging,Log Storage cost,2026-03-01 00:00:00,2026-03-01 01:00:00,1.12E-4,EUR,288069.0,bytes,goog-resource-type:REDACTED
000000-000000-000000,proj-anon,proj-anon,Compute Engine,Storage Image,2026-03-01 00:00:00,2026-03-01 01:00:00,3.5E-5,EUR,2.210627034624E12,byte-seconds,cal-account:REDACTED;cal-activity:backup;cal-calid:REDACTED;cal-instanceid:REDACTED;cal-instancename:instance-anon;cal-last-tagged-at:REDACTED;cal-solinstid:REDACTED;cal-solution:REDACTED;cal-userid:REDACTED;cal-volumesnapshot:REDACTED;name:REDACTED
000000-000000-000000,proj-anon,proj-anon,Cloud Composer,Cloud Composer Network Inter Zone Data Transfer Out,2026-03-01 00:00:00,2026-03-01 01:00:00,5.5E-5,EUR,7031579.0,bytes,goog-composer-cluster-name:REDACTED;goog-composer-image-version:cloud-composer-service-2025-10-28-rc0;goog-composer-location:europe-west1;goog-composer-namespace-name:REDACTED;goog-composer-pod-name:REDACTED;goog-terraform-provisioned:true;resource-type:composer;team:ml
000000-000000-000000,proj-anon,proj-anon,Artifact Registry,Artifact Registry Storage,2026-03-01 01:00:00,2026-03-01 02:00:00,0.015855,EUR,4.92772154251188E14,byte-seconds,goog-managed-by:REDACTED
000000-000000-000000,proj-anon,proj-anon,Cloud Run,Services Memory (Request-based billing),2026-03-01 01:00:00,2026-03-01 02:00:00,0.009466,EUR,4.864909456179203E12,byte-seconds,resource-name:REDACTED;resource-type:cloudrun-service;team:ml
000000-000000-000000,proj-anon,proj-anon,Compute Engine,Storage Image,2026-03-01 01:00:00,2026-03-01 02:00:00,3.71E-4,EUR,2.3021697181858E13,byte-seconds,cal-account:REDACTED;cal-activity:backup;cal-calid:REDACTED;cal-instanceid:REDACTED;cal-instancename:instance-anon;cal-last-tagged-at:REDACTED;cal-solinstid:REDACTED;cal-solution:REDACTED;cal-userid:REDACTED;cal-volumesnapshot:REDACTED;name:REDACTED
000000-000000-000000,proj-anon,proj-anon,Cloud Logging,Log Storage cost,2026-03-01 01:00:00,2026-03-01 02:00:00,1.0E-6,EUR,2191.0,bytes,goog-resource-type:REDACTED
000000-000000-000000,proj-anon,proj-anon,Cloud Logging,Log Storage cost,2026-03-01 01:00:00,2026-03-01 02:00:00,5.0E-5,EUR,129925.0,bytes,goog-resource-type:REDACTED
000000-000000-000000,proj-anon,proj-anon,Cloud Logging,Log Storage cost,2026-03-01 01:00:00,2026-03-01 02:00:00,1.0E-6,EUR,1572.0,bytes,goog-resource-type:REDACTED
000000-000000-000000,proj-anon,proj-anon,Compute Engine,Storage PD Snapshot in European Union,2026-03-01 01:00:00,2026-03-01 02:00:00,3.79E-4,EUR,1.574329864224E13,byte-seconds,
000000-000000-000000,proj-anon,proj-anon,Compute Engine,E2 Instance Core running in Milan,2026-03-01 01:00:00,2026-03-01 02:00:00,0.002126,EUR,362.0,seconds,env:bastion
000000-000000-000000,proj-anon,proj-anon,Cloud Logging,Log Storage cost,2026-03-01 01:00:00,2026-03-01 02:00:00,0.011436,EUR,2.9380199E7,bytes,goog-resource-type:REDACTED
000000-000000-000000,proj-anon,proj-anon,Cloud Logging,Vended Logs Storage,2026-03-01 01:00:00,2026-03-01 02:00:00,2.05E-4,EUR,1055279.0,bytes,goog-resource-type:REDACTED
000000-000000-000000,proj-anon,proj-anon,Cloud Logging,Log Storage cost,2026-03-01 01:00:00,2026-03-01 02:00:00,5.4E-5,EUR,137811.0,bytes,goog-resource-type:REDACTED
000000-000000-000000,proj-anon,proj-anon,Compute Engine,Storage Image,2026-03-01 01:00:00,2026-03-01 02:00:00,3.7E-4,EUR,2.3008867338816E13,byte-seconds,cal-account:REDACTED;cal-activity:backup;cal-calid:REDACTED;cal-instanceid:REDACTED;cal-instancename:instance-anon;cal-last-tagged-at:REDACTED;cal-solinstid:REDACTED;cal-solution:REDACTED;cal-userid:REDACTED;cal-volumesnapshot:REDACTED;name:REDACTED
000000-000000-000000,proj-anon,proj-anon,Cloud Logging,Log Storage cost,2026-03-01 01:00:00,2026-03-01 02:00:00,4.0E-6,EUR,10311.0,bytes,goog-resource-type:REDACTED
000000-000000-000000,proj-anon,proj-anon,Networking,Networking Telemetry,2026-03-01 01:00:00,2026-03-01 02:00:00,0.002068,EUR,1.062163E7,bytes,
000000-000000-000000,proj-anon,proj-anon,Cloud SQL,Cloud SQL: Backups in Netherlands,2026-03-01 01:00:00,2026-03-01 02:00:00,1.0E-6,EUR,3.7392307402E10,byte-seconds,bigalloc-enabled:false;cloud_sql_backup_id:REDACTED;cloud_sql_bill_to:REDACTED;dg_storage_retention_plan_id:REDACTED;env:qa;physical-block-size:4096;scope:REDACTED
000000-000000-000000,proj-anon,proj-anon,Cloud SQL,Cloud SQL: Backups in Netherlands,2026-03-01 01:00:00,2026-03-01 02:00:00,1.0E-6,EUR,3.225576956E10,byte-seconds,bigalloc-enabled:false;cloud_sql_backup_id:REDACTED;cloud_sql_bill_to:REDACTED;dg_storage_retention_plan_id:REDACTED;env:qa;physical-block-size:4096;scope:REDACTED
000000-000000-000000,proj-anon,proj-anon,Cloud Logging,Log Storage cost,2026-03-01 01:00:00,2026-03-01 02:00:00,4.3E-5,EUR,111186.0,bytes,goog-resource-type:REDACTED
000000-000000-000000,proj-anon,proj-anon,Cloud Logging,Log Storage cost,2026-03-01 01:00:00,2026-03-01 02:00:00,1.3E-5,EUR,34168.0,bytes,goog-resource-type:REDACTED
000000-000000-000000,proj-anon,proj-anon,Cloud SQL,Cloud SQL: Backups in Milan,2026-03-01 01:00:00,2026-03-01 02:00:00,1.0E-6,EUR,2.9986790037E10,byte-seconds,bigalloc-enabled:false;cloud_sql_backup_id:REDACTED;cloud_sql_bill_to:REDACTED;dg_storage_retention_plan_id:REDACTED;physical-block-size:4096
000000-000000-000000,proj-anon,proj-anon,Secret Manager,Secret version replica storage,2026-03-01 01:00:00,2026-03-01 02:00:00,2.25E-4,EUR,10775.0,seconds,goog-terraform-provisioned:true
000000-000000-000000,proj-anon,proj-anon,Compute Engine,Storage PD Snapshot,2026-03-01 01:00:00,2026-03-01 02:00:00,1.41E-4,EUR,8.816572199263E12,byte-seconds,
000000-000000-000000,proj-anon,proj-anon,Secret Manager,Secret access operations,2026-03-01 01:00:00,2026-03-01 02:00:00,0.002936,EUR,1171.0,requests,
000000-000000-000000,proj-anon,proj-anon,Compute Engine,Storage PD Capacity,2026-03-01 01:00:00,2026-03-01 02:00:00,4.0E-5,EUR,3.10311387136E12,byte-seconds,goog-composer-environment:REDACTED;goog-composer-environment-uuid:REDACTED;goog-composer-location:europe-west1;goog-composer-version:REDACTED;goog-gke-cluster-id-base32:REDACTED;goog-gke-volume:REDACTED;goog-k8s-cluster-location:REDACTED;goog-k8s-node-pool-name:REDACTED
000000-000000-000000,proj-anon,proj-anon,Cloud Logging,Log Storage cost,2026-03-01 01:00:00,2026-03-01 02:00:00,2.7E-5,EUR,68077.0,bytes,goog-resource-type:REDACTED
000000-000000-000000,proj-anon,proj-anon,Compute Engine,Micro Instance with burstable CPU running in EMEA,2026-03-01 01:00:00,2026-03-01 02:00:00,0.008605,EUR,4310.0,seconds,serverless-vpc-access:REDACTED
000000-000000-000000,proj-anon,proj-anon,Compute Engine,N2 Instance Ram running in Netherlands,2026-03-01 01:00:00,2026-03-01 02:00:00,0.012517,EUR,1.241245548544E13,byte-seconds,env:dev;goog-terraform-provisioned:true;scope:REDACTED
000000-000000-000000,proj-anon,proj-anon,Cloud Logging,Log Storage cost,2026-03-01 01:00:00,2026-03-01 02:00:00,1.88E-4,EUR,481405.0,bytes,goog-resource-type:REDACTED
000000-000000-000000,proj-anon,proj-anon,Cloud Run,Services Min Instance CPU (Request-based billing),2026-03-01 01:00:00,2026-03-01 02:00:00,0.014125,EUR,6759.82463,seconds,env:dev;scope:REDACTED
000000-000000-000000,proj-anon,proj-anon,Workflows,Internal Steps,2026-03-01 01:00:00,2026-03-01 02:00:00,4.01E-4,EUR,48.0,requests,
000000-000000-000000,proj-anon,proj-anon,Cloud SQL,Storage PD Snapshot,2026-03-01 01:00:00,2026-03-01 02:00:00,1.81E-4,EUR,7.02542292476E12,byte-seconds,bigalloc-enabled:false;cloud_sql_backup_id:REDACTED;cloud_sql_bill_to:REDACTED;dg_storage_retention_plan_id:REDACTED;physical-block-size:4096
000000-000000-000000,proj-anon,proj-anon,Cloud Logging,Log Storage cost,2026-03-01 01:00:00,2026-03-01 02:00:00,4.0E-6,EUR,10452.0,bytes,goog-resource-type:REDACTED
000000-000000-000000,proj-anon,proj-anon,Compute Engine,E2 Instance Ram running in EMEA,2026-03-01 01:00:00,2026-03-01 02:00:00,0.003218,EUR,4.62782726144E12,byte-seconds,serverless-vpc-access:REDACTED
000000-000000-000000,proj-anon,proj-anon,Cloud Logging,Log Storage cost,2026-03-01 01:00:00,2026-03-01 02:00:00,2.0E-6,EUR,5238.0,bytes,goog-resource-type:REDACTED
000000-000000-000000,proj-anon,proj-anon,Networking,Networking Cloud Nat Gateway Uptime,2026-03-01 01:00:00,2026-03-01 02:00:00,0.00112,EUR,3448.0,seconds,
000000-000000-000000,proj-anon,proj-anon,BigQuery,Long Term Logical Storage (europe-west12),2026-03-01 01:00:00,2026-03-01 02:00:00,0.002819,EUR,5.47637906374656E14,byte-seconds,
000000-000000-000000,proj-anon,proj-anon,Cloud SQL,Storage PD Snapshot,2026-03-01 01:00:00,2026-03-01 02:00:00,1.0E-6,EUR,3.923389432E10,byte-seconds,bigalloc-enabled:false;cloud_sql_backup_id:REDACTED;cloud_sql_bill_to:REDACTED;dg_storage_retention_plan_id:REDACTED;physical-block-size:4096
000000-000000-000000,proj-anon,proj-anon,Compute Engine,Storage PD Snapshot in US,2026-03-01 01:00:00,2026-03-01 02:00:00,6.0E-6,EUR,3.11158947844E11,byte-seconds,
000000-000000-000000,proj-anon,proj-anon,Cloud Logging,Log Storage cost,2026-03-01 01:00:00,2026-03-01 02:00:00,1.7E-5,EUR,44844.0,bytes,goog-resource-type:REDACTED
000000-000000-000000,proj-anon,proj-anon,Cloud Composer,Cloud Composer 3 standard milli DCU-hours (europe-west1),2026-03-01 01:00:00,2026-03-01 02:00:00,0.012266,EUR,800530.0,seconds,goog-composer-cluster-name:REDACTED;goog-composer-image-version:cloud-composer-service-2025-10-28-rc0;goog-composer-location:europe-west1;goog-composer-namespace-name:REDACTED;goog-composer-pod-name:REDACTED;goog-terraform-provisioned:true;resource-type:composer;team:ml
000000-000000-000000,proj-anon,proj-anon,Secret Manager,Secret access operations,2026-03-01 01:00:00,2026-03-01 02:00:00,0.004134,EUR,1649.0,requests,
000000-000000-000000,proj-anon,proj-anon,Compute Engine,Balanced PD Capacity in Netherlands,2026-03-01 01:00:00,2026-03-01 02:00:00,0.002196,EUR,6.20622774272E13,byte-seconds,
000000-000000-000000,proj-anon,proj-anon,Compute Engine,Balanced PD Capacity,2026-03-01 01:00:00,2026-03-01 02:00:00,0.004992,EUR,1.55155693568E14,byte-seconds,
000000-000000-000000,proj-anon,proj-anon,Compute Engine,N2 Instance Ram running in Netherlands,2026-03-01 01:00:00,2026-03-01 02:00:00,0.018667,EUR,1.851130904576E13,byte-seconds,env:dev;goog-terraform-provisioned:true;scope:REDACTED
000000-000000-000000,proj-anon,proj-anon,Compute Engine,External IP Charge on a Standard VM,2026-03-01 01:00:00,2026-03-01 02:00:00,0.002502,EUR,2155.0,seconds,goog-ec-src:REDACTED
000000-000000-000000,proj-anon,proj-anon,Cloud Logging,Log Storage cost,2026-03-01 01:00:00,2026-03-01 02:00:00,1.16E-4,EUR,299330.0,bytes,goog-resource-type:REDACTED
000000-000000-000000,proj-anon,proj-anon,Compute Engine,SSD backed PD Capacity in Milan,2026-03-01 01:00:00,2026-03-01 02:00:00,0.006301,EUR,9.929964388352E13,byte-seconds,goog-gke-volume:REDACTED
000000-000000-000000,proj-anon,proj-anon,Cloud Composer,Cloud Composer 3 standard milli DCU-hours (europe-west1),2026-03-01 01:00:00,2026-03-01 02:00:00,0.043059,EUR,2810120.0,seconds,goog-composer-cluster-name:REDACTED;goog-composer-image-version:cloud-composer-service-2025-10-28-rc0;goog-composer-location:europe-west1;goog-composer-namespace-name:REDACTED;goog-composer-pod-name:REDACTED;goog-terraform-provisioned:true;resource-type:composer;team:ml
000000-000000-000000,proj-anon,proj-anon,Secret Manager,Secret version replica storage,2026-03-01 01:00:00,2026-03-01 02:00:00,0.001563,EUR,75425.0,seconds,
000000-000000-000000,proj-anon,proj-anon,Cloud Logging,Log Storage cost,2026-03-01 01:00:00,2026-03-01 02:00:00,1.99E-4,EUR,510318.0,bytes,goog-resource-type:REDACTED
000000-000000-000000,proj-anon,proj-anon,Cloud Run,Services Min Instance CPU (Request-based billing),2026-03-01 01:00:00,2026-03-01 02:00:00,0.013096,EUR,6267.620041,seconds,
000000-000000-000000,proj-anon,proj-anon,Kubernetes Engine,Regional Kubernetes Clusters,2026-03-01 01:00:00,2026-03-01 02:00:00,0.050031,EUR,2155.0,seconds,goog-gke-cluster-id-base32:REDACTED;goog-k8s-cluster-location:REDACTED;goog-k8s-cluster-name:REDACTED
000000-000000-000000,proj-anon,proj-anon,Cloud Run,Services Memory (Request-based billing),2026-03-01 01:00:00,2026-03-01 02:00:00,0.012219,EUR,6.280101180211201E12,byte-seconds,
000000-000000-000000,proj-anon,proj-anon,Cloud Run,Services Memory (Request-based billing),2026-03-01 01:00:00,2026-03-01 02:00:00,3.59E-4,EUR,1.8468359372799997E11,byte-seconds,
000000-000000-000000,proj-anon,proj-anon,Compute Engine,Storage Image,2026-03-01 01:00:00,2026-03-01 02:00:00,4.4E-5,EUR,2.71683118784E12,byte-seconds,cal-account:REDACTED;cal-activity:backup;cal-calid:REDACTED;cal-instanceid:REDACTED;cal-instancename:instance-anon;cal-last-tagged-at:REDACTED;cal-solinstid:REDACTED;cal-solution:REDACTED;cal-userid:REDACTED;cal-volumesnapshot:REDACTED;name:REDACTED
000000-000000-000000,proj-anon,proj-anon,Artifact Registry,Artifact Registry Storage,2026-03-01 01:00:00,2026-03-01 02:00:00,4.44E-4,EUR,1.381322645854E13,byte-seconds,goog-managed-by:REDACTED
000000-000000-000000,proj-anon,proj-anon,Workflows,Internal Steps,2026-03-01 01:00:00,2026-03-01 02:00:00,0.011032,EUR,1320.0,requests,
000000-000000-000000,proj-anon,proj-anon,Compute Engine,Spot Preemptible E2 Instance Ram running in EMEA,2026-03-01 01:00:00,2026-03-01 02:00:00,0.010286,EUR,3.702261809152E13,byte-seconds,goog-gke-cluster-id-base32:REDACTED;goog-gke-node:REDACTED;goog-gke-node-pool-provisioning-model:REDACTED;goog-k8s-cluster-location:REDACTED;goog-k8s-node-pool-name:REDACTED
000000-000000-000000,proj-anon,proj-anon,Cloud Logging,Log Storage cost,2026-03-01 01:00:00,2026-03-01 02:00:00,1.0E-6,EUR,1857.0,bytes,goog-resource-type:REDACTED
000000-000000-000000,proj-anon,proj-anon,BigQuery,Long Term Logical Storage (europe-west1),2026-03-01 01:00:00,2026-03-01 02:00:00,6.0E-5,EUR,1.8635129094144E13,byte-seconds,
000000-000000-000000,proj-anon,proj-anon,Cloud Document AI API,Number of hours a processor version has been deployed.,2026-03-01 01:00:00,2026-03-01 02:00:00,0.016774,EUR,1445.0,seconds,
000000-000000-000000,proj-anon,proj-anon,Compute Engine,Spot Preemptible E2 Instance Ram running in EMEA,2026-03-01 01:00:00,2026-03-01 02:00:00,0.006897,EUR,2.482491097088E13,byte-seconds,goog-gke-cluster-id-base32:REDACTED;goog-gke-node:REDACTED;goog-gke-node-pool-provisioning-model:REDACTED;goog-k8s-cluster-location:REDACTED;goog-k8s-node-pool-name:REDACTED
000000-000000-000000,proj-anon,proj-anon,Compute Engine,Storage PD Capacity,2026-03-01 01:00:00,2026-03-01 02:00:00,7.96E-4,EUR,6.20622774272E13,byte-seconds,
000000-000000-000000,proj-anon,proj-anon,Notebooks,Workbench Instances Storage for GCE usage - Balanced Persistent Disk in europe-west1,2026-03-01 01:00:00,2026-03-01 02:00:00,0.014976,EUR,3.8788923392E14,byte-seconds,consumer-project-id:REDACTED;consumer-project-number:REDACTED;notebooks-product:REDACTED;resource-name:REDACTED
000000-000000-000000,proj-anon,proj-anon,Cloud Logging,Log Storage cost,2026-03-01 01:00:00,2026-03-01 02:00:00,0.002183,EUR,5609235.0,bytes,goog-resource-type:REDACTED
000000-000000-000000,proj-anon,proj-anon,Cloud Logging,Log Storage cost,2026-03-01 01:00:00,2026-03-01 02:00:00,1.7E-5,EUR,42529.0,bytes,goog-resource-type:REDACTED
000000-000000-000000,proj-anon,proj-anon,Cloud Composer,Cloud Composer 3 standard milli DCU-hours (europe-west1),2026-03-01 01:00:00,2026-03-01 02:00:00,0.028873,EUR,1884280.0,seconds,goog-composer-cluster-name:REDACTED;goog-composer-image-version:cloud-composer-service-2025-10-28-rc0;goog-composer-location:europe-west1;goog-composer-namespace-name:REDACTED;goog-composer-pod-name:REDACTED;goog-terraform-provisioned:true;resource-type:composer;team:ml
000000-000000-000000,proj-anon,proj-anon,Cloud Logging,Log Storage cost,2026-03-01 01:00:00,2026-03-01 02:00:00,5.0E-6,EUR,12419.0,bytes,goog-resource-type:REDACTED
000000-000000-000000,proj-anon,proj-anon,Cloud SQL,Storage PD Snapshot,2026-03-01 01:00:00,2026-03-01 02:00:00,1.0E-6,EUR,3.7619712E10,byte-seconds,bigalloc-enabled:false;cloud_sql_backup_id:REDACTED;cloud_sql_bill_to:REDACTED;dg_storage_retention_plan_id:REDACTED;physical-block-size:4096
000000-000000-000000,proj-anon,proj-anon,Compute Engine,Storage Image,2026-03-01 01:00:00,2026-03-01 02:00:00,5.52E-4,EUR,3.431426236352E13,byte-seconds,cal-account:REDACTED;cal-activity:backup;cal-calid:REDACTED;cal-instanceid:REDACTED;cal-instancename:instance-anon;cal-last-tagged-at:REDACTED;cal-solinstid:REDACTED;cal-solution:REDACTED;cal-userid:REDACTED;cal-volumesnapshot:REDACTED;name:REDACTED
000000-000000-000000,proj-anon,proj-anon,Cloud Logging,Vended Logs Storage,2026-03-01 01:00:00,2026-03-01 02:00:00,9.0E-5,EUR,465749.0,bytes,goog-resource-type:REDACTED
000000-000000-000000,proj-anon,proj-anon,Cloud Logging,Log Storage cost,2026-03-01 01:00:00,2026-03-01 02:00:00,0.002633,EUR,6764089.0,bytes,goog-resource-type:REDACTED
000000-000000-000000,proj-anon,proj-anon,Compute Engine,Micro Instance with burstable CPU running in Americas,2026-03-01 01:00:00,2026-03-01 02:00:00,0.005099,EUR,2890.0,seconds,serverless-vpc-access:REDACTED
000000-000000-000000,proj-anon,proj-anon,Compute Engine,Spot Preemptible E2 Instance Core running in EMEA,2026-03-01 01:00:00,2026-03-01 02:00:00,0.006441,EUR,2890.0,seconds,goog-gke-cluster-id-base32:REDACTED;goog-gke-node:REDACTED;goog-gke-node-pool-provisioning-model:REDACTED;goog-k8s-cluster-location:REDACTED;goog-k8s-node-pool-name:REDACTED
000000-000000-000000,proj-anon,proj-anon,Workflows,Internal Steps,2026-03-01 01:00:00,2026-03-01 02:00:00,3.35E-4,EUR,40.0,requests,
000000-000000-000000,proj-anon,proj-anon,Cloud Logging,Log Storage cost,2026-03-01 01:00:00,2026-03-01 02:00:00,1.0E-6,EUR,2141.0,bytes,goog-resource-type:REDACTED
000000-000000-000000,proj-anon,proj-anon,Cloud Logging,Log Storage cost,2026-03-01 01:00:00,2026-03-01 02:00:00,7.0E-6,EUR,17163.0,bytes,goog-resource-type:REDACTED
000000-000000-000000,proj-anon,proj-anon,Cloud Logging,Log Storage cost,2026-03-01 01:00:00,2026-03-01 02:00:00,2.4E-5,EUR,61044.0,bytes,goog-resource-type:REDACTED
000000-000000-000000,proj-anon,proj-anon,Cloud Logging,Log Storage cost,2026-03-01 01:00:00,2026-03-01 02:00:00,1.0E-6,EUR,2282.0,bytes,goog-resource-type:REDACTED
000000-000000-000000,proj-anon,proj-anon,Cloud Monitoring,Metric Volume,2026-03-01 01:00:00,2026-03-01 02:00:00,0.009235,EUR,44912.0,bytes,goog-agent-metric-class:REDACTED;goog-metric-domain:REDACTED
000000-000000-000000,proj-anon,proj-anon,Compute Engine,Storage Image,2026-03-01 01:00:00,2026-03-01 02:00:00,3.73E-4,EUR,2.3123587669315E13,byte-seconds,cal-account:REDACTED;cal-activity:backup;cal-calid:REDACTED;cal-instanceid:REDACTED;cal-instancename:instance-anon;cal-last-tagged-at:REDACTED;cal-solinstid:REDACTED;cal-solution:REDACTED;cal-userid:REDACTED;cal-volumesnapshot:REDACTED;name:REDACTED
000000-000000-000000,proj-anon,proj-anon,Cloud Run,Services Min Instance Memory (Request-based billing),2026-03-01 01:00:00,2026-03-01 02:00:00,0.026192,EUR,1.3459611551745656E13,byte-seconds,
000000-000000-000000,proj-anon,proj-anon,Cloud Composer,Cloud Composer 3 database storage (europe-west1),2026-03-01 01:00:00,2026-03-01 02:00:00,1.8E-5,EUR,3.02337799787E11,byte-seconds,goog-terraform-provisioned:true;resource-type:composer;team:ml
000000-000000-000000,proj-anon,proj-anon,Artifact Registry,Artifact Registry Storage,2026-03-01 01:00:00,2026-03-01 02:00:00,4.0E-6,EUR,1.28731250067E11,byte-seconds,
000000-000000-000000,proj-anon,proj-anon,BigQuery,Active Logical Storage (europe-west1),2026-03-01 01:00:00,2026-03-01 02:00:00,1.91E-4,EUR,2.9660432826368E13,byte-seconds,goog-terraform-provisioned:true;resource-type:bigquery-dataset;team:ml
000000-000000-000000,proj-anon,proj-anon,Cloud Logging,Log Storage cost,2026-03-01 01:00:00,2026-03-01 02:00:00,1.9E-5,EUR,47745.0,bytes,goog-resource-type:REDACTED
000000-000000-000000,proj-anon,proj-anon,Cloud Logging,Vended Logs Storage,2026-03-01 01:00:00,2026-03-01 02:00:00,1.0E-6,EUR,9668.0,bytes,goog-resource-type:REDACTED
000000-000000-000000,proj-anon,proj-anon,Cloud Logging,Log Storage cost,2026-03-01 01:00:00,2026-03-01 02:00:00,2.26E-4,EUR,580712.0,bytes,goog-resource-type:REDACTED
000000-000000-000000,proj-anon,proj-anon,Artifact Registry,Artifact Registry Storage,2026-03-01 01:00:00,2026-03-01 02:00:00,6.4E-5,EUR,2.001235866708E12,byte-seconds,
000000-000000-000000,proj-anon,proj-anon,Cloud Logging,Log Storage cost,2026-03-01 01:00:00,2026-03-01 02:00:00,2.5E-5,EUR,65442.0,bytes,goog-resource-type:REDACTED
000000-000000-000000,proj-anon,proj-anon,Compute Engine,Storage PD Snapshot in US,2026-03-01 01:00:00,2026-03-01 02:00:00,4.8E-5,EUR,2.308676821309E12,byte-seconds,
000000-000000-000000,proj-anon,proj-anon,Compute Engine,External IP Charge on a Standard VM,2026-03-01 01:00:00,2026-03-01 02:00:00,0.010006,EUR,8620.0,seconds,goog-gke-cluster-id-base32:REDACTED;goog-gke-node:REDACTED;goog-gke-node-pool-provisioning-model:REDACTED;goog-k8s-cluster-location:REDACTED;goog-k8s-cluster-name:REDACTED;goog-k8s-namespace:REDACTED;goog-k8s-node-pool-name:REDACTED;k8s-namespace:REDACTED
000000-000000-000000,proj-anon,proj-anon,Cloud Logging,Vended Logs Storage,2026-03-01 01:00:00,2026-03-01 02:00:00,1.45E-4,EUR,752554.0,bytes,goog-resource-type:REDACTED
000000-000000-000000,proj-anon,proj-anon,Artifact Registry,Artifact Registry Storage,2026-03-01 01:00:00,2026-03-01 02:00:00,0.048716,EUR,1.514039693949821E15,byte-seconds,goog-managed-by:REDACTED
000000-000000-000000,proj-anon,proj-anon,Secret Manager,Secret access operations,2026-03-01 01:00:00,2026-03-01 02:00:00,0.003147,EUR,1255.0,requests,
000000-000000-000000,proj-anon,proj-anon,Compute Engine,External IP Charge on a Standard VM,2026-03-01 01:00:00,2026-03-01 02:00:00,0.002501,EUR,2155.0,seconds,env:bastion
000000-000000-000000,proj-anon,proj-anon,Compute Engine,SSD backed PD Capacity in Milan,2026-03-01 01:00:00,2026-03-01 02:00:00,0.009396,EUR,1.4809047236608E14,byte-seconds,goog-gke-volume:REDACTED
000000-000000-000000,proj-anon,proj-anon,Cloud Logging,Log Storage cost,2026-03-01 01:00:00,2026-03-01 02:00:00,3.27E-4,EUR,840096.0,bytes,goog-resource-type:REDACTED
000000-000000-000000,proj-anon,proj-anon,Compute Engine,External IP Charge on a Standard VM,2026-03-01 01:00:00,2026-03-01 02:00:00,0.001677,EUR,1445.0,seconds,env:bastion
000000-000000-000000,proj-anon,proj-anon,Cloud Logging,Log Storage cost,2026-03-01 01:00:00,2026-03-01 02:00:00,3.7E-5,EUR,95847.0,bytes,goog-resource-type:REDACTED
000000-000000-000000,proj-anon,proj-anon,Cloud Logging,Log Storage cost,2026-03-01 01:00:00,2026-03-01 02:00:00,3.16E-4,EUR,810136.0,bytes,goog-resource-type:REDACTED
000000-000000-000000,proj-anon,proj-anon,Compute Engine,Micro Instance with burstable CPU running in EMEA,2026-03-01 01:00:00,2026-03-01 02:00:00,0.00577,EUR,2890.0,seconds,serverless-vpc-access:REDACTED
000000-000000-000000,proj-anon,proj-anon,Compute Engine,N1 Predefined Instance Ram running in EMEA,2026-03-01 01:00:00,2026-03-01 02:00:00,0.005863,EUR,5.818202359543E12,byte-seconds,
000000-000000-000000,proj-anon,proj-anon,Compute Engine,Network Internet Data Transfer Out from EMEA to Middle East,2026-03-01 01:00:00,2026-03-01 02:00:00,2.0E-6,EUR,23980.0,bytes,
000000-000000-000000,proj-anon,proj-anon,Networking,Network Intelligence Center Internet to Google Cloud Performance Resource Hours,2026-03-01 01:00:00,2026-03-01 02:00:00,0.001336,EUR,2.0,requests,
000000-000000-000000,proj-anon,proj-anon,Cloud Logging,Log Storage cost,2026-03-01 01:00:00,2026-03-01 02:00:00,5.9E-5,EUR,151245.0,bytes,goog-resource-type:REDACTED
000000-000000-000000,proj-anon,proj-anon,Vertex AI,Vertex AI: Online/Batch Prediction N1 Predefined Instance Core running in Americas for AI Platform,2026-03-01 01:00:00,2026-03-01 02:00:00,0.050314,EUR,6020.0,seconds,
000000-000000-000000,proj-anon,proj-anon,Cloud Monitoring,Metric Volume,2026-03-01 01:00:00,2026-03-01 02:00:00,0.001861,EUR,9052.0,bytes,goog-agent-metric-class:REDACTED;goog-metric-domain:REDACTED
000000-000000-000000,proj-anon,proj-anon,BigQuery,Active Logical Storage (europe-west1),2026-03-01 01:00:00,2026-03-01 02:00:00,0.00172,EUR,2.6734287650816E14,byte-seconds,resource-type:bigquery-dataset;team:ml
000000-000000-000000,proj-anon,proj-anon,Networking,Network Intelligence Center Internet to Google Cloud Performance Resource Hours,2026-03-01 01:00:00,2026-03-01 02:00:00,0.001337,EUR,2.0,requests,
000000-000000-000000,proj-anon,proj-anon,Cloud Logging,Log Storage cost,2026-03-01 01:00:00,2026-03-01 02:00:00,2.0E-6,EUR,5165.0,bytes,goog-resource-type:REDACTED
000000-000000-000000,proj-anon,proj-anon,Compute Engine,Licensing Fee for Red Hat Enterprise Linux 8 on VM with up to 8 VCPU,2026-03-01 01:00:00,2026-03-01 02:00:00,0.019323,EUR,5780.0,seconds,goog-ops-agent-policy:REDACTED
000000-000000-000000,proj-anon,proj-anon,Secret Manager,Secret access operations,2026-03-01 01:00:00,2026-03-01 02:00:00,5.7E-4,EUR,227.0,requests,
000000-000000-000000,proj-anon,proj-anon,Compute Engine,Storage PD Capacity,2026-03-01 01:00:00,2026-03-01 02:00:00,4.0E-5,EUR,3.10311387136E12,byte-seconds,goog-composer-environment:REDACTED;goog-composer-environment-uuid:REDACTED;goog-composer-location:europe-west1;goog-composer-version:REDACTED;goog-gke-cluster-id-base32:REDACTED;goog-gke-volume:REDACTED;goog-k8s-cluster-location:REDACTED;goog-k8s-node-pool-name:REDACTED
000000-000000-000000,proj-anon,proj-anon,Cloud Logging,Log Storage cost,2026-03-01 01:00:00,2026-03-01 02:00:00,3.0E-6,EUR,8291.0,bytes,goog-resource-type:REDACTED
000000-000000-000000,proj-anon,proj-anon,Cloud Logging,Log Storage cost,2026-03-01 01:00:00,2026-03-01 02:00:00,3.0E-6,EUR,6823.0,bytes,goog-resource-type:REDACTED
